model,product,feature,importance_mean,importance_std,method
HGB|class_weight,RG3,Mold_Temperature_4,0.0104371121768085,0.0221891560894692,"permutation_importance(PR-AUC 감소, test fold, 5-fold×10 평균)"
HGB|class_weight,RG3,Mold_Temperature_3,0.0063891772152191,0.0117138637212579,"permutation_importance(PR-AUC 감소, test fold, 5-fold×10 평균)"
HGB|class_weight,RG3,Barrel_Temperature_4,0.0047081114104762,0.0367981530762376,"permutation_importance(PR-AUC 감소, test fold, 5-fold×10 평균)"
HGB|class_weight,RG3,Barrel_Temperature_5,0.004417073371109,0.0338218267584961,"permutation_importance(PR-AUC 감소, test fold, 5-fold×10 평균)"
HGB|class_weight,RG3,Clamp_Close_Time,0.0027214165979847,0.0074706744609399,"permutation_importance(PR-AUC 감소, test fold, 5-fold×10 평균)"
HGB|class_weight,RG3,Hopper_Temperature,0.0026123021201329,0.0268563011225575,"permutation_importance(PR-AUC 감소, test fold, 5-fold×10 평균)"
HGB|class_weight,RG3,Max_Injection_Speed,0.0009266027245264,0.028047354116964,"permutation_importance(PR-AUC 감소, test fold, 5-fold×10 평균)"
HGB|class_weight,RG3,Barrel_Temperature_6,0.0008688282857263,0.0163645133038217,"permutation_importance(PR-AUC 감소, test fold, 5-fold×10 평균)"
HGB|class_weight,RG3,Cycle_Time,0.0005430176561914,0.014387192687205,"permutation_importance(PR-AUC 감소, test fold, 5-fold×10 평균)"
HGB|class_weight,RG3,Average_Back_Pressure,0.0004254700495376,0.0212663838788375,"permutation_importance(PR-AUC 감소, test fold, 5-fold×10 평균)"
HGB|class_weight,RG3,Max_Screw_RPM,5.386318067973799e-05,0.0073125950206757,"permutation_importance(PR-AUC 감소, test fold, 5-fold×10 평균)"
HGB|class_weight,RG3,Clamp_Open_Position,0.0,0.0,"permutation_importance(PR-AUC 감소, test fold, 5-fold×10 평균)"
HGB|class_weight,RG3,Injection_Time,0.0,0.0,"permutation_importance(PR-AUC 감소, test fold, 5-fold×10 평균)"
HGB|class_weight,RG3,Filling_Time,-0.0002185600646231,0.0014730873090574,"permutation_importance(PR-AUC 감소, test fold, 5-fold×10 평균)"
HGB|class_weight,RG3,Average_Screw_RPM,-0.001474498300655,0.0051274962357634,"permutation_importance(PR-AUC 감소, test fold, 5-fold×10 평균)"
HGB|class_weight,RG3,Plasticizing_Time,-0.0029350031209097,0.0242659523129678,"permutation_importance(PR-AUC 감소, test fold, 5-fold×10 평균)"
HGB|class_weight,RG3,Max_Back_Pressure,-0.0031937727923276,0.0144168414630037,"permutation_importance(PR-AUC 감소, test fold, 5-fold×10 평균)"
HGB|class_weight,RG3,Cushion_Position,-0.0035841406627009,0.0135837938919181,"permutation_importance(PR-AUC 감소, test fold, 5-fold×10 평균)"
HGB|class_weight,RG3,Barrel_Temperature_3,-0.003713261664939,0.03363789763548,"permutation_importance(PR-AUC 감소, test fold, 5-fold×10 평균)"
HGB|class_weight,RG3,Plasticizing_Position,-0.0053744601312861,0.0214769264076409,"permutation_importance(PR-AUC 감소, test fold, 5-fold×10 평균)"
HGB|class_weight,RG3,Max_Injection_Pressure,-0.0062584527385991,0.0163117729006584,"permutation_importance(PR-AUC 감소, test fold, 5-fold×10 평균)"
HGB|class_weight,RG3,Max_Switch_Over_Pressure,-0.0066996362923798,0.024233344908201,"permutation_importance(PR-AUC 감소, test fold, 5-fold×10 평균)"
HGB|class_weight,RG3,Barrel_Temperature_2,-0.0102970270414101,0.038281007065317,"permutation_importance(PR-AUC 감소, test fold, 5-fold×10 평균)"
HGB|class_weight,RG3,Barrel_Temperature_1,-0.0169969395769808,0.0395589572687807,"permutation_importance(PR-AUC 감소, test fold, 5-fold×10 평균)"
LogReg|class_weight,RG3,Max_Screw_RPM,0.0005033788171282,0.0042382076286786,"permutation_importance(PR-AUC 감소, test fold, 5-fold×10 평균)"
LogReg|class_weight,RG3,Barrel_Temperature_3,0.0003951182615439,0.0044340611235187,"permutation_importance(PR-AUC 감소, test fold, 5-fold×10 평균)"
LogReg|class_weight,RG3,Plasticizing_Position,3.123005909006181e-05,0.0066364958488134,"permutation_importance(PR-AUC 감소, test fold, 5-fold×10 평균)"
LogReg|class_weight,RG3,Clamp_Open_Position,0.0,0.0,"permutation_importance(PR-AUC 감소, test fold, 5-fold×10 평균)"
LogReg|class_weight,RG3,Injection_Time,-0.0003330926760464,0.0016649898587236,"permutation_importance(PR-AUC 감소, test fold, 5-fold×10 평균)"
LogReg|class_weight,RG3,Barrel_Temperature_2,-0.0006709019580089,0.0034219691632797,"permutation_importance(PR-AUC 감소, test fold, 5-fold×10 평균)"
LogReg|class_weight,RG3,Clamp_Close_Time,-0.0007930437336842,0.0048943758716941,"permutation_importance(PR-AUC 감소, test fold, 5-fold×10 평균)"
LogReg|class_weight,RG3,Hopper_Temperature,-0.000887834272667,0.0034408061692799,"permutation_importance(PR-AUC 감소, test fold, 5-fold×10 평균)"
LogReg|class_weight,RG3,Plasticizing_Time,-0.0015942643257454,0.0104799628869185,"permutation_importance(PR-AUC 감소, test fold, 5-fold×10 평균)"
LogReg|class_weight,RG3,Barrel_Temperature_4,-0.0017321104218795,0.0052043877683137,"permutation_importance(PR-AUC 감소, test fold, 5-fold×10 평균)"
LogReg|class_weight,RG3,Barrel_Temperature_6,-0.0020390399230133,0.0048052987236658,"permutation_importance(PR-AUC 감소, test fold, 5-fold×10 평균)"
LogReg|class_weight,RG3,Max_Injection_Speed,-0.0020664808571324,0.006944457690838,"permutation_importance(PR-AUC 감소, test fold, 5-fold×10 평균)"
LogReg|class_weight,RG3,Barrel_Temperature_1,-0.0023798636632913,0.005621021966462,"permutation_importance(PR-AUC 감소, test fold, 5-fold×10 평균)"
LogReg|class_weight,RG3,Cycle_Time,-0.0026878779046414,0.0106102304896682,"permutation_importance(PR-AUC 감소, test fold, 5-fold×10 평균)"
LogReg|class_weight,RG3,Barrel_Temperature_5,-0.0027305397235069,0.0189793582146895,"permutation_importance(PR-AUC 감소, test fold, 5-fold×10 평균)"
LogReg|class_weight,RG3,Mold_Temperature_3,-0.003624121980209,0.0093040872064868,"permutation_importance(PR-AUC 감소, test fold, 5-fold×10 평균)"
LogReg|class_weight,RG3,Filling_Time,-0.003818960211138,0.0072053806498985,"permutation_importance(PR-AUC 감소, test fold, 5-fold×10 평균)"
LogReg|class_weight,RG3,Max_Switch_Over_Pressure,-0.0040014548602131,0.0131346494393261,"permutation_importance(PR-AUC 감소, test fold, 5-fold×10 평균)"
LogReg|class_weight,RG3,Cushion_Position,-0.0047095351307613,0.0095496908823039,"permutation_importance(PR-AUC 감소, test fold, 5-fold×10 평균)"
LogReg|class_weight,RG3,Max_Injection_Pressure,-0.0047919189409651,0.0120577190978346,"permutation_importance(PR-AUC 감소, test fold, 5-fold×10 평균)"
LogReg|class_weight,RG3,Average_Screw_RPM,-0.0086867052144556,0.0177937068415549,"permutation_importance(PR-AUC 감소, test fold, 5-fold×10 평균)"
LogReg|class_weight,RG3,Max_Back_Pressure,-0.0094657847852873,0.024715837207947,"permutation_importance(PR-AUC 감소, test fold, 5-fold×10 평균)"
LogReg|class_weight,RG3,Mold_Temperature_4,-0.011306285469955,0.0211610942238373,"permutation_importance(PR-AUC 감소, test fold, 5-fold×10 평균)"
LogReg|class_weight,RG3,Average_Back_Pressure,-0.0116650327725646,0.0233322468366294,"permutation_importance(PR-AUC 감소, test fold, 5-fold×10 평균)"
RF|class_weight,RG3,Mold_Temperature_4,0.0135439843129868,0.0362941815419136,"permutation_importance(PR-AUC 감소, test fold, 5-fold×10 평균)"
RF|class_weight,RG3,Mold_Temperature_3,0.013522915163313,0.0326413466416942,"permutation_importance(PR-AUC 감소, test fold, 5-fold×10 평균)"
RF|class_weight,RG3,Max_Injection_Speed,0.0096978544157995,0.0355206770355301,"permutation_importance(PR-AUC 감소, test fold, 5-fold×10 평균)"
RF|class_weight,RG3,Clamp_Close_Time,0.008798945394126,0.0262345870686628,"permutation_importance(PR-AUC 감소, test fold, 5-fold×10 평균)"
RF|class_weight,RG3,Max_Back_Pressure,0.0054282265171299,0.0224780997922459,"permutation_importance(PR-AUC 감소, test fold, 5-fold×10 평균)"
RF|class_weight,RG3,Cycle_Time,0.0047187375887168,0.0247758557720619,"permutation_importance(PR-AUC 감소, test fold, 5-fold×10 평균)"
RF|class_weight,RG3,Barrel_Temperature_4,0.0045049086773573,0.0217526808712385,"permutation_importance(PR-AUC 감소, test fold, 5-fold×10 평균)"
RF|class_weight,RG3,Plasticizing_Time,0.0031011568921331,0.0315938411949947,"permutation_importance(PR-AUC 감소, test fold, 5-fold×10 평균)"
RF|class_weight,RG3,Max_Screw_RPM,0.0029502587272344,0.0253299717637743,"permutation_importance(PR-AUC 감소, test fold, 5-fold×10 평균)"
RF|class_weight,RG3,Average_Back_Pressure,0.002256421875222,0.0241209915240877,"permutation_importance(PR-AUC 감소, test fold, 5-fold×10 평균)"
RF|class_weight,RG3,Hopper_Temperature,0.0021610073757115,0.046339054085332,"permutation_importance(PR-AUC 감소, test fold, 5-fold×10 평균)"
RF|class_weight,RG3,Filling_Time,0.0018098400257809,0.0146323118042566,"permutation_importance(PR-AUC 감소, test fold, 5-fold×10 평균)"
RF|class_weight,RG3,Cushion_Position,0.0014779137947523,0.0190347040221275,"permutation_importance(PR-AUC 감소, test fold, 5-fold×10 평균)"
RF|class_weight,RG3,Barrel_Temperature_5,0.0011565793856127,0.0301940882082788,"permutation_importance(PR-AUC 감소, test fold, 5-fold×10 평균)"
RF|class_weight,RG3,Barrel_Temperature_6,0.0006717098618434,0.0251090578806958,"permutation_importance(PR-AUC 감소, test fold, 5-fold×10 평균)"
RF|class_weight,RG3,Clamp_Open_Position,0.0,0.0,"permutation_importance(PR-AUC 감소, test fold, 5-fold×10 평균)"
RF|class_weight,RG3,Injection_Time,-8.281573498966355e-07,5.855956780012911e-06,"permutation_importance(PR-AUC 감소, test fold, 5-fold×10 평균)"
RF|class_weight,RG3,Average_Screw_RPM,-0.0011483472043533,0.0096789093747791,"permutation_importance(PR-AUC 감소, test fold, 5-fold×10 평균)"
RF|class_weight,RG3,Barrel_Temperature_3,-0.0026620843945392,0.0463565309876963,"permutation_importance(PR-AUC 감소, test fold, 5-fold×10 평균)"
RF|class_weight,RG3,Barrel_Temperature_2,-0.0027520899142671,0.0286580752082212,"permutation_importance(PR-AUC 감소, test fold, 5-fold×10 평균)"
RF|class_weight,RG3,Plasticizing_Position,-0.0040055260398627,0.033233698944306,"permutation_importance(PR-AUC 감소, test fold, 5-fold×10 평균)"
RF|class_weight,RG3,Max_Switch_Over_Pressure,-0.0061576992696842,0.0302857642289964,"permutation_importance(PR-AUC 감소, test fold, 5-fold×10 평균)"
RF|class_weight,RG3,Barrel_Temperature_1,-0.0071922446724518,0.0241834092004262,"permutation_importance(PR-AUC 감소, test fold, 5-fold×10 평균)"
RF|class_weight,RG3,Max_Injection_Pressure,-0.0096393175946103,0.0198866366952843,"permutation_importance(PR-AUC 감소, test fold, 5-fold×10 평균)"
HGB|class_weight,RG3,Barrel_Temperature_3,0.6072088754331496,0.15248287040986308,"SHAP mean|value| (전체 데이터 학습, log-odds; std = 50개 fold 모델 간)"
HGB|class_weight,RG3,Barrel_Temperature_5,0.5504519999495128,0.17923994991453915,"SHAP mean|value| (전체 데이터 학습, log-odds; std = 50개 fold 모델 간)"
HGB|class_weight,RG3,Plasticizing_Time,0.4841811289880058,0.11446213772869952,"SHAP mean|value| (전체 데이터 학습, log-odds; std = 50개 fold 모델 간)"
HGB|class_weight,RG3,Hopper_Temperature,0.43570928083020266,0.18403147254605662,"SHAP mean|value| (전체 데이터 학습, log-odds; std = 50개 fold 모델 간)"
HGB|class_weight,RG3,Mold_Temperature_4,0.3649430103477291,0.12131674383083013,"SHAP mean|value| (전체 데이터 학습, log-odds; std = 50개 fold 모델 간)"
HGB|class_weight,RG3,Barrel_Temperature_4,0.34157317952621186,0.11469329589789996,"SHAP mean|value| (전체 데이터 학습, log-odds; std = 50개 fold 모델 간)"
HGB|class_weight,RG3,Average_Back_Pressure,0.32025569585972385,0.11557134794257486,"SHAP mean|value| (전체 데이터 학습, log-odds; std = 50개 fold 모델 간)"
HGB|class_weight,RG3,Mold_Temperature_3,0.278911233766505,0.10532297763251389,"SHAP mean|value| (전체 데이터 학습, log-odds; std = 50개 fold 모델 간)"
HGB|class_weight,RG3,Max_Injection_Speed,0.20064346145542733,0.11871990681415782,"SHAP mean|value| (전체 데이터 학습, log-odds; std = 50개 fold 모델 간)"
HGB|class_weight,RG3,Barrel_Temperature_2,0.16532033471553415,0.10990640337374322,"SHAP mean|value| (전체 데이터 학습, log-odds; std = 50개 fold 모델 간)"
HGB|class_weight,RG3,Cycle_Time,0.15751624794008862,0.11035632768290479,"SHAP mean|value| (전체 데이터 학습, log-odds; std = 50개 fold 모델 간)"
HGB|class_weight,RG3,Barrel_Temperature_6,0.13956810269903883,0.17163865235151926,"SHAP mean|value| (전체 데이터 학습, log-odds; std = 50개 fold 모델 간)"
HGB|class_weight,RG3,Clamp_Close_Time,0.11047649990050319,0.08877179647529963,"SHAP mean|value| (전체 데이터 학습, log-odds; std = 50개 fold 모델 간)"
HGB|class_weight,RG3,Max_Switch_Over_Pressure,0.09512379454995988,0.1103842758609992,"SHAP mean|value| (전체 데이터 학습, log-odds; std = 50개 fold 모델 간)"
HGB|class_weight,RG3,Plasticizing_Position,0.09421748714500987,0.11536537864767324,"SHAP mean|value| (전체 데이터 학습, log-odds; std = 50개 fold 모델 간)"
HGB|class_weight,RG3,Barrel_Temperature_1,0.08350720468958164,0.09175208791972707,"SHAP mean|value| (전체 데이터 학습, log-odds; std = 50개 fold 모델 간)"
HGB|class_weight,RG3,Max_Back_Pressure,0.08285741901560244,0.0701789603768042,"SHAP mean|value| (전체 데이터 학습, log-odds; std = 50개 fold 모델 간)"
HGB|class_weight,RG3,Max_Screw_RPM,0.08106365857652267,0.09260812803411847,"SHAP mean|value| (전체 데이터 학습, log-odds; std = 50개 fold 모델 간)"
HGB|class_weight,RG3,Average_Screw_RPM,0.02902755677094775,0.07354656031599033,"SHAP mean|value| (전체 데이터 학습, log-odds; std = 50개 fold 모델 간)"
HGB|class_weight,RG3,Max_Injection_Pressure,0.024844546467311147,0.08296442988970723,"SHAP mean|value| (전체 데이터 학습, log-odds; std = 50개 fold 모델 간)"
HGB|class_weight,RG3,Cushion_Position,0.015400414875338457,0.07627409028231641,"SHAP mean|value| (전체 데이터 학습, log-odds; std = 50개 fold 모델 간)"
HGB|class_weight,RG3,Injection_Time,0.0,0.0,"SHAP mean|value| (전체 데이터 학습, log-odds; std = 50개 fold 모델 간)"
HGB|class_weight,RG3,Filling_Time,0.0,0.02206133129574725,"SHAP mean|value| (전체 데이터 학습, log-odds; std = 50개 fold 모델 간)"
