candidate,fold,inner_prauc,prauc,roc_auc,recall_at_20
LogReg L2 C=0.01 [S0],0,0.03657798037721688,0.08207613188816196,0.6736842105263158,0.4
LogReg L2 C=0.1 [S0],0,0.04358466266387758,0.07568055292624612,0.656140350877193,0.4
LogReg L2 C=1 [S0],0,0.04536652032972703,0.08184192291543717,0.6543859649122807,0.4
LogReg L1 C=0.05 [S0],0,0.055571729585379294,0.06834224598930481,0.65,0.2
LogReg L1 C=0.3 [S0],0,0.050145426759014136,0.0740452016960361,0.6543859649122807,0.4
RF leaf=1 [S0],0,0.0347153902540832,0.11034672874295516,0.6728070175438596,0.4
RF leaf=5 [S0],0,0.034754998307910984,0.07037925078651551,0.6157894736842106,0.2
RF leaf=20 [S0],0,0.030493420272070366,0.07611294446147107,0.6473684210526316,0.2
RF 균형배깅 (subsample 30%) [S0],0,0.0322533773619923,0.1466187891745701,0.6614035087719298,0.4
ExtraTrees leaf=5 [S0],0,0.032180040758147135,0.05472893316728934,0.5719298245614035,0.0
HGB d=2 lr=.05 it=100 [S0],0,0.043824002922263045,0.04674240933831726,0.47368421052631576,0.2
HGB d=3 lr=.05 it=200 [S0],0,0.04200525521804237,0.08847331240188383,0.5929824561403509,0.4
HGB d=2 강한 규제 [S0],0,0.038376524753200345,0.04686971801522885,0.47456140350877196,0.0
SVM RBF [S0],0,0.046996078932343484,0.03610901864196035,0.30526315789473685,0.0
kNN k=15 [S0],0,0.041687370027225196,0.04947478991596639,0.4456140350877193,0.2
Naive Bayes [S0],0,0.03330858592514113,0.04411477262028058,0.4403508771929825,0.0
LogReg L2 C=0.1 [S2],0,0.031175089676556276,0.08450847963305219,0.612280701754386,0.4
RF leaf=5 [S2],0,0.029072155014989783,0.04561709657720783,0.48070175438596496,0.0
HGB d=2 강한 규제 [S2],0,0.030734540552345653,0.05714045916133202,0.5263157894736842,0.2
LogReg L2 C=0.1 [S3],0,0.03305881347160226,0.09173234811165845,0.6245614035087719,0.4
RF leaf=5 [S3],0,0.03185537865334206,0.06152763781097723,0.5614035087719299,0.2
HGB d=2 강한 규제 [S3],0,0.03658028377953705,0.07600946443264574,0.5842105263157895,0.4
LogReg L2 C=0.01 [S0],1,0.0503487569240257,0.03099529847920585,0.21946902654867254,0.0
LogReg L2 C=0.1 [S0],1,0.04829284728473939,0.033971908962421034,0.2814159292035398,0.0
LogReg L2 C=1 [S0],1,0.04710427242162484,0.03435471300527587,0.2920353982300885,0.0
LogReg L1 C=0.05 [S0],1,0.040113930273719935,0.030627513493834167,0.20530973451327433,0.0
LogReg L1 C=0.3 [S0],1,0.051042909248890524,0.03254062852624474,0.2566371681415929,0.0
RF leaf=1 [S0],1,0.05448267841559862,0.038233443096066945,0.24690265486725665,0.2
RF leaf=5 [S0],1,0.04622903307958115,0.03319294581229403,0.2353982300884956,0.0
RF leaf=20 [S0],1,0.04580369633541149,0.031168908423072527,0.1946902654867257,0.0
RF 균형배깅 (subsample 30%) [S0],1,0.037753268792521555,0.03144323453755641,0.2265486725663717,0.0
ExtraTrees leaf=5 [S0],1,0.04804606813120095,0.030728310988996844,0.20707964601769915,0.0
HGB d=2 lr=.05 it=100 [S0],1,0.05882103965747146,0.03341453335258645,0.20530973451327433,0.2
HGB d=3 lr=.05 it=200 [S0],1,0.06268337718628873,0.03981924422192977,0.23893805309734514,0.2
HGB d=2 강한 규제 [S0],1,0.05061179965358738,0.03769498991243968,0.24955752212389382,0.2
SVM RBF [S0],1,0.06064143860401061,0.03517173468709471,0.30442477876106194,0.0
kNN k=15 [S0],1,0.05806750030311354,0.06039009954264192,0.5699115044247788,0.4
Naive Bayes [S0],1,0.04650564766199296,0.028328991120753134,0.12743362831858407,0.0
LogReg L2 C=0.1 [S2],1,0.0482711946486567,0.033313743844026425,0.26371681415929205,0.0
RF leaf=5 [S2],1,0.05026131753364635,0.02780036402977669,0.11327433628318584,0.0
HGB d=2 강한 규제 [S2],1,0.04267058578599074,0.029325429685912556,0.17345132743362832,0.0
LogReg L2 C=0.1 [S3],1,0.0491602402576304,0.03674886555412679,0.3398230088495575,0.0
RF leaf=5 [S3],1,0.04848966001275845,0.029082602919910074,0.1398230088495575,0.0
HGB d=2 강한 규제 [S3],1,0.04136389982900209,0.032355622760928585,0.25486725663716814,0.0
LogReg L2 C=0.01 [S0],2,0.037634093607472996,0.03254306732209298,0.26017699115044246,0.0
LogReg L2 C=0.1 [S0],2,0.040381908592877144,0.03313148326826881,0.2601769911504425,0.0
LogReg L2 C=1 [S0],2,0.0410638214174187,0.03632703694402004,0.27433628318584075,0.2
LogReg L1 C=0.05 [S0],2,0.06375632065813579,0.03568387636293886,0.35132743362831864,0.0
LogReg L1 C=0.3 [S0],2,0.042086963569624575,0.032583665757834473,0.2513274336283186,0.0
RF leaf=1 [S0],2,0.0404825120796775,0.043221678240933696,0.45309734513274336,0.0
RF leaf=5 [S0],2,0.038758260432045166,0.03593635180032484,0.31150442477876106,0.0
RF leaf=20 [S0],2,0.04302463248764178,0.032071006199759416,0.24424778761061947,0.0
RF 균형배깅 (subsample 30%) [S0],2,0.04063570671378672,0.03092414204135494,0.21061946902654868,0.0
ExtraTrees leaf=5 [S0],2,0.04082945209602632,0.03297744588295949,0.26017699115044246,0.0
HGB d=2 lr=.05 it=100 [S0],2,0.04324972933352693,0.05390752783005294,0.5451327433628319,0.0
HGB d=3 lr=.05 it=200 [S0],2,0.044432671968025875,0.056563633253506676,0.5769911504424778,0.0
HGB d=2 강한 규제 [S0],2,0.043781430046362625,0.0386434478050952,0.37168141592920356,0.0
SVM RBF [S0],2,0.03234640276063907,0.041205153110332994,0.42123893805309737,0.0
kNN k=15 [S0],2,0.04507602371289923,0.043293238563878254,0.46194690265486726,0.0
Naive Bayes [S0],2,0.038777622508381224,0.04050104322482975,0.4070796460176991,0.0
LogReg L2 C=0.1 [S2],2,0.04072461586747151,0.033077790602062444,0.2743362831858407,0.0
RF leaf=5 [S2],2,0.035783088325519276,0.030966609483034823,0.2106194690265487,0.0
HGB d=2 강한 규제 [S2],2,0.03280513178699149,0.03926828311303751,0.3787610619469027,0.0
LogReg L2 C=0.1 [S3],2,0.045535727542551085,0.039618744171003396,0.3805309734513274,0.0
RF leaf=5 [S3],2,0.03381836675616423,0.03220359244949409,0.25132743362831855,0.0
HGB d=2 강한 규제 [S3],2,0.03330896390901157,0.03764876089606954,0.30796460176991153,0.2
LogReg L2 C=0.01 [S0],3,0.03180720894444519,0.036740122162059165,0.34690265486725663,0.0
LogReg L2 C=0.1 [S0],3,0.03282212763850839,0.03797052706052578,0.368141592920354,0.0
LogReg L2 C=1 [S0],3,0.03330544651066871,0.038280445359794996,0.3752212389380531,0.0
LogReg L1 C=0.05 [S0],3,0.03612060717602246,0.042953977056938195,0.4283185840707964,0.0
LogReg L1 C=0.3 [S0],3,0.033034655568788165,0.038134318579542886,0.3699115044247787,0.0
RF leaf=1 [S0],3,0.040435598707539475,0.06147897146126887,0.5513274336283186,0.2
RF leaf=5 [S0],3,0.0358648832918685,0.06073007578046772,0.4814159292035398,0.2
RF leaf=20 [S0],3,0.035068262726855134,0.03838211931521791,0.30973451327433627,0.2
RF 균형배깅 (subsample 30%) [S0],3,0.03303114373219837,0.10630576541418589,0.49734513274336284,0.2
ExtraTrees leaf=5 [S0],3,0.03214678910447529,0.03611232441690205,0.3168141592920354,0.0
HGB d=2 lr=.05 it=100 [S0],3,0.03443867325015145,0.07558491323218865,0.5106194690265486,0.2
HGB d=3 lr=.05 it=200 [S0],3,0.035641405209477485,0.24579373927200016,0.5132743362831859,0.4
HGB d=2 강한 규제 [S0],3,0.033941390666444374,0.09733908067241401,0.5752212389380531,0.2
SVM RBF [S0],3,0.05657502965941623,0.04379251726029887,0.3858407079646018,0.2
kNN k=15 [S0],3,0.03493622313522708,0.04423453962437013,0.45221238938053093,0.0
Naive Bayes [S0],3,0.03253086860145463,0.05508647480358262,0.4123893805309735,0.2
LogReg L2 C=0.1 [S2],3,0.03199452568231466,0.048305303676147666,0.4902654867256637,0.2
RF leaf=5 [S2],3,0.03103444315774049,0.06264645433064273,0.5610619469026549,0.4
HGB d=2 강한 규제 [S2],3,0.03146039576194494,0.08732254047322541,0.5893805309734513,0.4
LogReg L2 C=0.1 [S3],3,0.03708465215534838,0.03779094205163713,0.36283185840707965,0.0
RF leaf=5 [S3],3,0.03372979747078899,0.06430850076909725,0.5504424778761061,0.2
HGB d=2 강한 규제 [S3],3,0.03954408752965982,0.0708974358974359,0.6353982300884956,0.2
LogReg L2 C=0.01 [S0],4,0.048166056141260016,0.06335276178575147,0.46371681415929206,0.2
LogReg L2 C=0.1 [S0],4,0.046478060160493474,0.060639500686229655,0.5044247787610621,0.4
LogReg L2 C=1 [S0],4,0.041312883544669235,0.05833676427640343,0.5274336283185841,0.2
LogReg L1 C=0.05 [S0],4,0.05927183685945564,0.0707311855559834,0.5345132743362832,0.2
LogReg L1 C=0.3 [S0],4,0.04710943768451151,0.0627129597415731,0.49911504424778763,0.4
RF leaf=1 [S0],4,0.06885699829067503,0.03936861225929458,0.4026548672566372,0.0
RF leaf=5 [S0],4,0.054796904503189026,0.04550184249926713,0.44601769911504424,0.0
RF leaf=20 [S0],4,0.05986459444018406,0.03545555965724032,0.29911504424778756,0.0
RF 균형배깅 (subsample 30%) [S0],4,0.052222029108263374,0.0835092486798629,0.44424778761061945,0.4
ExtraTrees leaf=5 [S0],4,0.05074185122429878,0.05031261404935023,0.39646017699115044,0.2
HGB d=2 lr=.05 it=100 [S0],4,0.060615286631669846,0.03846637877407447,0.3769911504424779,0.0
HGB d=3 lr=.05 it=200 [S0],4,0.07323169594887471,0.04220089334870428,0.4336283185840708,0.0
HGB d=2 강한 규제 [S0],4,0.0593510385172381,0.03844112329162163,0.3769911504424779,0.0
SVM RBF [S0],4,0.038660650652708406,0.06695339954163484,0.4353982300884956,0.2
kNN k=15 [S0],4,0.04366376243663349,0.048809027639952894,0.49911504424778763,0.2
Naive Bayes [S0],4,0.05023525137173898,0.04549437551082003,0.3787610619469027,0.2
LogReg L2 C=0.1 [S2],4,0.04741658159875177,0.06392983875954528,0.4902654867256637,0.2
RF leaf=5 [S2],4,0.04965386331678564,0.038983411169434476,0.3787610619469026,0.0
HGB d=2 강한 규제 [S2],4,0.06302420505397557,0.034781093093843696,0.3008849557522124,0.0
LogReg L2 C=0.1 [S3],4,0.04394564223652636,0.06711706618423036,0.5628318584070797,0.2
RF leaf=5 [S3],4,0.04863762961740092,0.04154384908293264,0.40530973451327434,0.0
HGB d=2 강한 규제 [S3],4,0.04937542845852154,0.04065196148529482,0.4035398230088496,0.0
LogReg L2 C=0.01 [S0],5,0.05653614631015486,0.0619896517763622,0.5140350877192983,0.4
LogReg L2 C=0.1 [S0],5,0.056954381277938615,0.0721236146632566,0.5824561403508772,0.4
LogReg L2 C=1 [S0],5,0.049921363871728214,0.07716845358833188,0.6192982456140351,0.4
LogReg L1 C=0.05 [S0],5,0.04343757526613811,0.08605268944891586,0.5807017543859649,0.4
LogReg L1 C=0.3 [S0],5,0.05221452322293575,0.07270150888675779,0.5859649122807018,0.4
RF leaf=1 [S0],5,0.052229631168749534,0.32451851851851854,0.47807017543859653,0.4
RF leaf=5 [S0],5,0.04768016123869025,0.1184626235188033,0.5228070175438597,0.4
RF leaf=20 [S0],5,0.03908646093380632,0.25153402153402155,0.45438596491228067,0.4
RF 균형배깅 (subsample 30%) [S0],5,0.054105401735008954,0.0518857609321646,0.49122807017543857,0.2
ExtraTrees leaf=5 [S0],5,0.04362279093310892,0.0702849002849003,0.48596491228070177,0.4
HGB d=2 lr=.05 it=100 [S0],5,0.0475544381881068,0.11198457856352592,0.6649122807017543,0.4
HGB d=3 lr=.05 it=200 [S0],5,0.04770516327766008,0.11513708513708514,0.6421052631578947,0.4
HGB d=2 강한 규제 [S0],5,0.047838647191566955,0.09412684586029535,0.536842105263158,0.4
SVM RBF [S0],5,0.06110413810819007,0.03643994349876703,0.3087719298245615,0.0
kNN k=15 [S0],5,0.05409599944807979,0.05981038569273863,0.5789473684210527,0.2
Naive Bayes [S0],5,0.03996151719945089,0.05831666269746765,0.5491228070175439,0.2
LogReg L2 C=0.1 [S2],5,0.058635373920878864,0.06308080808080808,0.5912280701754387,0.2
RF leaf=5 [S2],5,0.039649644506151466,0.04597976989838998,0.4491228070175439,0.0
HGB d=2 강한 규제 [S2],5,0.04310774975841604,0.05357441437588246,0.5210526315789474,0.0
LogReg L2 C=0.1 [S3],5,0.05243390539401538,0.0774640987684466,0.6491228070175439,0.4
RF leaf=5 [S3],5,0.046714643860495064,0.047033647136689324,0.4228070175438597,0.0
HGB d=2 강한 규제 [S3],5,0.05506190972300871,0.06770880964429352,0.5192982456140351,0.2
LogReg L2 C=0.01 [S0],6,0.03812802101014332,0.04283541526611739,0.3415929203539823,0.2
LogReg L2 C=0.1 [S0],6,0.0474385590883572,0.03945571361102117,0.3185840707964602,0.2
LogReg L2 C=1 [S0],6,0.051638531939285984,0.03719440621293093,0.31327433628318585,0.2
LogReg L1 C=0.05 [S0],6,0.05494970793453296,0.046774963826431905,0.4070796460176991,0.2
LogReg L1 C=0.3 [S0],6,0.048767833962580054,0.040069279937795355,0.3185840707964602,0.2
RF leaf=1 [S0],6,0.06338854258380877,0.03516011925262019,0.33628318584070793,0.0
RF leaf=5 [S0],6,0.05724690853980083,0.03530734183397349,0.3185840707964602,0.0
RF leaf=20 [S0],6,0.051297731338389,0.030407816468277515,0.19469026548672566,0.0
RF 균형배깅 (subsample 30%) [S0],6,0.044517803451333667,0.040196227014109534,0.327433628318584,0.2
ExtraTrees leaf=5 [S0],6,0.05354417910681308,0.045332316232374686,0.4300884955752213,0.2
HGB d=2 lr=.05 it=100 [S0],6,0.059191053777085896,0.0408902993806613,0.3893805309734514,0.0
HGB d=3 lr=.05 it=200 [S0],6,0.06851423883453711,0.06073016593207156,0.5203539823008849,0.4
HGB d=2 강한 규제 [S0],6,0.05995608082759554,0.03545886051164824,0.30619469026548674,0.0
SVM RBF [S0],6,0.03125021344492748,0.10113880948879522,0.5415929203539823,0.4
kNN k=15 [S0],6,0.04462757617349681,0.060221879815100146,0.552212389380531,0.2
Naive Bayes [S0],6,0.043284922035511264,0.051228492896408934,0.4336283185840708,0.2
LogReg L2 C=0.1 [S2],6,0.04687498544439306,0.03643505518505519,0.2938053097345133,0.2
RF leaf=5 [S2],6,0.03702963155065292,0.03396243590674465,0.2920353982300885,0.0
HGB d=2 강한 규제 [S2],6,0.04557820487634415,0.03565057195588323,0.31681415929203544,0.0
LogReg L2 C=0.1 [S3],6,0.05118944737437238,0.04452427256165574,0.3398230088495575,0.2
RF leaf=5 [S3],6,0.041573727219757724,0.034101252767919435,0.2867256637168142,0.0
HGB d=2 강한 규제 [S3],6,0.05509694127019153,0.041191720148241885,0.3823008849557522,0.2
LogReg L2 C=0.01 [S0],7,0.04518227192326388,0.05822885076837839,0.463716814159292,0.2
LogReg L2 C=0.1 [S0],7,0.04932108896590777,0.055002061430632854,0.4902654867256638,0.2
LogReg L2 C=1 [S0],7,0.05099132388855256,0.05305261909861395,0.5061946902654867,0.2
LogReg L1 C=0.05 [S0],7,0.04288553303678891,0.10392980108821692,0.4725663716814159,0.2
LogReg L1 C=0.3 [S0],7,0.05101509070745338,0.05792419589873557,0.5008849557522124,0.2
RF leaf=1 [S0],7,0.04082182939366333,0.05040094995176665,0.48053097345132745,0.2
RF leaf=5 [S0],7,0.03569201768666391,0.04899675252810567,0.47433628318584076,0.2
RF leaf=20 [S0],7,0.03481595203125297,0.0457908326607733,0.45309734513274336,0.0
RF 균형배깅 (subsample 30%) [S0],7,0.035147857049213395,0.042166242383478214,0.4247787610619469,0.0
ExtraTrees leaf=5 [S0],7,0.03218621196450099,0.04466465806735084,0.46548672566371685,0.0
HGB d=2 lr=.05 it=100 [S0],7,0.03677837567389163,0.046661867769848986,0.46194690265486726,0.0
HGB d=3 lr=.05 it=200 [S0],7,0.05446793482392363,0.053615593267492,0.536283185840708,0.0
HGB d=2 강한 규제 [S0],7,0.03234871657196233,0.06777838385813603,0.5469026548672566,0.4
SVM RBF [S0],7,0.03732559848275341,0.048818556927948766,0.511504424778761,0.0
kNN k=15 [S0],7,0.045867574776415156,0.04447975517890772,0.4796460176991151,0.0
Naive Bayes [S0],7,0.03572864391837184,0.035885056158627235,0.33097345132743367,0.0
LogReg L2 C=0.1 [S2],7,0.03921179573526494,0.04790415356005302,0.4849557522123894,0.0
RF leaf=5 [S2],7,0.03834559480596508,0.03300425764711479,0.25309734513274335,0.0
HGB d=2 강한 규제 [S2],7,0.031907107251084664,0.03728151075977163,0.3380530973451328,0.0
LogReg L2 C=0.1 [S3],7,0.041000311466362335,0.05283028302830283,0.5309734513274336,0.0
RF leaf=5 [S3],7,0.04421480766378133,0.034176970443745805,0.2973451327433628,0.0
HGB d=2 강한 규제 [S3],7,0.043008151147884366,0.045752593898424405,0.3345132743362832,0.2
LogReg L2 C=0.01 [S0],8,0.03478481182966375,0.05804698590507974,0.561061946902655,0.2
LogReg L2 C=0.1 [S0],8,0.034303415962247105,0.06203582882428334,0.5823008849557523,0.4
LogReg L2 C=1 [S0],8,0.033509910258732636,0.061813576494427556,0.5982300884955752,0.2
LogReg L1 C=0.05 [S0],8,0.03467760926737507,0.0778762963483193,0.5902654867256637,0.4
LogReg L1 C=0.3 [S0],8,0.03357490595686928,0.062097641164805345,0.5805309734513274,0.2
RF leaf=1 [S0],8,0.03942548987153234,0.08614804948270419,0.679646017699115,0.2
RF leaf=5 [S0],8,0.03643663354874436,0.05613132991039967,0.5699115044247787,0.2
RF leaf=20 [S0],8,0.03298612933636107,0.05247178752146191,0.5221238938053097,0.0
RF 균형배깅 (subsample 30%) [S0],8,0.036133514682608364,0.07863217578407453,0.6212389380530974,0.4
ExtraTrees leaf=5 [S0],8,0.03986518698758179,0.07354053357787864,0.6831858407079646,0.0
HGB d=2 lr=.05 it=100 [S0],8,0.048188312999561826,0.05436254174118941,0.5221238938053098,0.2
HGB d=3 lr=.05 it=200 [S0],8,0.0465026715236924,0.06404985981853806,0.6035398230088496,0.2
HGB d=2 강한 규제 [S0],8,0.04096485314464324,0.06769907363694541,0.5911504424778761,0.2
SVM RBF [S0],8,0.054586293213915366,0.03572405055871429,0.3256637168141593,0.0
kNN k=15 [S0],8,0.039972923985017283,0.04335597147650065,0.4690265486725664,0.2
Naive Bayes [S0],8,0.03669270492442358,0.04398214083437492,0.44955752212389377,0.0
LogReg L2 C=0.1 [S2],8,0.034966013829531434,0.06229263651002781,0.5876106194690266,0.2
RF leaf=5 [S2],8,0.02987426249273925,0.05797877285133657,0.5964601769911504,0.0
HGB d=2 강한 규제 [S2],8,0.036005722697989975,0.054422836040483105,0.5309734513274337,0.2
LogReg L2 C=0.1 [S3],8,0.0325907944855068,0.06535865214837605,0.6194690265486725,0.2
RF leaf=5 [S3],8,0.031836948515303894,0.05113662534715166,0.5026548672566371,0.2
HGB d=2 강한 규제 [S3],8,0.04654772395635923,0.05782999580153694,0.5876106194690265,0.0
LogReg L2 C=0.01 [S0],9,0.0370792662179641,0.07308882973479247,0.608849557522124,0.4
LogReg L2 C=0.1 [S0],9,0.03525994131703141,0.06979867214287394,0.5929203539823009,0.4
LogReg L2 C=1 [S0],9,0.03517571800108931,0.0646996996996997,0.5716814159292035,0.2
LogReg L1 C=0.05 [S0],9,0.036396771426250835,0.09734848492997883,0.7504424778761062,0.4
LogReg L1 C=0.3 [S0],9,0.03416709273954713,0.07722323972323973,0.6000000000000001,0.2
RF leaf=1 [S0],9,0.06229147504709051,0.05595328282828283,0.5,0.2
RF leaf=5 [S0],9,0.05625277613751298,0.05151305683563748,0.5238938053097345,0.2
RF leaf=20 [S0],9,0.07094909110290892,0.05451063510522564,0.5451327433628319,0.2
RF 균형배깅 (subsample 30%) [S0],9,0.04673867912025827,0.06701774112943529,0.6300884955752213,0.4
ExtraTrees leaf=5 [S0],9,0.05000335644301575,0.039709583421102784,0.39646017699115044,0.0
HGB d=2 lr=.05 it=100 [S0],9,0.052566339311634194,0.08983746904799537,0.4867256637168142,0.4
HGB d=3 lr=.05 it=200 [S0],9,0.04883946692483173,0.08378684245307957,0.5345132743362833,0.4
HGB d=2 강한 규제 [S0],9,0.037575490462705224,0.07478915991369164,0.568141592920354,0.4
SVM RBF [S0],9,0.06847925677191957,0.05200092004215716,0.44601769911504424,0.2
kNN k=15 [S0],9,0.039294567750774854,0.04217903759984414,0.4495575221238938,0.0
Naive Bayes [S0],9,0.041147896551503166,0.07390032588253873,0.4849557522123894,0.2
LogReg L2 C=0.1 [S2],9,0.03381556620846608,0.15040218603823208,0.5893805309734513,0.2
RF leaf=5 [S2],9,0.035741232854966686,0.04434700777797628,0.44601769911504424,0.0
HGB d=2 강한 규제 [S2],9,0.03815218586627991,0.09985495224896143,0.5592920353982301,0.4
LogReg L2 C=0.1 [S3],9,0.03714439122250953,0.05468047684189955,0.5168141592920354,0.2
RF leaf=5 [S3],9,0.03211221141351875,0.06053029829441857,0.5433628318584071,0.2
HGB d=2 강한 규제 [S3],9,0.03240368045030466,0.06603398394523449,0.40884955752212393,0.2
LogReg L2 C=0.01 [S0],10,0.03111735180402862,0.04718051806867596,0.4824561403508772,0.0
LogReg L2 C=0.1 [S0],10,0.032298516610706096,0.045241462241462235,0.4649122807017544,0.2
LogReg L2 C=1 [S0],10,0.031065606957813904,0.0425660469667319,0.43157894736842106,0.0
LogReg L1 C=0.05 [S0],10,0.030156772071864422,0.0701045470819907,0.5824561403508772,0.4
LogReg L1 C=0.3 [S0],10,0.032031985688685705,0.04666170407676071,0.4842105263157895,0.0
RF leaf=1 [S0],10,0.0473792406154814,0.03696041345600025,0.27631578947368424,0.0
RF leaf=5 [S0],10,0.042458994623389985,0.038600225105786916,0.37719298245614036,0.0
RF leaf=20 [S0],10,0.03332804400139323,0.03809121563794461,0.3736842105263158,0.0
RF 균형배깅 (subsample 30%) [S0],10,0.03224982944713804,0.03334976194998316,0.2824561403508772,0.0
ExtraTrees leaf=5 [S0],10,0.03466788103878045,0.03701570048309179,0.35789473684210527,0.0
HGB d=2 lr=.05 it=100 [S0],10,0.04932838148140958,0.0389455622601309,0.356140350877193,0.0
HGB d=3 lr=.05 it=200 [S0],10,0.04481071853196015,0.034500545437262754,0.2842105263157895,0.0
HGB d=2 강한 규제 [S0],10,0.04718842663388828,0.045697820347434456,0.43333333333333335,0.0
SVM RBF [S0],10,0.03546699063558937,0.04550714763186932,0.4771929824561404,0.0
kNN k=15 [S0],10,0.05301695216240701,0.055621976063152535,0.5640350877192983,0.2
Naive Bayes [S0],10,0.03424394044997653,0.039443803315178674,0.39473684210526316,0.0
LogReg L2 C=0.1 [S2],10,0.033948890223328504,0.03948447737408103,0.3894736842105263,0.0
RF leaf=5 [S2],10,0.042199550184794724,0.035588139697398144,0.3280701754385965,0.0
HGB d=2 강한 규제 [S2],10,0.039442735058143566,0.04928079666331471,0.4842105263157894,0.2
LogReg L2 C=0.1 [S3],10,0.03571159810364782,0.05494921455084663,0.5473684210526316,0.0
RF leaf=5 [S3],10,0.03935158121871103,0.03383824731735431,0.2929824561403509,0.0
HGB d=2 강한 규제 [S3],10,0.0416299839424876,0.05551586317120298,0.5105263157894737,0.2
LogReg L2 C=0.01 [S0],11,0.046333087448265683,0.051877534401806244,0.4743362831858407,0.0
LogReg L2 C=0.1 [S0],11,0.04030220862767328,0.04807187425628383,0.4920353982300885,0.0
LogReg L2 C=1 [S0],11,0.0352158677338274,0.04561529241549526,0.4690265486725664,0.0
LogReg L1 C=0.05 [S0],11,0.05135303033477006,0.04757201261874159,0.46194690265486726,0.0
LogReg L1 C=0.3 [S0],11,0.03629470324598514,0.05174635356723922,0.5026548672566371,0.0
RF leaf=1 [S0],11,0.037181722239195934,0.15865262792582716,0.5893805309734513,0.4
RF leaf=5 [S0],11,0.03456741308118776,0.10616883116883116,0.6123893805309735,0.4
RF leaf=20 [S0],11,0.03709395519678897,0.07194250194250196,0.5327433628318584,0.4
RF 균형배깅 (subsample 30%) [S0],11,0.05350670750140624,0.08220516124069766,0.5451327433628319,0.4
ExtraTrees leaf=5 [S0],11,0.03700795539326582,0.06798329903929018,0.6247787610619469,0.2
HGB d=2 lr=.05 it=100 [S0],11,0.037598483735703694,0.07042417506813792,0.5893805309734513,0.2
HGB d=3 lr=.05 it=200 [S0],11,0.04228566921728362,0.07313965911349632,0.5309734513274337,0.2
HGB d=2 강한 규제 [S0],11,0.04172041162453937,0.07417867846439276,0.6230088495575221,0.2
SVM RBF [S0],11,0.052880269347491606,0.0327004991220116,0.2584070796460177,0.0
kNN k=15 [S0],11,0.0419785576092091,0.1292857142857143,0.7716814159292036,0.2
Naive Bayes [S0],11,0.04048630940932108,0.10391414141414143,0.5610619469026549,0.4
LogReg L2 C=0.1 [S2],11,0.03424131536191494,0.05127589077589077,0.47079646017699117,0.2
RF leaf=5 [S2],11,0.028217218734670986,0.1472870879120879,0.5946902654867257,0.4
HGB d=2 강한 규제 [S2],11,0.032448710696177115,0.24842156492704687,0.5681415929203539,0.4
LogReg L2 C=0.1 [S3],11,0.03687366936998605,0.04722554873682074,0.4743362831858407,0.2
RF leaf=5 [S3],11,0.0288100959882202,0.09682811819092588,0.5646017699115045,0.2
HGB d=2 강한 규제 [S3],11,0.03307502819890582,0.062480926719302894,0.552212389380531,0.2
LogReg L2 C=0.01 [S0],12,0.03968584076515322,0.048091123552301246,0.488495575221239,0.0
LogReg L2 C=0.1 [S0],12,0.0440738531750888,0.049588734755283304,0.4849557522123894,0.0
LogReg L2 C=1 [S0],12,0.043833968069052334,0.0511144883485309,0.49203539823008846,0.2
LogReg L1 C=0.05 [S0],12,0.046563879936690165,0.060971655889986195,0.5982300884955752,0.2
LogReg L1 C=0.3 [S0],12,0.047299219790997805,0.05204362104661955,0.5150442477876106,0.0
RF leaf=1 [S0],12,0.04375331935907742,0.04132635281235486,0.3911504424778761,0.2
RF leaf=5 [S0],12,0.040337938084223084,0.04539112330097781,0.4495575221238938,0.2
RF leaf=20 [S0],12,0.04602363397220642,0.039246984899158815,0.35929203539823007,0.2
RF 균형배깅 (subsample 30%) [S0],12,0.0470543844455319,0.041632015461713176,0.41061946902654867,0.0
ExtraTrees leaf=5 [S0],12,0.03981662808912566,0.05038188988332459,0.48672566371681414,0.0
HGB d=2 lr=.05 it=100 [S0],12,0.04616495420434702,0.04151372943920457,0.41415929203539825,0.0
HGB d=3 lr=.05 it=200 [S0],12,0.049589469546864315,0.06167384360981757,0.5716814159292035,0.2
HGB d=2 강한 규제 [S0],12,0.05394793231941741,0.043643654363294544,0.4371681415929204,0.0
SVM RBF [S0],12,0.03743850526483472,0.05368164657167214,0.47610619469026544,0.2
kNN k=15 [S0],12,0.0402338158111286,0.04644936983920035,0.4309734513274336,0.0
Naive Bayes [S0],12,0.035818438161110196,0.05532122679580306,0.536283185840708,0.2
LogReg L2 C=0.1 [S2],12,0.043698591849423415,0.05101614346943,0.5061946902654868,0.0
RF leaf=5 [S2],12,0.03389478675741309,0.040891113606662616,0.39823008849557523,0.0
HGB d=2 강한 규제 [S2],12,0.043056421650960644,0.046798259496279304,0.42123893805309737,0.2
LogReg L2 C=0.1 [S3],12,0.04287326708546427,0.04888260792022394,0.504424778761062,0.0
RF leaf=5 [S3],12,0.0388737359343662,0.03994392950170833,0.39646017699115044,0.0
HGB d=2 강한 규제 [S3],12,0.04630111423034651,0.03819343160266586,0.36460176991150445,0.0
LogReg L2 C=0.01 [S0],13,0.04185164921131648,0.03706368099752341,0.3292035398230089,0.0
LogReg L2 C=0.1 [S0],13,0.042719357681520964,0.037522962182296,0.3168141592920354,0.2
LogReg L2 C=1 [S0],13,0.042092863211779255,0.03668819484608958,0.2991150442477876,0.2
LogReg L1 C=0.05 [S0],13,0.03975321881062924,0.03145465232329639,0.23008849557522124,0.0
LogReg L1 C=0.3 [S0],13,0.04136639752168727,0.03846203394029481,0.33628318584070804,0.0
RF leaf=1 [S0],13,0.05274804542758249,0.034600301664870305,0.32035398230088497,0.0
RF leaf=5 [S0],13,0.047758378011440304,0.03538662126524883,0.27433628318584075,0.0
RF leaf=20 [S0],13,0.04468242021518827,0.03295175210504675,0.22123893805309736,0.0
RF 균형배깅 (subsample 30%) [S0],13,0.04130709195413653,0.044788618294187996,0.42123893805309737,0.2
ExtraTrees leaf=5 [S0],13,0.044562931226837174,0.03796031746031746,0.3380530973451328,0.0
HGB d=2 lr=.05 it=100 [S0],13,0.07064632743528605,0.029933120961158348,0.17345132743362834,0.0
HGB d=3 lr=.05 it=200 [S0],13,0.05562931750716543,0.029207440090436264,0.16991150442477876,0.0
HGB d=2 강한 규제 [S0],13,0.09927689164088653,0.029841940976767817,0.18761061946902655,0.0
SVM RBF [S0],13,0.04590653205831613,0.0370970837834716,0.352212389380531,0.0
kNN k=15 [S0],13,0.045321883728297666,0.04394224733207784,0.41858407079646015,0.0
Naive Bayes [S0],13,0.073296260314887,0.029150273101886004,0.1575221238938053,0.0
LogReg L2 C=0.1 [S2],13,0.09586128114506696,0.032525541499832014,0.2442477876106195,0.0
RF leaf=5 [S2],13,0.04580642239033651,0.02991548345772429,0.18938053097345137,0.0
HGB d=2 강한 규제 [S2],13,0.07136501951942281,0.029913687263583746,0.18938053097345134,0.0
LogReg L2 C=0.1 [S3],13,0.05943232733082743,0.03211567987480007,0.23185840707964603,0.0
RF leaf=5 [S3],13,0.048042994005213585,0.033168493457148104,0.26902654867256637,0.0
HGB d=2 강한 규제 [S3],13,0.05554570012599732,0.033936121997747704,0.288495575221239,0.0
LogReg L2 C=0.01 [S0],14,0.06022688563365046,0.051293698303312305,0.4460176991150443,0.2
LogReg L2 C=0.1 [S0],14,0.06445412931573288,0.05147246299196097,0.4761061946902655,0.2
LogReg L2 C=1 [S0],14,0.06586926339543643,0.04690838780863554,0.4566371681415929,0.2
LogReg L1 C=0.05 [S0],14,0.06265058634164156,0.05106914866505659,0.5274336283185841,0.2
LogReg L1 C=0.3 [S0],14,0.06708880659215218,0.05012486499301916,0.4672566371681416,0.2
RF leaf=1 [S0],14,0.057791830057011696,0.07630185403958821,0.6380530973451327,0.4
RF leaf=5 [S0],14,0.044365658549135004,0.05804236296069326,0.5380530973451327,0.2
RF leaf=20 [S0],14,0.045234531154480735,0.06487063987063987,0.5504424778761062,0.2
RF 균형배깅 (subsample 30%) [S0],14,0.057820344328649034,0.05494090921997898,0.561061946902655,0.0
ExtraTrees leaf=5 [S0],14,0.04567336801636463,0.05263523192370245,0.552212389380531,0.0
HGB d=2 lr=.05 it=100 [S0],14,0.04159529302453506,0.05260204081632653,0.5150442477876106,0.2
HGB d=3 lr=.05 it=200 [S0],14,0.04486711382524887,0.11889884735994576,0.6407079646017699,0.6
HGB d=2 강한 규제 [S0],14,0.038657595100946164,0.15757521914238332,0.5946902654867257,0.4
SVM RBF [S0],14,0.06298157592046695,0.04228438714943335,0.4247787610619469,0.0
kNN k=15 [S0],14,0.07923751252649039,0.036236425011675816,0.35486725663716806,0.0
Naive Bayes [S0],14,0.041922476439546316,0.04573999787622079,0.4601769911504425,0.2
LogReg L2 C=0.1 [S2],14,0.05706371680037169,0.05064086240556829,0.4690265486725664,0.2
RF leaf=5 [S2],14,0.0973272751294558,0.0351940464532963,0.3150442477876106,0.0
HGB d=2 강한 규제 [S2],14,0.05659352877245489,0.0371934409193716,0.3486725663716814,0.0
LogReg L2 C=0.1 [S3],14,0.057739927353112654,0.05408015316831527,0.47610619469026544,0.2
RF leaf=5 [S3],14,0.05532248038719723,0.03961122161122162,0.3380530973451328,0.2
HGB d=2 강한 규제 [S3],14,0.04583599439582499,0.046801485104651534,0.49203539823008846,0.0
LogReg L2 C=0.01 [S0],15,0.04243188073943935,0.04540189415909367,0.456140350877193,0.2
LogReg L2 C=0.1 [S0],15,0.04168696638117201,0.04497435152922958,0.44912280701754387,0.2
LogReg L2 C=1 [S0],15,0.037731269146087903,0.04319110981963766,0.443859649122807,0.0
LogReg L1 C=0.05 [S0],15,0.03906685849200012,0.06127528852634042,0.5754385964912281,0.2
LogReg L1 C=0.3 [S0],15,0.040442070643862266,0.04705725793630619,0.45964912280701753,0.2
RF leaf=1 [S0],15,0.04540088764983717,0.11170674210278171,0.5368421052631579,0.4
RF leaf=5 [S0],15,0.04141094682881333,0.06780943071265652,0.5315789473684212,0.2
RF leaf=20 [S0],15,0.032946223871234706,0.05608434576176512,0.5192982456140351,0.2
RF 균형배깅 (subsample 30%) [S0],15,0.037010132202870916,0.0612863874447495,0.4421052631578947,0.2
ExtraTrees leaf=5 [S0],15,0.043707841171318255,0.0514208628490785,0.44912280701754387,0.2
HGB d=2 lr=.05 it=100 [S0],15,0.038877256474761646,0.06352638352638353,0.6026315789473684,0.2
HGB d=3 lr=.05 it=200 [S0],15,0.05517198153869281,0.1061488677160319,0.6824561403508771,0.4
HGB d=2 강한 규제 [S0],15,0.036311561447180264,0.05879148629148629,0.5719298245614035,0.2
SVM RBF [S0],15,0.03669695458705631,0.03597170803053156,0.3333333333333333,0.0
kNN k=15 [S0],15,0.040353638190613814,0.12018654270218726,0.6570175438596492,0.2
Naive Bayes [S0],15,0.036997502338899924,0.06825365455800238,0.5245614035087719,0.2
LogReg L2 C=0.1 [S2],15,0.03728157620251065,0.04653551968923495,0.48947368421052634,0.0
RF leaf=5 [S2],15,0.03397770660959392,0.07259090585640077,0.4456140350877193,0.2
HGB d=2 강한 규제 [S2],15,0.034149316319914656,0.053189086522419854,0.47192982456140353,0.2
LogReg L2 C=0.1 [S3],15,0.03763740088921537,0.05155195681511471,0.5192982456140351,0.2
RF leaf=5 [S3],15,0.035701711733660546,0.10440891027758611,0.4964912280701755,0.2
HGB d=2 강한 규제 [S3],15,0.031777809362220376,0.09591745590270975,0.5508771929824561,0.2
LogReg L2 C=0.01 [S0],16,0.03427848748829358,0.05726402227506201,0.5433628318584072,0.2
LogReg L2 C=0.1 [S0],16,0.03657597493050668,0.05712013401668574,0.5185840707964602,0.2
LogReg L2 C=1 [S0],16,0.0361511468228744,0.06400432900432901,0.4814159292035398,0.2
LogReg L1 C=0.05 [S0],16,0.045636596645274516,0.05731708630385957,0.5513274336283186,0.2
LogReg L1 C=0.3 [S0],16,0.039172353249216085,0.059710163103276453,0.504424778761062,0.2
RF leaf=1 [S0],16,0.04878309532790018,0.042984407721456674,0.3938053097345133,0.2
RF leaf=5 [S0],16,0.04325423120521355,0.040155324729361244,0.36283185840707965,0.2
RF leaf=20 [S0],16,0.044564295274391305,0.034756403402333096,0.2973451327433628,0.0
RF 균형배깅 (subsample 30%) [S0],16,0.045526863757220516,0.04805135894897466,0.4778761061946903,0.2
ExtraTrees leaf=5 [S0],16,0.04439825402211434,0.04424689918724325,0.45486725663716815,0.0
HGB d=2 lr=.05 it=100 [S0],16,0.04611094904141036,0.036516352954668235,0.3309734513274336,0.0
HGB d=3 lr=.05 it=200 [S0],16,0.05732138838728136,0.04277131391909011,0.40884955752212393,0.2
HGB d=2 강한 규제 [S0],16,0.05364312493295072,0.031247548474888198,0.22831858407079647,0.0
SVM RBF [S0],16,0.03239402721359579,0.11248785497785348,0.5451327433628319,0.2
kNN k=15 [S0],16,0.046188659462831336,0.04949927785565609,0.49203539823008846,0.2
Naive Bayes [S0],16,0.036079882435039214,0.049336094013513375,0.4938053097345133,0.2
LogReg L2 C=0.1 [S2],16,0.04621805596137994,0.0649309789920125,0.5256637168141594,0.2
RF leaf=5 [S2],16,0.03520906222337766,0.037708654592634346,0.2743362831858407,0.2
HGB d=2 강한 규제 [S2],16,0.04177564340453718,0.02966800674867571,0.18230088495575222,0.0
LogReg L2 C=0.1 [S3],16,0.04860063808725481,0.05817870411234107,0.5008849557522124,0.2
RF leaf=5 [S3],16,0.04056730828854782,0.04000556187327314,0.35398230088495575,0.2
HGB d=2 강한 규제 [S3],16,0.04765115110566709,0.03711154278934677,0.304424778761062,0.2
LogReg L2 C=0.01 [S0],17,0.04584022857212773,0.03392050725360263,0.28495575221238933,0.0
LogReg L2 C=0.1 [S0],17,0.0556874473037359,0.03225127119922827,0.2513274336283186,0.0
LogReg L2 C=1 [S0],17,0.061016309103822164,0.03193693481352283,0.2442477876106195,0.0
LogReg L1 C=0.05 [S0],17,0.05264377957305611,0.03972597674132487,0.35929203539823007,0.0
LogReg L1 C=0.3 [S0],17,0.04964825856780759,0.03513294678767939,0.2991150442477876,0.0
RF leaf=1 [S0],17,0.049697746668152826,0.042320989904834114,0.42389380530973453,0.0
RF leaf=5 [S0],17,0.04765620165311153,0.04142776798807654,0.35398230088495575,0.0
RF leaf=20 [S0],17,0.0505636560547032,0.04845704295249872,0.3787610619469026,0.2
RF 균형배깅 (subsample 30%) [S0],17,0.04779076716411865,0.04534599314260331,0.4389380530973451,0.0
ExtraTrees leaf=5 [S0],17,0.04735770164250344,0.051824493670021954,0.44778761061946903,0.2
HGB d=2 lr=.05 it=100 [S0],17,0.05721375990716277,0.04936334216887802,0.39469026548672564,0.4
HGB d=3 lr=.05 it=200 [S0],17,0.0640095689842709,0.08836757182355405,0.4938053097345133,0.4
HGB d=2 강한 규제 [S0],17,0.06227318032554118,0.044374673314301796,0.35575221238938054,0.2
SVM RBF [S0],17,0.038163688714244665,0.03973334664935584,0.35575221238938054,0.0
kNN k=15 [S0],17,0.039395250070585884,0.11179763739085773,0.5415929203539823,0.4
Naive Bayes [S0],17,0.043569884811781194,0.05730639730639731,0.4371681415929204,0.2
LogReg L2 C=0.1 [S2],17,0.052363433779092874,0.03467390731239885,0.28318584070796465,0.0
RF leaf=5 [S2],17,0.041291208012343074,0.03342025325720978,0.25663716814159293,0.0
HGB d=2 강한 규제 [S2],17,0.04030391135648556,0.036947717904239646,0.2973451327433628,0.2
LogReg L2 C=0.1 [S3],17,0.0502765586517913,0.03752232595606089,0.352212389380531,0.0
RF leaf=5 [S3],17,0.04771900422964293,0.03510360485589843,0.3097345132743363,0.0
HGB d=2 강한 규제 [S3],17,0.04324122493400096,0.04523692607091942,0.35929203539823007,0.2
LogReg L2 C=0.01 [S0],18,0.040834825108330655,0.10368122215948303,0.576991150442478,0.6
LogReg L2 C=0.1 [S0],18,0.041949149434186095,0.10427782621331008,0.5946902654867258,0.6
LogReg L2 C=1 [S0],18,0.03884946866143328,0.0974276864590498,0.6035398230088496,0.6
LogReg L1 C=0.05 [S0],18,0.05220772984048779,0.15388655462184875,0.5654867256637168,0.4
LogReg L1 C=0.3 [S0],18,0.03981068074298237,0.10520224697826162,0.6,0.6
RF leaf=1 [S0],18,0.08933363227307116,0.045830681438172184,0.4486725663716814,0.0
RF leaf=5 [S0],18,0.08711986051896568,0.044429322705455035,0.46017699115044247,0.0
RF leaf=20 [S0],18,0.05154602604967319,0.044201292958866864,0.44955752212389377,0.0
RF 균형배깅 (subsample 30%) [S0],18,0.046591640324023534,0.10917154016972451,0.5663716814159292,0.2
ExtraTrees leaf=5 [S0],18,0.04540223273220187,0.05435255331088665,0.5097345132743363,0.2
HGB d=2 lr=.05 it=100 [S0],18,0.09009130240525057,0.03889789782174977,0.3769911504424779,0.0
HGB d=3 lr=.05 it=200 [S0],18,0.06418413314946944,0.03712815495548455,0.34690265486725663,0.0
HGB d=2 강한 규제 [S0],18,0.050586264230202134,0.040923403813345825,0.4070796460176992,0.0
SVM RBF [S0],18,0.03541588428786235,0.03620804676693649,0.3327433628318584,0.0
kNN k=15 [S0],18,0.04279091641206068,0.04545305672792777,0.4778761061946903,0.0
Naive Bayes [S0],18,0.04409721477960086,0.03341101427308324,0.2814159292035398,0.0
LogReg L2 C=0.1 [S2],18,0.08721044554425983,0.05776443288875403,0.5292035398230088,0.2
RF leaf=5 [S2],18,0.032868234644558694,0.03283986508595736,0.26194690265486725,0.0
HGB d=2 강한 규제 [S2],18,0.07430888759852974,0.037006217466743783,0.34159292035398225,0.0
LogReg L2 C=0.1 [S3],18,0.05192267088303736,0.07447063590899207,0.6283185840707964,0.2
RF leaf=5 [S3],18,0.03895597786332653,0.03623778939311596,0.3309734513274336,0.0
HGB d=2 강한 규제 [S3],18,0.038392432142950725,0.0486369817217753,0.4371681415929204,0.2
LogReg L2 C=0.01 [S0],19,0.03444966108039915,0.052009886949286065,0.5238938053097345,0.0
LogReg L2 C=0.1 [S0],19,0.0354378968997006,0.05322960166610577,0.5274336283185841,0.0
LogReg L2 C=1 [S0],19,0.035418080753975394,0.05534663527973894,0.5345132743362833,0.2
LogReg L1 C=0.05 [S0],19,0.03444949768157905,0.06166658608519074,0.615929203539823,0.0
LogReg L1 C=0.3 [S0],19,0.03638553859721464,0.05473212125723431,0.5345132743362833,0.2
RF leaf=1 [S0],19,0.04082681104050172,0.09687428080304497,0.6513274336283186,0.4
RF leaf=5 [S0],19,0.04176371734130188,0.0874616363500262,0.568141592920354,0.4
RF leaf=20 [S0],19,0.03404551399105257,0.06018778060001464,0.49734513274336284,0.2
RF 균형배깅 (subsample 30%) [S0],19,0.03454089409232669,0.07277304372041214,0.4743362831858407,0.4
ExtraTrees leaf=5 [S0],19,0.03608695211418572,0.06841148518496937,0.6035398230088496,0.2
HGB d=2 lr=.05 it=100 [S0],19,0.04682566935112111,0.08185494934158993,0.5876106194690265,0.4
HGB d=3 lr=.05 it=200 [S0],19,0.037091998481668,0.12777731219591687,0.6353982300884956,0.4
HGB d=2 강한 규제 [S0],19,0.0351025434429819,0.1162986263283146,0.6530973451327434,0.4
SVM RBF [S0],19,0.053959644620741265,0.04671020986810461,0.3292035398230088,0.2
kNN k=15 [S0],19,0.05976892095873032,0.05118130457113508,0.46194690265486726,0.4
Naive Bayes [S0],19,0.031132293846023774,0.05640263915493273,0.5256637168141594,0.2
LogReg L2 C=0.1 [S2],19,0.03667474984425522,0.06210775525844019,0.5398230088495575,0.4
RF leaf=5 [S2],19,0.03301812801969048,0.0777673485918137,0.5823008849557522,0.4
HGB d=2 강한 규제 [S2],19,0.03392767290464389,0.1497191697191697,0.6070796460176991,0.2
LogReg L2 C=0.1 [S3],19,0.04023808266638393,0.055706763865875794,0.5557522123893806,0.2
RF leaf=5 [S3],19,0.04394699464646758,0.07622087589829525,0.5946902654867257,0.4
HGB d=2 강한 규제 [S3],19,0.040652602269669415,0.10854691248794407,0.5309734513274336,0.2
LogReg L2 C=0.01 [S0],20,0.05768535356920509,0.04793129312931293,0.47543859649122805,0.0
LogReg L2 C=0.1 [S0],20,0.05226812421842743,0.04876271876271876,0.47719298245614034,0.0
LogReg L2 C=1 [S0],20,0.04870212517961356,0.04628680299817729,0.4666666666666667,0.0
LogReg L1 C=0.05 [S0],20,0.058239360263391285,0.04592408691580037,0.47807017543859653,0.0
LogReg L1 C=0.3 [S0],20,0.053794669899345365,0.044379112593666226,0.4508771929824561,0.0
RF leaf=1 [S0],20,0.05141160943815972,0.050818621019570964,0.4964912280701754,0.2
RF leaf=5 [S0],20,0.05213120330342784,0.04201289490651193,0.4105263157894737,0.0
RF leaf=20 [S0],20,0.09688436130075508,0.043486800453207415,0.4280701754385965,0.0
RF 균형배깅 (subsample 30%) [S0],20,0.06255055979135873,0.054516470082928606,0.48947368421052634,0.4
ExtraTrees leaf=5 [S0],20,0.04248293823661667,0.05612977865611492,0.5105263157894737,0.2
HGB d=2 lr=.05 it=100 [S0],20,0.0405172706189073,0.07306575530770869,0.5526315789473684,0.4
HGB d=3 lr=.05 it=200 [S0],20,0.041583713176207196,0.048871338746777904,0.4701754385964912,0.2
HGB d=2 강한 규제 [S0],20,0.0508671359534677,0.048763696857043425,0.4596491228070176,0.2
SVM RBF [S0],20,0.04064492784549667,0.04141715509343577,0.4,0.2
kNN k=15 [S0],20,0.041308429860554274,0.03738703028381164,0.28421052631578947,0.0
Naive Bayes [S0],20,0.048972938101555646,0.05541663669977562,0.47368421052631576,0.2
LogReg L2 C=0.1 [S2],20,0.05787157077502393,0.04349960358095527,0.4456140350877193,0.0
RF leaf=5 [S2],20,0.0379874258011577,0.038427044254316124,0.37543859649122807,0.0
HGB d=2 강한 규제 [S2],20,0.03833452079946152,0.03428220049427855,0.30000000000000004,0.0
LogReg L2 C=0.1 [S3],20,0.05778010705081427,0.03980118103173548,0.4017543859649123,0.0
RF leaf=5 [S3],20,0.045161707761507235,0.03335738375254231,0.2789473684210526,0.0
HGB d=2 강한 규제 [S3],20,0.05837507928577538,0.03324544637752185,0.28421052631578947,0.0
LogReg L2 C=0.01 [S0],21,0.037118741746997766,0.0607027972802861,0.5628318584070796,0.2
LogReg L2 C=0.1 [S0],21,0.03464913869640603,0.06461042982782113,0.5769911504424778,0.2
LogReg L2 C=1 [S0],21,0.032713558077124,0.0649618431794923,0.5893805309734513,0.2
LogReg L1 C=0.05 [S0],21,0.04917683456983783,0.06248806972211228,0.5557522123893806,0.2
LogReg L1 C=0.3 [S0],21,0.033142744379794774,0.06421452943192074,0.5787610619469026,0.2
RF leaf=1 [S0],21,0.03996045674980623,0.09427122903956103,0.624778761061947,0.4
RF leaf=5 [S0],21,0.03851727084799062,0.10978257013677634,0.5486725663716814,0.2
RF leaf=20 [S0],21,0.03826134691452354,0.06515590100955956,0.488495575221239,0.4
RF 균형배깅 (subsample 30%) [S0],21,0.0345977945945643,0.16226717726717726,0.6371681415929203,0.4
ExtraTrees leaf=5 [S0],21,0.0349156119265283,0.0759443294225903,0.6973451327433628,0.2
HGB d=2 lr=.05 it=100 [S0],21,0.0418469712749774,0.05546082214333487,0.511504424778761,0.2
HGB d=3 lr=.05 it=200 [S0],21,0.04324896893670556,0.06357063593683313,0.5575221238938053,0.2
HGB d=2 강한 규제 [S0],21,0.04393274936749153,0.057378078327535775,0.5097345132743363,0.2
SVM RBF [S0],21,0.07530945878252258,0.03705704195715273,0.3415929203539823,0.0
kNN k=15 [S0],21,0.04141744162186228,0.048571876961707464,0.45575221238938046,0.2
Naive Bayes [S0],21,0.043377239631594906,0.05015787677077999,0.45132743362831856,0.2
LogReg L2 C=0.1 [S2],21,0.03840553381730938,0.06969516594516595,0.5610619469026549,0.4
RF leaf=5 [S2],21,0.03428461332728859,0.07745967770598314,0.49557522123893805,0.2
HGB d=2 강한 규제 [S2],21,0.03872110017244978,0.09948772570501116,0.431858407079646,0.2
LogReg L2 C=0.1 [S3],21,0.03863826110111509,0.0876462114664362,0.6212389380530973,0.4
RF leaf=5 [S3],21,0.035671656797384634,0.0592161112315156,0.5008849557522124,0.2
HGB d=2 강한 규제 [S3],21,0.04014001563631407,0.08225447650324498,0.5327433628318584,0.2
LogReg L2 C=0.01 [S0],22,0.03371893513386418,0.058378834787503525,0.4407079646017699,0.4
LogReg L2 C=0.1 [S0],22,0.03384725695171788,0.06421176862353334,0.4831858407079646,0.4
LogReg L2 C=1 [S0],22,0.03247320088394267,0.0616667745473366,0.5079646017699115,0.4
LogReg L1 C=0.05 [S0],22,0.03325116675788998,0.11792449485997872,0.5398230088495576,0.4
LogReg L1 C=0.3 [S0],22,0.033439041704130146,0.06820910314216688,0.4884955752212389,0.4
RF leaf=1 [S0],22,0.047120343672523,0.04343070381177255,0.44690265486725667,0.0
RF leaf=5 [S0],22,0.03480922683195675,0.046354889869040815,0.4831858407079646,0.0
RF leaf=20 [S0],22,0.03139989795273208,0.03733583982054475,0.34159292035398225,0.0
RF 균형배깅 (subsample 30%) [S0],22,0.03263666368616279,0.04345504084604424,0.4513274336283186,0.0
ExtraTrees leaf=5 [S0],22,0.03370851871363044,0.040725445758999355,0.35398230088495575,0.2
HGB d=2 lr=.05 it=100 [S0],22,0.03623671621727169,0.05132297828763168,0.4761061946902655,0.2
HGB d=3 lr=.05 it=200 [S0],22,0.04066984129194033,0.07447285181352561,0.5345132743362832,0.2
HGB d=2 강한 규제 [S0],22,0.03338337166456926,0.053138065005370064,0.48849557522123893,0.2
SVM RBF [S0],22,0.05866544990926089,0.04733856662036821,0.45486725663716815,0.2
kNN k=15 [S0],22,0.04225277113780775,0.04192807525900051,0.4407079646017699,0.0
Naive Bayes [S0],22,0.03195586139761484,0.04488122988122988,0.45309734513274336,0.2
LogReg L2 C=0.1 [S2],22,0.03312838245073824,0.08026888211670821,0.5061946902654868,0.2
RF leaf=5 [S2],22,0.030292400228537027,0.04400392115581989,0.4212389380530973,0.2
HGB d=2 강한 규제 [S2],22,0.030454090802804774,0.03130570551198797,0.2265486725663717,0.0
LogReg L2 C=0.1 [S3],22,0.03222981875974854,0.07561970855758034,0.6194690265486726,0.4
RF leaf=5 [S3],22,0.0310205865792114,0.0523029449030778,0.5221238938053098,0.0
HGB d=2 강한 규제 [S3],22,0.029346850638907032,0.03889405826187435,0.3769911504424779,0.0
LogReg L2 C=0.01 [S0],23,0.033840431156885696,0.07432109445563095,0.6017699115044248,0.4
LogReg L2 C=0.1 [S0],23,0.03837384270490859,0.07025728551510274,0.5805309734513274,0.2
LogReg L2 C=1 [S0],23,0.04098525467361086,0.06453100889720609,0.5610619469026549,0.2
LogReg L1 C=0.05 [S0],23,0.03914081818776018,0.24713178002193872,0.5495575221238937,0.4
LogReg L1 C=0.3 [S0],23,0.03981214407965052,0.07336623664484601,0.5752212389380531,0.4
RF leaf=1 [S0],23,0.04753084900008523,0.051893524461560404,0.5530973451327434,0.0
RF leaf=5 [S0],23,0.04351022371878725,0.047532466227555005,0.47787610619469023,0.0
RF leaf=20 [S0],23,0.04111999441133313,0.04022821838355819,0.4035398230088496,0.0
RF 균형배깅 (subsample 30%) [S0],23,0.04269947836854554,0.06282550695977565,0.5238938053097345,0.2
ExtraTrees leaf=5 [S0],23,0.04324302956373752,0.06478665270822134,0.5504424778761062,0.2
HGB d=2 lr=.05 it=100 [S0],23,0.04620771979306389,0.03969812755934972,0.3823008849557522,0.0
HGB d=3 lr=.05 it=200 [S0],23,0.05837979202544347,0.03917366946778711,0.38053097345132747,0.0
HGB d=2 강한 규제 [S0],23,0.04461553703759252,0.04155906941451509,0.41415929203539825,0.0
SVM RBF [S0],23,0.03420983030502117,0.11535739466174248,0.6212389380530974,0.2
kNN k=15 [S0],23,0.03865533599911709,0.09416717227896317,0.7451327433628319,0.4
Naive Bayes [S0],23,0.03753514304681423,0.04770661157833902,0.46194690265486726,0.2
LogReg L2 C=0.1 [S2],23,0.04288395882313412,0.05566598085155879,0.511504424778761,0.2
RF leaf=5 [S2],23,0.03442939357465481,0.03876478355455554,0.36460176991150445,0.0
HGB d=2 강한 규제 [S2],23,0.038267913862648155,0.04384526278171978,0.44070796460177,0.0
LogReg L2 C=0.1 [S3],23,0.04255418935514467,0.05497802788125369,0.5221238938053098,0.0
RF leaf=5 [S3],23,0.035431863467102684,0.042632343005781774,0.4283185840707965,0.0
HGB d=2 강한 규제 [S3],23,0.041950006109762676,0.06656166056166056,0.6106194690265487,0.2
LogReg L2 C=0.01 [S0],24,0.041116566237652336,0.04394768332256631,0.44070796460176986,0.0
LogReg L2 C=0.1 [S0],24,0.03887907421957508,0.046615312791783374,0.4566371681415929,0.0
LogReg L2 C=1 [S0],24,0.037290951756115874,0.0461033171065352,0.4584070796460177,0.0
LogReg L1 C=0.05 [S0],24,0.03915852522644016,0.04808788213149867,0.4796460176991151,0.2
LogReg L1 C=0.3 [S0],24,0.04021401874908874,0.04805478693810654,0.4690265486725664,0.0
RF leaf=1 [S0],24,0.04663098110132235,0.058337010101715985,0.5451327433628319,0.2
RF leaf=5 [S0],24,0.04208133922780086,0.05112144692368838,0.5168141592920354,0.2
RF leaf=20 [S0],24,0.05769530178801724,0.05929656428222616,0.5628318584070797,0.2
RF 균형배깅 (subsample 30%) [S0],24,0.043964826654885596,0.051486800490000324,0.4584070796460177,0.2
ExtraTrees leaf=5 [S0],24,0.03912919410633993,0.05611444111444111,0.5097345132743363,0.2
HGB d=2 lr=.05 it=100 [S0],24,0.0472568582669211,0.09031670084301663,0.6699115044247788,0.6
HGB d=3 lr=.05 it=200 [S0],24,0.04850855823907757,0.06403846153846154,0.5557522123893806,0.2
HGB d=2 강한 규제 [S0],24,0.05094636332598601,0.0954006968641115,0.6884955752212389,0.4
SVM RBF [S0],24,0.04440903023936685,0.0500404618846911,0.4814159292035398,0.2
kNN k=15 [S0],24,0.04148998006088483,0.14137780207763806,0.5734513274336283,0.2
Naive Bayes [S0],24,0.03477525420023553,0.10535105123920913,0.5008849557522124,0.2
LogReg L2 C=0.1 [S2],24,0.03404132081449926,0.0529983164983165,0.5132743362831859,0.0
RF leaf=5 [S2],24,0.037811384344479844,0.23302628108604917,0.39646017699115044,0.2
HGB d=2 강한 규제 [S2],24,0.03565636802180071,0.1369404982964305,0.48318584070796455,0.2
LogReg L2 C=0.1 [S3],24,0.03229600070577994,0.06519828901208426,0.5433628318584072,0.2
RF leaf=5 [S3],24,0.03304775101914602,0.09684100757713708,0.3769911504424779,0.2
HGB d=2 강한 규제 [S3],24,0.031088579210854412,0.05575076907850786,0.45309734513274336,0.2
LogReg L2 C=0.01 [S0],25,0.04707969056899715,0.04554540272282208,0.43157894736842106,0.0
LogReg L2 C=0.1 [S0],25,0.04851557551919832,0.04907551918169514,0.4508771929824562,0.2
LogReg L2 C=1 [S0],25,0.04746985639724777,0.05983878615457563,0.4526315789473684,0.2
LogReg L1 C=0.05 [S0],25,0.03765226154977373,0.05411577614059893,0.5473684210526315,0.0
LogReg L1 C=0.3 [S0],25,0.0471702677209198,0.05196534946534947,0.4631578947368421,0.2
RF leaf=1 [S0],25,0.03748628885909884,0.07004086368681264,0.6543859649122807,0.4
RF leaf=5 [S0],25,0.03597591326967594,0.04410109969638281,0.4543859649122807,0.0
RF leaf=20 [S0],25,0.036680132263172405,0.04521702312024893,0.43157894736842106,0.0
RF 균형배깅 (subsample 30%) [S0],25,0.03901590839460922,0.04574664117634762,0.4631578947368421,0.0
ExtraTrees leaf=5 [S0],25,0.04059348373407673,0.038821315040495165,0.38421052631578945,0.0
HGB d=2 lr=.05 it=100 [S0],25,0.05496811008760318,0.05347198641765705,0.5350877192982457,0.2
HGB d=3 lr=.05 it=200 [S0],25,0.09966819361802248,0.046939978282997424,0.4807017543859649,0.0
HGB d=2 강한 규제 [S0],25,0.0398345686693031,0.0661143830329877,0.5526315789473685,0.2
SVM RBF [S0],25,0.04010641972270961,0.055296352583586623,0.4526315789473685,0.2
kNN k=15 [S0],25,0.03591059225899074,0.05085998578535892,0.4912280701754387,0.2
Naive Bayes [S0],25,0.03914544846523864,0.04851339819081754,0.4912280701754386,0.0
LogReg L2 C=0.1 [S2],25,0.04203197936509043,0.06514431573548676,0.4964912280701755,0.2
RF leaf=5 [S2],25,0.03417663797570522,0.04040180787492882,0.36666666666666675,0.2
HGB d=2 강한 규제 [S2],25,0.033244980614096524,0.05887797118895345,0.4894736842105263,0.4
LogReg L2 C=0.1 [S3],25,0.04126195827854365,0.05992686715304038,0.507017543859649,0.2
RF leaf=5 [S3],25,0.03503335317232104,0.047705403984473746,0.5,0.0
HGB d=2 강한 규제 [S3],25,0.03903285977849791,0.051191122602887315,0.4789473684210526,0.0
LogReg L2 C=0.01 [S0],26,0.03502771909103448,0.05866588966588967,0.5168141592920354,0.2
LogReg L2 C=0.1 [S0],26,0.03576022610674323,0.0589130859339588,0.5486725663716814,0.2
LogReg L2 C=1 [S0],26,0.03360555934738975,0.057888486836815106,0.5557522123893806,0.2
LogReg L1 C=0.05 [S0],26,0.04021154897160997,0.060538039499622,0.5415929203539823,0.4
LogReg L1 C=0.3 [S0],26,0.036336576265805554,0.06283778636338902,0.5823008849557523,0.4
RF leaf=1 [S0],26,0.043692333273596784,0.04492386589642915,0.4150442477876106,0.2
RF leaf=5 [S0],26,0.03936059540197225,0.044781162464985994,0.45663716814159294,0.0
RF leaf=20 [S0],26,0.03580031956010481,0.05567944792082723,0.5008849557522124,0.2
RF 균형배깅 (subsample 30%) [S0],26,0.037628649724182825,0.07027198093138572,0.5203539823008849,0.4
ExtraTrees leaf=5 [S0],26,0.04122930384388287,0.0515882131246263,0.511504424778761,0.0
HGB d=2 lr=.05 it=100 [S0],26,0.0361095742043689,0.07329540909486132,0.5814159292035398,0.2
HGB d=3 lr=.05 it=200 [S0],26,0.04130900055217728,0.08490425026267073,0.5876106194690265,0.4
HGB d=2 강한 규제 [S0],26,0.0335247025376707,0.07549919563646401,0.6309734513274337,0.2
SVM RBF [S0],26,0.11914652971883483,0.04259980357806445,0.35575221238938054,0.2
kNN k=15 [S0],26,0.04154986763859793,0.12395983425644444,0.7336283185840708,0.6
Naive Bayes [S0],26,0.033087773829792444,0.0564493927125506,0.5327433628318584,0.2
LogReg L2 C=0.1 [S2],26,0.035694757798609714,0.059483963364632776,0.5628318584070796,0.2
RF leaf=5 [S2],26,0.03244688850533868,0.049884203154035134,0.4814159292035398,0.0
HGB d=2 강한 규제 [S2],26,0.03475152708692404,0.05890722525355723,0.5592920353982301,0.2
LogReg L2 C=0.1 [S3],26,0.03940194350287212,0.04802437806561518,0.4938053097345133,0.0
RF leaf=5 [S3],26,0.0386975384035317,0.03264144876026064,0.25486725663716814,0.0
HGB d=2 강한 규제 [S3],26,0.04150387885636364,0.046893935032146415,0.4601769911504425,0.0
LogReg L2 C=0.01 [S0],27,0.037763511074277376,0.09958507379560012,0.5539823008849557,0.4
LogReg L2 C=0.1 [S0],27,0.03473364481086373,0.08114432291926188,0.5345132743362832,0.4
LogReg L2 C=1 [S0],27,0.03263258613825924,0.05822451215396799,0.4955752212389381,0.2
LogReg L1 C=0.05 [S0],27,0.04396824651282161,0.1003286541889483,0.5115044247787611,0.4
LogReg L1 C=0.3 [S0],27,0.03486231740971336,0.08081471931350866,0.5256637168141594,0.4
RF leaf=1 [S0],27,0.03646316177011773,0.046023031562902994,0.4530973451327433,0.2
RF leaf=5 [S0],27,0.03508883353931727,0.04451757985293461,0.4371681415929204,0.2
RF leaf=20 [S0],27,0.03585563048495294,0.0391537556149425,0.38761061946902653,0.0
RF 균형배깅 (subsample 30%) [S0],27,0.03627238297622142,0.0477784984973476,0.5008849557522124,0.0
ExtraTrees leaf=5 [S0],27,0.0348716618119184,0.0662221231728698,0.6141592920353982,0.2
HGB d=2 lr=.05 it=100 [S0],27,0.038997169525496506,0.059208008920813626,0.47787610619469023,0.2
HGB d=3 lr=.05 it=200 [S0],27,0.049573786044291766,0.06776696095348482,0.5964601769911504,0.2
HGB d=2 강한 규제 [S0],27,0.03544244602943499,0.053064885778358266,0.46371681415929206,0.2
SVM RBF [S0],27,0.037564635324038004,0.03464898584937054,0.29026548672566377,0.0
kNN k=15 [S0],27,0.036753696449384365,0.09899625502815933,0.7132743362831859,0.4
Naive Bayes [S0],27,0.032842508196959344,0.05062673866797578,0.5168141592920354,0.0
LogReg L2 C=0.1 [S2],27,0.03239832921926756,0.058097061348724985,0.5221238938053098,0.2
RF leaf=5 [S2],27,0.030184964899529987,0.046879825030509956,0.4902654867256637,0.0
HGB d=2 강한 규제 [S2],27,0.031173612138542015,0.039182371154219985,0.3876106194690266,0.0
LogReg L2 C=0.1 [S3],27,0.03507791690839328,0.056451238390092875,0.5398230088495575,0.2
RF leaf=5 [S3],27,0.0294641631774298,0.048880501353083604,0.47610619469026544,0.2
HGB d=2 강한 규제 [S3],27,0.03347927142329669,0.04630206635422791,0.48672566371681414,0.0
LogReg L2 C=0.01 [S0],28,0.03771064562608652,0.06070522662014634,0.39823008849557523,0.2
LogReg L2 C=0.1 [S0],28,0.04145668485876639,0.05792530809186372,0.35398230088495575,0.2
LogReg L2 C=1 [S0],28,0.042430350945242376,0.06861516927652875,0.3415929203539823,0.2
LogReg L1 C=0.05 [S0],28,0.03554763724736908,0.07435897435897437,0.5415929203539822,0.4
LogReg L1 C=0.3 [S0],28,0.03980411689347129,0.0548731655081234,0.36283185840707965,0.2
RF leaf=1 [S0],28,0.06044814545290219,0.07431704936559307,0.3973451327433628,0.2
RF leaf=5 [S0],28,0.055851715275202836,0.08217375254443213,0.3716814159292036,0.2
RF leaf=20 [S0],28,0.04266220629412678,0.0856505343231007,0.4035398230088495,0.4
RF 균형배깅 (subsample 30%) [S0],28,0.046610099914457914,0.0833604210200449,0.45663716814159294,0.4
ExtraTrees leaf=5 [S0],28,0.039460936744629194,0.049645164017950924,0.30619469026548674,0.2
HGB d=2 lr=.05 it=100 [S0],28,0.04724080052476538,0.04050026732475203,0.30619469026548674,0.2
HGB d=3 lr=.05 it=200 [S0],28,0.05356176193843931,0.04421581358277876,0.35575221238938054,0.2
HGB d=2 강한 규제 [S0],28,0.04924198677141961,0.060750378861833966,0.3946902654867257,0.4
SVM RBF [S0],28,0.03360566246375804,0.08259806365974212,0.39646017699115044,0.2
kNN k=15 [S0],28,0.03693506578084325,0.06819235378557412,0.5557522123893806,0.2
Naive Bayes [S0],28,0.04430440474045048,0.04659734303132788,0.30796460176991153,0.2
LogReg L2 C=0.1 [S2],28,0.04153542748605707,0.04301271827587617,0.368141592920354,0.2
RF leaf=5 [S2],28,0.03943531542014919,0.24007937589646736,0.38407079646017694,0.4
HGB d=2 강한 규제 [S2],28,0.04149635853755478,0.06497953871484785,0.3557522123893805,0.2
LogReg L2 C=0.1 [S3],28,0.04342578138253152,0.03817958087851443,0.36637168141592924,0.0
RF leaf=5 [S3],28,0.046433375360291185,0.13336591652381127,0.39823008849557523,0.2
HGB d=2 강한 규제 [S3],28,0.0449874926429749,0.09909702165570031,0.4017699115044248,0.2
LogReg L2 C=0.01 [S0],29,0.03275330733694386,0.04414662359730891,0.45663716814159294,0.0
LogReg L2 C=0.1 [S0],29,0.03496413028378925,0.04154799297243196,0.42123893805309737,0.0
LogReg L2 C=1 [S0],29,0.035668835326115214,0.038120528782668,0.36106194690265486,0.0
LogReg L1 C=0.05 [S0],29,0.039947571104623096,0.06488939241264935,0.5504424778761061,0.2
LogReg L1 C=0.3 [S0],29,0.03749300358725427,0.039102920344339105,0.3769911504424779,0.0
RF leaf=1 [S0],29,0.0534556762448746,0.08577338006943529,0.5495575221238939,0.4
RF leaf=5 [S0],29,0.042981983611605816,0.05381192237067697,0.47610619469026544,0.2
RF leaf=20 [S0],29,0.03359625132767804,0.05860945370011623,0.5132743362831858,0.2
RF 균형배깅 (subsample 30%) [S0],29,0.03477430292789014,0.07796359894406286,0.46548672566371685,0.2
ExtraTrees leaf=5 [S0],29,0.0379765695569549,0.044105704607224364,0.4336283185840708,0.0
HGB d=2 lr=.05 it=100 [S0],29,0.04648279689045323,0.05230458745671727,0.47610619469026555,0.2
HGB d=3 lr=.05 it=200 [S0],29,0.051001160914054905,0.06805761555606059,0.5079646017699115,0.4
HGB d=2 강한 규제 [S0],29,0.041801088866745925,0.049064880222942565,0.4725663716814159,0.2
SVM RBF [S0],29,0.0325645585938905,0.05262200317020012,0.4283185840707965,0.2
kNN k=15 [S0],29,0.04642640706630609,0.0423728813559322,0.25663716814159293,0.0
Naive Bayes [S0],29,0.0373804523540527,0.042314829607485546,0.37168141592920356,0.2
LogReg L2 C=0.1 [S2],29,0.0336055582867341,0.04331343513868944,0.4442477876106195,0.0
RF leaf=5 [S2],29,0.031796541300405205,0.03717452492857318,0.3433628318584071,0.0
HGB d=2 강한 규제 [S2],29,0.03082191064204353,0.04186507936507937,0.415929203539823,0.0
LogReg L2 C=0.1 [S3],29,0.034345389541363236,0.06559524467063821,0.5646017699115045,0.2
RF leaf=5 [S3],29,0.0319301773531276,0.044011544011544015,0.45309734513274336,0.0
HGB d=2 강한 규제 [S3],29,0.03804925407258289,0.04749147639413756,0.4849557522123894,0.0
LogReg L2 C=0.01 [S0],30,0.037541580825556725,0.04535510804487641,0.45614035087719296,0.0
LogReg L2 C=0.1 [S0],30,0.03884726345965773,0.05551181827070081,0.4807017543859649,0.2
LogReg L2 C=1 [S0],30,0.038063428469576964,0.0609482884265493,0.4859649122807018,0.2
LogReg L1 C=0.05 [S0],30,0.033602505257657456,0.08420516734852564,0.4543859649122807,0.2
LogReg L1 C=0.3 [S0],30,0.03909913262256371,0.057126324815112,0.48947368421052634,0.2
RF leaf=1 [S0],30,0.05028636351811334,0.05303995282323456,0.4710526315789474,0.2
RF leaf=5 [S0],30,0.051330721214927835,0.06379119410394471,0.3807017543859649,0.2
RF leaf=20 [S0],30,0.04475350269372172,0.07009671800513385,0.3807017543859649,0.2
RF 균형배깅 (subsample 30%) [S0],30,0.05465982651250745,0.041013573968913405,0.3666666666666667,0.2
ExtraTrees leaf=5 [S0],30,0.04322847678775833,0.038245316387877856,0.3315789473684211,0.2
HGB d=2 lr=.05 it=100 [S0],30,0.05601851970214127,0.06928233541220667,0.5403508771929825,0.2
HGB d=3 lr=.05 it=200 [S0],30,0.07511965827536324,0.07874299185755682,0.5964912280701754,0.2
HGB d=2 강한 규제 [S0],30,0.04409817526562629,0.0684351962400743,0.46842105263157896,0.2
SVM RBF [S0],30,0.037470163662834614,0.03997783515953102,0.39649122807017545,0.0
kNN k=15 [S0],30,0.04050953427337398,0.04102085278555867,0.3508771929824561,0.0
Naive Bayes [S0],30,0.03938782745067172,0.04769248239836475,0.42105263157894735,0.2
LogReg L2 C=0.1 [S2],30,0.03710181209380588,0.04275619720781011,0.43157894736842106,0.0
RF leaf=5 [S2],30,0.037046446974042364,0.03528231292517006,0.32456140350877194,0.0
HGB d=2 강한 규제 [S2],30,0.037057850968178076,0.04504350281226549,0.4473684210526315,0.0
LogReg L2 C=0.1 [S3],30,0.03529217159844664,0.04572673195938232,0.45789473684210524,0.0
RF leaf=5 [S3],30,0.03335547842353731,0.04185167980704791,0.41228070175438597,0.0
HGB d=2 강한 규제 [S3],30,0.039210148255733275,0.04569708560636222,0.4070175438596491,0.0
LogReg L2 C=0.01 [S0],31,0.03531660517893985,0.03793565071701406,0.3433628318584071,0.0
LogReg L2 C=0.1 [S0],31,0.036840926280919825,0.03618121224770955,0.32035398230088497,0.0
LogReg L2 C=1 [S0],31,0.03780457048645728,0.03399045151472336,0.2867256637168142,0.0
LogReg L1 C=0.05 [S0],31,0.04466564536457983,0.07017550565376653,0.49823008849557526,0.4
LogReg L1 C=0.3 [S0],31,0.03665105065377271,0.039968858954861006,0.3699115044247787,0.0
RF leaf=1 [S0],31,0.04465901527532641,0.04422207010638601,0.4628318584070797,0.0
RF leaf=5 [S0],31,0.04491700471450406,0.04117942991481322,0.41238938053097346,0.0
RF leaf=20 [S0],31,0.05575714103338148,0.03475598535002129,0.3097345132743363,0.0
RF 균형배깅 (subsample 30%) [S0],31,0.03531649253207417,0.05372614067397641,0.45840707964601773,0.2
ExtraTrees leaf=5 [S0],31,0.0375505332443477,0.040614897434119404,0.37522123893805315,0.0
HGB d=2 lr=.05 it=100 [S0],31,0.04847107404855255,0.04543915529450727,0.43539823008849554,0.0
HGB d=3 lr=.05 it=200 [S0],31,0.04506293205953513,0.05404423693897378,0.5008849557522124,0.2
HGB d=2 강한 규제 [S0],31,0.05659474813430921,0.04433105051322214,0.431858407079646,0.0
SVM RBF [S0],31,0.03516758065098967,0.036550282842417674,0.32035398230088497,0.0
kNN k=15 [S0],31,0.04058933842402829,0.043918375286243504,0.4424778761061947,0.0
Naive Bayes [S0],31,0.03974932721540427,0.03509968898591136,0.2920353982300885,0.0
LogReg L2 C=0.1 [S2],31,0.03973642699768634,0.037728169179782084,0.3221238938053097,0.0
RF leaf=5 [S2],31,0.04461743447023903,0.03613818860877684,0.33628318584070793,0.0
HGB d=2 강한 규제 [S2],31,0.05088225528632735,0.041918497660909465,0.3911504424778761,0.2
LogReg L2 C=0.1 [S3],31,0.047911389984948,0.045407619343343614,0.3433628318584071,0.2
RF leaf=5 [S3],31,0.047458528201743455,0.038993833069513005,0.34690265486725663,0.0
HGB d=2 강한 규제 [S3],31,0.04687748084395153,0.040422532624367485,0.3345132743362832,0.0
LogReg L2 C=0.01 [S0],32,0.037355725417651475,0.0376153956803037,0.35929203539823007,0.0
LogReg L2 C=0.1 [S0],32,0.03734742615740101,0.04082811705867151,0.4035398230088496,0.0
LogReg L2 C=1 [S0],32,0.03747446127003141,0.038652646933539384,0.3752212389380531,0.0
LogReg L1 C=0.05 [S0],32,0.036429904651292644,0.056951465002863834,0.5398230088495575,0.2
LogReg L1 C=0.3 [S0],32,0.03960251929101645,0.04338108725562839,0.4407079646017699,0.0
RF leaf=1 [S0],32,0.04122947588545027,0.07243516731463025,0.39292035398230085,0.2
RF leaf=5 [S0],32,0.04000389370887479,0.07675563237922245,0.2955752212389381,0.2
RF leaf=20 [S0],32,0.03646356966339,0.05615222809771682,0.3079646017699116,0.2
RF 균형배깅 (subsample 30%) [S0],32,0.03608914064767073,0.06864990758524894,0.33097345132743367,0.2
ExtraTrees leaf=5 [S0],32,0.04043716725878832,0.03690789928867584,0.3185840707964601,0.0
HGB d=2 lr=.05 it=100 [S0],32,0.04765999074908691,0.03591725674549969,0.288495575221239,0.0
HGB d=3 lr=.05 it=200 [S0],32,0.06354675816014146,0.04540403008931336,0.39292035398230096,0.2
HGB d=2 강한 규제 [S0],32,0.040560457187030954,0.04740563348158285,0.3451327433628319,0.2
SVM RBF [S0],32,0.050546293993336225,0.04173579778395277,0.39646017699115044,0.0
kNN k=15 [S0],32,0.037244160577722236,0.08964565004887587,0.6283185840707964,0.2
Naive Bayes [S0],32,0.03704388919219534,0.048257757471920806,0.3185840707964602,0.2
LogReg L2 C=0.1 [S2],32,0.036123104387938115,0.03644140080952444,0.3398230088495575,0.0
RF leaf=5 [S2],32,0.034382263208888646,0.07499167715823539,0.2336283185840708,0.2
HGB d=2 강한 규제 [S2],32,0.036360621836528675,0.041451814768460576,0.3398230088495575,0.2
LogReg L2 C=0.1 [S3],32,0.03437651911787327,0.042491331675520064,0.4389380530973451,0.0
RF leaf=5 [S3],32,0.029360801417580594,0.12591045000375628,0.26902654867256637,0.2
HGB d=2 강한 규제 [S3],32,0.0286268275584868,0.09969345340900729,0.4353982300884956,0.2
LogReg L2 C=0.01 [S0],33,0.0431734651887333,0.0376989215920762,0.33805309734513267,0.0
LogReg L2 C=0.1 [S0],33,0.04118596018463666,0.04271507530581941,0.3734513274336283,0.2
LogReg L2 C=1 [S0],33,0.03773684049389139,0.04628725956233891,0.3858407079646018,0.2
LogReg L1 C=0.05 [S0],33,0.07010224401325629,0.04763904660963485,0.39646017699115044,0.2
LogReg L1 C=0.3 [S0],33,0.04118423349475541,0.043758990210603116,0.3716814159292035,0.0
RF leaf=1 [S0],33,0.08988019867679467,0.05236651592527053,0.4132743362831858,0.2
RF leaf=5 [S0],33,0.06985261464256758,0.058048733435770834,0.35752212389380533,0.2
RF leaf=20 [S0],33,0.05914368242661699,0.23104182465527004,0.3858407079646018,0.2
RF 균형배깅 (subsample 30%) [S0],33,0.07494615352521229,0.06252320628884558,0.3469026548672567,0.2
ExtraTrees leaf=5 [S0],33,0.05715819525859499,0.0356514459772426,0.29380530973451324,0.0
HGB d=2 lr=.05 it=100 [S0],33,0.06360745866603489,0.0547460370338124,0.40265486725663724,0.4
HGB d=3 lr=.05 it=200 [S0],33,0.0574490241936662,0.04479798311873823,0.4,0.2
HGB d=2 강한 규제 [S0],33,0.06003611927923213,0.11506146903205727,0.4530973451327434,0.4
SVM RBF [S0],33,0.0563639182685844,0.03206566932982027,0.2442477876106195,0.0
kNN k=15 [S0],33,0.05501008555919338,0.035726759116589624,0.331858407079646,0.0
Naive Bayes [S0],33,0.0493469182897799,0.05276172486727737,0.36283185840707965,0.2
LogReg L2 C=0.1 [S2],33,0.04856767760723344,0.04584993934724799,0.3858407079646018,0.0
RF leaf=5 [S2],33,0.05995454619206234,0.03502182011400504,0.31504424778761064,0.0
HGB d=2 강한 규제 [S2],33,0.059230565764420096,0.04336258462827523,0.3929203539823009,0.2
LogReg L2 C=0.1 [S3],33,0.04268243597565494,0.043844708230189634,0.3911504424778761,0.2
RF leaf=5 [S3],33,0.05194024623846545,0.03313440192752778,0.2743362831858407,0.0
HGB d=2 강한 규제 [S3],33,0.06878804550864566,0.06369844390171787,0.5433628318584072,0.2
LogReg L2 C=0.01 [S0],34,0.034748589948505805,0.06031746031746032,0.5221238938053097,0.2
LogReg L2 C=0.1 [S0],34,0.036972650359238066,0.06075658296730428,0.5415929203539823,0.4
LogReg L2 C=1 [S0],34,0.03551012072681236,0.056678043304715216,0.536283185840708,0.2
LogReg L1 C=0.05 [S0],34,0.039689888347729435,0.07142857142857142,0.5610619469026549,0.2
LogReg L1 C=0.3 [S0],34,0.03638573650227652,0.055911512545113215,0.5168141592920353,0.0
RF leaf=1 [S0],34,0.034971665556463846,0.08000671269658613,0.6628318584070796,0.4
RF leaf=5 [S0],34,0.032786543061351286,0.0511608685753727,0.5026548672566371,0.2
RF leaf=20 [S0],34,0.03336026329502376,0.044480699986048006,0.4601769911504425,0.0
RF 균형배깅 (subsample 30%) [S0],34,0.032333956438138856,0.05575940814036052,0.5681415929203539,0.2
ExtraTrees leaf=5 [S0],34,0.03146466115756594,0.05581077775115135,0.5433628318584072,0.2
HGB d=2 lr=.05 it=100 [S0],34,0.03420287603688939,0.07352525252525252,0.6389380530973452,0.2
HGB d=3 lr=.05 it=200 [S0],34,0.03723666871581917,0.07848272593066385,0.6566371681415929,0.2
HGB d=2 강한 규제 [S0],34,0.03588760919305209,0.0673800590943448,0.6017699115044247,0.2
SVM RBF [S0],34,0.06290832465311756,0.03344511803626582,0.2743362831858407,0.0
kNN k=15 [S0],34,0.03832259996935002,0.055315033161385405,0.4849557522123894,0.4
Naive Bayes [S0],34,0.030507421909755097,0.05431755844108627,0.5610619469026549,0.2
LogReg L2 C=0.1 [S2],34,0.03560590640469319,0.0648310443576991,0.5610619469026549,0.4
RF leaf=5 [S2],34,0.03217796462495658,0.04995659110373419,0.4247787610619469,0.2
HGB d=2 강한 규제 [S2],34,0.029746637285907034,0.05741822025964695,0.5575221238938053,0.2
LogReg L2 C=0.1 [S3],34,0.036529789985211926,0.054887259053925726,0.5451327433628319,0.2
RF leaf=5 [S3],34,0.03269042573918978,0.061474521129693545,0.5946902654867257,0.0
HGB d=2 강한 규제 [S3],34,0.03154894146936347,0.13197492163009406,0.720353982300885,0.2
LogReg L2 C=0.01 [S0],35,0.034039783289298464,0.043645487362726734,0.38070175438596493,0.2
LogReg L2 C=0.1 [S0],35,0.03512511537885757,0.041659003275091554,0.3684210526315789,0.2
LogReg L2 C=1 [S0],35,0.035376223545546474,0.040331470005309476,0.3508771929824561,0.2
LogReg L1 C=0.05 [S0],35,0.04222040815665398,0.050561436665133186,0.5298245614035089,0.0
LogReg L1 C=0.3 [S0],35,0.03388981230291359,0.04359207841966463,0.41228070175438597,0.2
RF leaf=1 [S0],35,0.05523557429568861,0.11235940530058178,0.5885964912280702,0.4
RF leaf=5 [S0],35,0.046158161000240144,0.0674870554282319,0.5105263157894737,0.4
RF leaf=20 [S0],35,0.042240124404124405,0.06269033041411558,0.3894736842105263,0.4
RF 균형배깅 (subsample 30%) [S0],35,0.054561372578880746,0.0749234203015522,0.5280701754385966,0.4
ExtraTrees leaf=5 [S0],35,0.03702210374929686,0.04692900237017884,0.4421052631578948,0.2
HGB d=2 lr=.05 it=100 [S0],35,0.04373384411670851,0.06036231884057971,0.4035087719298246,0.4
HGB d=3 lr=.05 it=200 [S0],35,0.044721393156435585,0.08329097809698935,0.5228070175438597,0.4
HGB d=2 강한 규제 [S0],35,0.03902227347149535,0.05760774008600096,0.38421052631578956,0.2
SVM RBF [S0],35,0.05124074714178818,0.061684424208696055,0.48245614035087714,0.4
kNN k=15 [S0],35,0.039965802474022205,0.04086732874968169,0.4508771929824562,0.0
Naive Bayes [S0],35,0.043569923692318574,0.0644111827341087,0.3824561403508772,0.4
LogReg L2 C=0.1 [S2],35,0.03314854217826636,0.05289584222776163,0.4070175438596491,0.2
RF leaf=5 [S2],35,0.03372481498746341,0.045255626171048224,0.37017543859649127,0.2
HGB d=2 강한 규제 [S2],35,0.03448893566056502,0.03892643889252938,0.3087719298245614,0.2
LogReg L2 C=0.1 [S3],35,0.03446338660700039,0.06707419297792168,0.48771929824561405,0.2
RF leaf=5 [S3],35,0.03734629807467618,0.05083413415091667,0.4280701754385965,0.2
HGB d=2 강한 규제 [S3],35,0.03545321238135979,0.07965694306352275,0.41578947368421054,0.4
LogReg L2 C=0.01 [S0],36,0.04141832039593023,0.046420066172359754,0.4389380530973451,0.2
LogReg L2 C=0.1 [S0],36,0.04113072653839082,0.051374841300214434,0.49911504424778763,0.0
LogReg L2 C=1 [S0],36,0.039562739708736805,0.05094276910915281,0.511504424778761,0.0
LogReg L1 C=0.05 [S0],36,0.05616025467227255,0.052074863542254844,0.5168141592920354,0.2
LogReg L1 C=0.3 [S0],36,0.044241957430619525,0.05243562678862307,0.5292035398230088,0.0
RF leaf=1 [S0],36,0.09583862141090205,0.03488606613331627,0.3230088495575222,0.0
RF leaf=5 [S0],36,0.05691680045129423,0.03402099207250383,0.29026548672566366,0.0
RF leaf=20 [S0],36,0.04893619299804754,0.03280762067139776,0.2654867256637168,0.0
RF 균형배깅 (subsample 30%) [S0],36,0.1080129875396188,0.03627030657956774,0.32389380530973455,0.0
ExtraTrees leaf=5 [S0],36,0.03942628846106386,0.03989755614755615,0.3858407079646018,0.0
HGB d=2 lr=.05 it=100 [S0],36,0.07149503980262747,0.050518932218594215,0.4336283185840708,0.4
HGB d=3 lr=.05 it=200 [S0],36,0.0701422020433354,0.050044917139870373,0.39823008849557523,0.2
HGB d=2 강한 규제 [S0],36,0.062456889208928425,0.03990692712356988,0.3805309734513274,0.0
SVM RBF [S0],36,0.06018037425321994,0.04743143596924176,0.4353982300884956,0.2
kNN k=15 [S0],36,0.05108742841212024,0.04356819408678756,0.45309734513274336,0.0
Naive Bayes [S0],36,0.048680469127061754,0.03139683360668975,0.22654867256637168,0.0
LogReg L2 C=0.1 [S2],36,0.042285840756165954,0.05212715855572998,0.4601769911504425,0.2
RF leaf=5 [S2],36,0.05970065171015602,0.03547624200455455,0.3221238938053097,0.0
HGB d=2 강한 규제 [S2],36,0.05283265131763823,0.03722679277741128,0.34336283185840705,0.0
LogReg L2 C=0.1 [S3],36,0.048275975783650504,0.04552303503608201,0.46194690265486726,0.0
RF leaf=5 [S3],36,0.05165822950550401,0.035634630348177154,0.3256637168141593,0.0
HGB d=2 강한 규제 [S3],36,0.047039677943685104,0.05411891231033644,0.5221238938053097,0.0
LogReg L2 C=0.01 [S0],37,0.03720349143721896,0.0447881896162939,0.45309734513274336,0.0
LogReg L2 C=0.1 [S0],37,0.03761326456762623,0.04858958017111616,0.488495575221239,0.0
LogReg L2 C=1 [S0],37,0.03659084755734429,0.04697976924292714,0.47079646017699117,0.2
LogReg L1 C=0.05 [S0],37,0.03371598418302224,0.13959009364441272,0.5327433628318584,0.2
LogReg L1 C=0.3 [S0],37,0.03786388182053187,0.04813904563904564,0.44955752212389377,0.2
RF leaf=1 [S0],37,0.052058438244623154,0.054005376344086024,0.5168141592920354,0.2
RF leaf=5 [S0],37,0.04942684515240719,0.03846537742819733,0.37168141592920356,0.0
RF leaf=20 [S0],37,0.040162965759824254,0.034830656741043145,0.30619469026548674,0.0
RF 균형배깅 (subsample 30%) [S0],37,0.03824534543657689,0.04356115407324764,0.42300884955752216,0.0
ExtraTrees leaf=5 [S0],37,0.04784051970454192,0.039502467962268376,0.36106194690265486,0.0
HGB d=2 lr=.05 it=100 [S0],37,0.057093326328231095,0.03871014647097194,0.2761061946902655,0.2
HGB d=3 lr=.05 it=200 [S0],37,0.06792171934289887,0.052154389272899414,0.2991150442477876,0.2
HGB d=2 강한 규제 [S0],37,0.05027495040992196,0.059916966272898484,0.44778761061946903,0.2
SVM RBF [S0],37,0.04329735869220602,0.044435819342651645,0.4424778761061947,0.2
kNN k=15 [S0],37,0.04517769304696797,0.04083113622096672,0.4008849557522124,0.0
Naive Bayes [S0],37,0.04313219856419018,0.030275619675534948,0.1929203539823009,0.0
LogReg L2 C=0.1 [S2],37,0.03862467936427734,0.04285227501046805,0.4283185840707965,0.0
RF leaf=5 [S2],37,0.0389270071500233,0.041538348720591964,0.35929203539823007,0.2
HGB d=2 강한 규제 [S2],37,0.03522468890055839,0.04364351947751283,0.3504424778761063,0.2
LogReg L2 C=0.1 [S3],37,0.04055465768395929,0.04800672464587108,0.49026548672566367,0.0
RF leaf=5 [S3],37,0.042240421782751995,0.03911968013011656,0.33628318584070793,0.2
HGB d=2 강한 규제 [S3],37,0.031569182994903536,0.039544470755990116,0.36283185840707965,0.0
LogReg L2 C=0.01 [S0],38,0.04273789258001215,0.03836670710054997,0.3699115044247787,0.0
LogReg L2 C=0.1 [S0],38,0.04297856130832031,0.036373316124868924,0.336283185840708,0.0
LogReg L2 C=1 [S0],38,0.04206298019816773,0.03528964863673001,0.3132743362831859,0.0
LogReg L1 C=0.05 [S0],38,0.04552675909109678,0.04323439161540111,0.41415929203539825,0.0
LogReg L1 C=0.3 [S0],38,0.04552458076394096,0.0362690699649538,0.3380530973451328,0.0
RF leaf=1 [S0],38,0.04192028852738207,0.13667329133069162,0.5053097345132743,0.2
RF leaf=5 [S0],38,0.03835529366300177,0.14032871253759646,0.5309734513274337,0.2
RF leaf=20 [S0],38,0.04930786971558537,0.066251037307767,0.5451327433628319,0.2
RF 균형배깅 (subsample 30%) [S0],38,0.03381886394431615,0.10977189477189478,0.5557522123893806,0.2
ExtraTrees leaf=5 [S0],38,0.03304591575859378,0.0733811438892382,0.6212389380530974,0.2
HGB d=2 lr=.05 it=100 [S0],38,0.048589074478897855,0.1559157509157509,0.7026548672566372,0.6
HGB d=3 lr=.05 it=200 [S0],38,0.05513128906557535,0.29971988795518206,0.7221238938053097,0.6
HGB d=2 강한 규제 [S0],38,0.04029198786404415,0.15689964157706093,0.5929203539823009,0.4
SVM RBF [S0],38,0.05031249775733562,0.03952939225964344,0.38761061946902653,0.0
kNN k=15 [S0],38,0.038243479475030664,0.19796952576613594,0.7345132743362832,0.6
Naive Bayes [S0],38,0.030939897429228636,0.07244841480949232,0.5646017699115045,0.2
LogReg L2 C=0.1 [S2],38,0.03510815724005491,0.03725299968776484,0.3451327433628319,0.0
RF leaf=5 [S2],38,0.03295690425024056,0.12646605368254854,0.2849557522123894,0.2
HGB d=2 강한 규제 [S2],38,0.031328783085784184,0.1294400451654052,0.36460176991150445,0.2
LogReg L2 C=0.1 [S3],38,0.03491455539099916,0.043066901974465,0.41592920353982304,0.0
RF leaf=5 [S3],38,0.03130870346714405,0.09627128427128427,0.368141592920354,0.2
HGB d=2 강한 규제 [S3],38,0.029187842274072187,0.23274679508767204,0.43362831858407086,0.2
LogReg L2 C=0.01 [S0],39,0.038815215782359726,0.05716394549977758,0.5309734513274336,0.4
LogReg L2 C=0.1 [S0],39,0.03957841995414978,0.06158082891276168,0.5752212389380531,0.2
LogReg L2 C=1 [S0],39,0.039243871455950805,0.05387148798913505,0.5486725663716814,0.2
LogReg L1 C=0.05 [S0],39,0.04468203286387123,0.0828472602666151,0.5752212389380531,0.2
LogReg L1 C=0.3 [S0],39,0.040650053204726345,0.06600225040975254,0.5876106194690265,0.4
RF leaf=1 [S0],39,0.040990535277221844,0.058450221291571014,0.5601769911504425,0.2
RF leaf=5 [S0],39,0.0370891007770518,0.05574838967451826,0.5752212389380531,0.0
RF leaf=20 [S0],39,0.040225452621672944,0.0470059906867987,0.4920353982300885,0.0
RF 균형배깅 (subsample 30%) [S0],39,0.03934314704842838,0.07978485116416152,0.6176991150442478,0.4
ExtraTrees leaf=5 [S0],39,0.04852149426496029,0.07196749404858832,0.6212389380530974,0.4
HGB d=2 lr=.05 it=100 [S0],39,0.04362155990363367,0.04172944455963323,0.41415929203539825,0.0
HGB d=3 lr=.05 it=200 [S0],39,0.04575944774017946,0.04936944896535689,0.4849557522123894,0.0
HGB d=2 강한 규제 [S0],39,0.042596611031135996,0.04273459426655461,0.4424778761061947,0.0
SVM RBF [S0],39,0.039761373787928295,0.03986833429012526,0.4,0.0
kNN k=15 [S0],39,0.04405198480899918,0.08032586224011946,0.6672566371681417,0.4
Naive Bayes [S0],39,0.04313858147344321,0.0423989343989344,0.4212389380530973,0.0
LogReg L2 C=0.1 [S2],39,0.040017575250327564,0.049817725010756674,0.5185840707964602,0.0
RF leaf=5 [S2],39,0.03443082649545714,0.05092591524888972,0.536283185840708,0.0
HGB d=2 강한 규제 [S2],39,0.03488656277742662,0.041202699261522785,0.41061946902654867,0.0
LogReg L2 C=0.1 [S3],39,0.04664451262610616,0.06127048260381594,0.536283185840708,0.2
RF leaf=5 [S3],39,0.042061620347007334,0.0512266976545236,0.5132743362831859,0.0
HGB d=2 강한 규제 [S3],39,0.03518900759676291,0.06485239541160594,0.6389380530973452,0.0
LogReg L2 C=0.01 [S0],40,0.03871356426693404,0.06520993004755601,0.6280701754385964,0.2
LogReg L2 C=0.1 [S0],40,0.03787623660315188,0.06362521688837479,0.6298245614035087,0.2
LogReg L2 C=1 [S0],40,0.034799028788168984,0.06522588522588522,0.6456140350877193,0.2
LogReg L1 C=0.05 [S0],40,0.037742708033889766,0.09357928551356619,0.7192982456140351,0.4
LogReg L1 C=0.3 [S0],40,0.03718173792127029,0.06836435314866687,0.643859649122807,0.2
RF leaf=1 [S0],40,0.04607616168164368,0.11449427271517709,0.6324561403508772,0.2
RF leaf=5 [S0],40,0.04024140719871467,0.0607977207977208,0.5491228070175439,0.2
RF leaf=20 [S0],40,0.03700083623692106,0.0528515945376594,0.47017543859649125,0.2
RF 균형배깅 (subsample 30%) [S0],40,0.037604375773297394,0.11862783517905975,0.6298245614035088,0.4
ExtraTrees leaf=5 [S0],40,0.04039180126880744,0.05725650751966542,0.5403508771929825,0.0
HGB d=2 lr=.05 it=100 [S0],40,0.04333873603226959,0.056223922502992275,0.49122807017543857,0.2
HGB d=3 lr=.05 it=200 [S0],40,0.053091298466485054,0.1626305038069744,0.6456140350877193,0.2
HGB d=2 강한 규제 [S0],40,0.03997899890689745,0.062445868299994,0.4973684210526316,0.2
SVM RBF [S0],40,0.03928249861798871,0.05363623923968752,0.39824561403508774,0.2
kNN k=15 [S0],40,0.039519180513617455,0.05199579831932773,0.4570175438596491,0.2
Naive Bayes [S0],40,0.03629138302360961,0.044321221472520655,0.4070175438596491,0.2
LogReg L2 C=0.1 [S2],40,0.03497997719287535,0.06732484948002189,0.6350877192982456,0.0
RF leaf=5 [S2],40,0.03295637895026319,0.05608311800172265,0.5596491228070175,0.0
HGB d=2 강한 규제 [S2],40,0.03490161869148761,0.04931456055597932,0.47192982456140353,0.2
LogReg L2 C=0.1 [S3],40,0.03590240561555605,0.06522535435578913,0.6192982456140351,0.2
RF leaf=5 [S3],40,0.03339114550885995,0.06460629580472041,0.5912280701754387,0.2
HGB d=2 강한 규제 [S3],40,0.03371903055291796,0.04611573768638656,0.43508771929824563,0.2
LogReg L2 C=0.01 [S0],41,0.0388046630986062,0.03418223829616235,0.2920353982300885,0.0
LogReg L2 C=0.1 [S0],41,0.04233700740062202,0.03647944647944648,0.3398230088495575,0.0
LogReg L2 C=1 [S0],41,0.04453196707136172,0.036019510255034005,0.3327433628318584,0.0
LogReg L1 C=0.05 [S0],41,0.06385399418373547,0.03436986554835756,0.29115044247787614,0.0
LogReg L1 C=0.3 [S0],41,0.04431477016828651,0.03783141978794152,0.36460176991150445,0.0
RF leaf=1 [S0],41,0.050247335280638704,0.029960131766659688,0.2185840707964602,0.0
RF leaf=5 [S0],41,0.043527952476379014,0.03086025661867861,0.21238938053097345,0.0
RF leaf=20 [S0],41,0.03714712379974072,0.031576256200452575,0.2336283185840708,0.0
RF 균형배깅 (subsample 30%) [S0],41,0.03775095898677321,0.0336051640782099,0.2796460176991151,0.0
ExtraTrees leaf=5 [S0],41,0.037848822223438945,0.03406417731783604,0.2902654867256637,0.0
HGB d=2 lr=.05 it=100 [S0],41,0.05129776012935231,0.03326913832505128,0.27610619469026554,0.0
HGB d=3 lr=.05 it=200 [S0],41,0.04307549829997934,0.03702239040274852,0.3486725663716814,0.0
HGB d=2 강한 규제 [S0],41,0.04563762253551498,0.03420804174109792,0.29380530973451324,0.0
SVM RBF [S0],41,0.03573868436318279,0.04550820890674688,0.47079646017699117,0.0
kNN k=15 [S0],41,0.040645651253608854,0.05322557697790924,0.5433628318584071,0.2
Naive Bayes [S0],41,0.044200794644757097,0.04023966371792458,0.368141592920354,0.2
LogReg L2 C=0.1 [S2],41,0.04169810243313814,0.036744425755033276,0.336283185840708,0.0
RF leaf=5 [S2],41,0.03768756936713536,0.0295608913525661,0.16283185840707964,0.0
HGB d=2 강한 규제 [S2],41,0.03980857337668856,0.03309551067878495,0.26194690265486725,0.0
LogReg L2 C=0.1 [S3],41,0.04621718378891922,0.04030389678442702,0.4035398230088496,0.0
RF leaf=5 [S3],41,0.04031183527967703,0.03133981985572573,0.22300884955752215,0.0
HGB d=2 강한 규제 [S3],41,0.05191001646279016,0.03469179427052321,0.2973451327433628,0.0
LogReg L2 C=0.01 [S0],42,0.07799148735649349,0.03198169371649188,0.24778761061946908,0.0
LogReg L2 C=0.1 [S0],42,0.0708126683849704,0.036406589705891654,0.3327433628318584,0.0
LogReg L2 C=1 [S0],42,0.060791195203267145,0.03856678522626798,0.368141592920354,0.0
LogReg L1 C=0.05 [S0],42,0.051048754722078774,0.034764342100476554,0.3097345132743363,0.0
LogReg L1 C=0.3 [S0],42,0.0686247853306777,0.03649710426567347,0.3380530973451327,0.0
RF leaf=1 [S0],42,0.0936997643832027,0.03619549352307973,0.3106194690265487,0.0
RF leaf=5 [S0],42,0.06327415093857694,0.030950242193049506,0.21238938053097345,0.0
RF leaf=20 [S0],42,0.059346375097568696,0.029523282551756076,0.1646017699115044,0.0
RF 균형배깅 (subsample 30%) [S0],42,0.06592943691603953,0.028654165321236272,0.1168141592920354,0.0
ExtraTrees leaf=5 [S0],42,0.09259696818259724,0.0314318915939563,0.23008849557522126,0.0
HGB d=2 lr=.05 it=100 [S0],42,0.07361166662996206,0.028794843406928824,0.15752212389380532,0.0
HGB d=3 lr=.05 it=200 [S0],42,0.09797305518649166,0.03806756174012811,0.2761061946902655,0.2
HGB d=2 강한 규제 [S0],42,0.04938688963171432,0.031203187251672475,0.2283185840707965,0.0
SVM RBF [S0],42,0.03692955646759199,0.04514544475489509,0.4495575221238938,0.2
kNN k=15 [S0],42,0.12153422473249448,0.04467231615313685,0.47256637168141596,0.0
Naive Bayes [S0],42,0.059404634685713845,0.02914626773118363,0.15575221238938056,0.0
LogReg L2 C=0.1 [S2],42,0.0592993538785919,0.03369347614762176,0.28495575221238933,0.0
RF leaf=5 [S2],42,0.09825837526330208,0.028403394515008267,0.13628318584070798,0.0
HGB d=2 강한 규제 [S2],42,0.04464303630823857,0.031992332621900724,0.24070796460176994,0.0
LogReg L2 C=0.1 [S3],42,0.058495349712989864,0.03638851715282067,0.3256637168141593,0.0
RF leaf=5 [S3],42,0.10166352599140752,0.029645522761567046,0.18407079646017702,0.0
HGB d=2 강한 규제 [S3],42,0.04207702706507079,0.030522512373341592,0.2088495575221239,0.0
LogReg L2 C=0.01 [S0],43,0.06365511703042316,0.04251827790215043,0.415929203539823,0.0
LogReg L2 C=0.1 [S0],43,0.06556705585368441,0.038557159861305174,0.36991150442477877,0.0
LogReg L2 C=1 [S0],43,0.05429257134644143,0.039002278359971124,0.3769911504424779,0.0
LogReg L1 C=0.05 [S0],43,0.053568294657129444,0.057261596081820805,0.5734513274336284,0.0
LogReg L1 C=0.3 [S0],43,0.06602092728543081,0.037823307673385924,0.36106194690265486,0.0
RF leaf=1 [S0],43,0.04328502451063884,0.053966983648746185,0.4911504424778761,0.2
RF leaf=5 [S0],43,0.0394744239290236,0.04754516995118499,0.4548672566371682,0.2
RF leaf=20 [S0],43,0.03690589583260591,0.03886619669638537,0.3734513274336283,0.0
RF 균형배깅 (subsample 30%) [S0],43,0.03731551658150524,0.06447399423333039,0.4672566371681416,0.2
ExtraTrees leaf=5 [S0],43,0.037566065584571526,0.040538617097090446,0.39823008849557523,0.0
HGB d=2 lr=.05 it=100 [S0],43,0.046907001936525694,0.09453927025355596,0.6176991150442479,0.4
HGB d=3 lr=.05 it=200 [S0],43,0.04904384288078262,0.07029595483727369,0.5628318584070796,0.4
HGB d=2 강한 규제 [S0],43,0.03808709379847,0.08076136944302505,0.5292035398230088,0.2
SVM RBF [S0],43,0.04196399254746992,0.04394508999772158,0.37345132743362836,0.2
kNN k=15 [S0],43,0.04715404059515006,0.04928337793636634,0.4433628318584071,0.2
Naive Bayes [S0],43,0.03346636379249097,0.05786413352525974,0.5716814159292036,0.2
LogReg L2 C=0.1 [S2],43,0.05244555693636553,0.03997024618368802,0.3893805309734514,0.0
RF leaf=5 [S2],43,0.0377533971035108,0.043672893112064806,0.4371681415929204,0.2
HGB d=2 강한 규제 [S2],43,0.03952575042331871,0.045882196247165635,0.43362831858407075,0.0
LogReg L2 C=0.1 [S3],43,0.05768240831080289,0.045014868266536764,0.43539823008849565,0.2
RF leaf=5 [S3],43,0.04506566577123398,0.04198058068295519,0.3893805309734513,0.0
HGB d=2 강한 규제 [S3],43,0.04397999070351846,0.07715503592741445,0.5876106194690266,0.4
LogReg L2 C=0.01 [S0],44,0.038384193822180356,0.0461947898674981,0.45486725663716815,0.0
LogReg L2 C=0.1 [S0],44,0.040938186952581126,0.04613385812753102,0.45486725663716815,0.2
LogReg L2 C=1 [S0],44,0.04352076016735856,0.04598955564573495,0.4283185840707965,0.2
LogReg L1 C=0.05 [S0],44,0.0400558469749854,0.056472963934763594,0.4690265486725664,0.4
LogReg L1 C=0.3 [S0],44,0.04124468367044799,0.048968253968253966,0.48318584070796455,0.2
RF leaf=1 [S0],44,0.045909883874372656,0.06867843733914678,0.3637168141592921,0.2
RF leaf=5 [S0],44,0.04059911596873486,0.0808403361344538,0.504424778761062,0.2
RF leaf=20 [S0],44,0.03692376673101708,0.08217569437413519,0.48495575221238935,0.4
RF 균형배깅 (subsample 30%) [S0],44,0.03552747371517499,0.14455300764373546,0.5309734513274336,0.2
ExtraTrees leaf=5 [S0],44,0.036273751216270564,0.05802527055357244,0.5504424778761062,0.2
HGB d=2 lr=.05 it=100 [S0],44,0.04270022099466803,0.10839498054687928,0.5097345132743363,0.2
HGB d=3 lr=.05 it=200 [S0],44,0.04917693719767191,0.07289162112932605,0.5061946902654868,0.4
HGB d=2 강한 규제 [S0],44,0.04251930712334818,0.10828837282039253,0.5026548672566372,0.2
SVM RBF [S0],44,0.04238369925635828,0.09516393900703732,0.4601769911504425,0.4
kNN k=15 [S0],44,0.03993840346680243,0.11519379001127304,0.6115044247787611,0.2
Naive Bayes [S0],44,0.03988945826432985,0.13090459133832627,0.48672566371681414,0.4
LogReg L2 C=0.1 [S2],44,0.042996685305049076,0.05183939492492272,0.44601769911504424,0.2
RF leaf=5 [S2],44,0.04218854396288312,0.23298257115991106,0.4283185840707965,0.2
HGB d=2 강한 규제 [S2],44,0.039950672036820706,0.060363822428670985,0.3982300884955752,0.2
LogReg L2 C=0.1 [S3],44,0.04241873725237984,0.06193172752490321,0.5132743362831859,0.4
RF leaf=5 [S3],44,0.039444486382812796,0.11527225672877847,0.5309734513274336,0.4
HGB d=2 강한 규제 [S3],44,0.040134943342600454,0.14757119175755648,0.5539823008849558,0.2
LogReg L2 C=0.01 [S0],45,0.04529727153725654,0.041429681007727315,0.39473684210526316,0.2
LogReg L2 C=0.1 [S0],45,0.04712476548171794,0.039487823382719035,0.3666666666666667,0.2
LogReg L2 C=1 [S0],45,0.044967300132601466,0.03468577312605989,0.29824561403508776,0.0
LogReg L1 C=0.05 [S0],45,0.03821351091090559,0.05323132065067549,0.4789473684210526,0.2
LogReg L1 C=0.3 [S0],45,0.04612186210609531,0.038234101199538496,0.33333333333333337,0.2
RF leaf=1 [S0],45,0.0489723596857202,0.0430599516292893,0.4631578947368421,0.0
RF leaf=5 [S0],45,0.051211626838010546,0.038528172125165475,0.38245614035087716,0.0
RF leaf=20 [S0],45,0.03863874477390705,0.03773028943041183,0.3631578947368421,0.0
RF 균형배깅 (subsample 30%) [S0],45,0.05706755951730087,0.043815976217874954,0.4473684210526316,0.0
ExtraTrees leaf=5 [S0],45,0.05034538765802762,0.03466964648928515,0.3087719298245614,0.0
HGB d=2 lr=.05 it=100 [S0],45,0.04300711894280847,0.06266290882476305,0.5807017543859649,0.2
HGB d=3 lr=.05 it=200 [S0],45,0.05774658847140224,0.051924027984189394,0.5350877192982456,0.0
HGB d=2 강한 규제 [S0],45,0.03767321078513307,0.09195441612999311,0.619298245614035,0.4
SVM RBF [S0],45,0.04929836817615285,0.04986533966927291,0.5298245614035088,0.0
kNN k=15 [S0],45,0.042407492443455194,0.039311141612931894,0.4149122807017544,0.0
Naive Bayes [S0],45,0.037356764322106085,0.03657170257789453,0.34912280701754383,0.0
LogReg L2 C=0.1 [S2],45,0.03806220722979486,0.03817483980340798,0.356140350877193,0.0
RF leaf=5 [S2],45,0.0366298168204967,0.03427123749617202,0.29298245614035084,0.0
HGB d=2 강한 규제 [S2],45,0.03400457187531836,0.030155677655677657,0.2017543859649123,0.0
LogReg L2 C=0.1 [S3],45,0.04136602666532055,0.04112683584858944,0.3666666666666667,0.2
RF leaf=5 [S3],45,0.039785723990445755,0.03293202494908136,0.2701754385964913,0.0
HGB d=2 강한 규제 [S3],45,0.0440016266913703,0.030644159141286917,0.2192982456140351,0.0
LogReg L2 C=0.01 [S0],46,0.032168349154411316,0.06581595019182676,0.6159292035398231,0.2
LogReg L2 C=0.1 [S0],46,0.034270256719656486,0.05996466475572568,0.5805309734513274,0.0
LogReg L2 C=1 [S0],46,0.03410207398467576,0.054842034523797066,0.5539823008849558,0.0
LogReg L1 C=0.05 [S0],46,0.03806963412852328,0.06535537561853351,0.6053097345132743,0.2
LogReg L1 C=0.3 [S0],46,0.034253338779521754,0.06412685530848167,0.5911504424778762,0.2
RF leaf=1 [S0],46,0.0357684449066218,0.06263838868880886,0.4575221238938053,0.4
RF leaf=5 [S0],46,0.03651713427087647,0.05059724027465963,0.47787610619469023,0.0
RF leaf=20 [S0],46,0.03165542558414571,0.05520386046701836,0.5168141592920354,0.2
RF 균형배깅 (subsample 30%) [S0],46,0.034403550370948666,0.046330633382571276,0.4725663716814159,0.0
ExtraTrees leaf=5 [S0],46,0.038098306374625746,0.049777512316432924,0.47256637168141596,0.2
HGB d=2 lr=.05 it=100 [S0],46,0.03759642037731179,0.0819402537734874,0.4725663716814159,0.4
HGB d=3 lr=.05 it=200 [S0],46,0.044928154227678596,0.04669751301330249,0.4247787610619469,0.2
HGB d=2 강한 규제 [S0],46,0.033374991517035935,0.054734554565664784,0.38407079646017706,0.2
SVM RBF [S0],46,0.05219589841081275,0.041697136484370526,0.4,0.2
kNN k=15 [S0],46,0.03503478468488785,0.042427212123693325,0.4424778761061947,0.2
Naive Bayes [S0],46,0.04009332061909904,0.057271600948071544,0.5292035398230088,0.2
LogReg L2 C=0.1 [S2],46,0.03556548439920781,0.05710189452124936,0.5309734513274336,0.2
RF leaf=5 [S2],46,0.030547734834314437,0.054081593643235296,0.43539823008849565,0.2
HGB d=2 강한 규제 [S2],46,0.029542458640365456,0.062095151601449856,0.3911504424778762,0.4
LogReg L2 C=0.1 [S3],46,0.043189215564878376,0.04620198968025055,0.45840707964601773,0.0
RF leaf=5 [S3],46,0.03161700120138779,0.048443471244626286,0.45663716814159294,0.2
HGB d=2 강한 규제 [S3],46,0.032492789840034085,0.04779290226120497,0.4495575221238938,0.2
LogReg L2 C=0.01 [S0],47,0.04283941938150177,0.036692761727244484,0.2778761061946903,0.2
LogReg L2 C=0.1 [S0],47,0.04701944547518358,0.033954996671714935,0.2814159292035398,0.0
LogReg L2 C=1 [S0],47,0.04862878871602248,0.03379660098262209,0.2849557522123894,0.0
LogReg L1 C=0.05 [S0],47,0.04743622451103067,0.04641973933579181,0.3911504424778761,0.2
LogReg L1 C=0.3 [S0],47,0.04623452051866863,0.036110672264664086,0.32035398230088497,0.0
RF leaf=1 [S0],47,0.04797296163548061,0.10667615982684475,0.5265486725663717,0.2
RF leaf=5 [S0],47,0.04269555278063285,0.05385281385281386,0.42123893805309737,0.2
RF leaf=20 [S0],47,0.03902624785057341,0.057717036687950314,0.3486725663716814,0.2
RF 균형배깅 (subsample 30%) [S0],47,0.048352549351517074,0.1327845899140867,0.4283185840707965,0.2
ExtraTrees leaf=5 [S0],47,0.03958959489976805,0.06534629930215669,0.4300884955752213,0.2
HGB d=2 lr=.05 it=100 [S0],47,0.042308099183161946,0.04980798771121352,0.4672566371681416,0.2
HGB d=3 lr=.05 it=200 [S0],47,0.04128881931099131,0.0459830739349088,0.35575221238938054,0.2
HGB d=2 강한 규제 [S0],47,0.04550074719688537,0.0709878305173181,0.4353982300884956,0.2
SVM RBF [S0],47,0.03777722360919354,0.2883882783882784,0.6300884955752213,0.4
kNN k=15 [S0],47,0.03886319151052184,0.0942639673571877,0.5451327433628319,0.2
Naive Bayes [S0],47,0.04236526225861448,0.052810757382474184,0.35575221238938054,0.2
LogReg L2 C=0.1 [S2],47,0.04848912271230958,0.03815861788854264,0.2778761061946903,0.2
RF leaf=5 [S2],47,0.03269151194503983,0.23533874080324274,0.4548672566371682,0.2
HGB d=2 강한 규제 [S2],47,0.03474585084325735,0.09587062712062712,0.35752212389380533,0.2
LogReg L2 C=0.1 [S3],47,0.07928788439954107,0.03891190155589196,0.3292035398230089,0.2
RF leaf=5 [S3],47,0.043623119575807015,0.0981705408925242,0.39646017699115044,0.2
HGB d=2 강한 규제 [S3],47,0.040532199349903895,0.05950463773602764,0.38053097345132747,0.2
LogReg L2 C=0.01 [S0],48,0.03402015517157232,0.05434543454345435,0.5079646017699115,0.2
LogReg L2 C=0.1 [S0],48,0.03232257794402872,0.05949620545892775,0.5433628318584071,0.2
LogReg L2 C=1 [S0],48,0.031039946828223763,0.061230882938200004,0.5575221238938053,0.2
LogReg L1 C=0.05 [S0],48,0.03779949985997199,0.06702602952602953,0.6194690265486726,0.4
LogReg L1 C=0.3 [S0],48,0.031387052070937366,0.06029481271416755,0.5575221238938053,0.2
RF leaf=1 [S0],48,0.049974745390427455,0.051678125795772856,0.5398230088495575,0.2
RF leaf=5 [S0],48,0.04841283915638357,0.04156732423449042,0.4247787610619469,0.0
RF leaf=20 [S0],48,0.04227353823151708,0.0417607820548997,0.4283185840707965,0.0
RF 균형배깅 (subsample 30%) [S0],48,0.04308646090674251,0.049770926562720814,0.35929203539823007,0.2
ExtraTrees leaf=5 [S0],48,0.03883058281384849,0.04344021039673214,0.41769911504424784,0.0
HGB d=2 lr=.05 it=100 [S0],48,0.047429813078971234,0.048857321499760034,0.5097345132743363,0.0
HGB d=3 lr=.05 it=200 [S0],48,0.06067955872683273,0.04262327146537673,0.4247787610619469,0.0
HGB d=2 강한 규제 [S0],48,0.055424642547792426,0.05048334233521229,0.5238938053097345,0.0
SVM RBF [S0],48,0.03264226030284089,0.04221371847422267,0.40530973451327434,0.0
kNN k=15 [S0],48,0.04524761570671698,0.05460144764645057,0.45309734513274336,0.2
Naive Bayes [S0],48,0.036101869023622696,0.03991744100298007,0.39823008849557523,0.0
LogReg L2 C=0.1 [S2],48,0.034403789124489596,0.05899326397225558,0.5486725663716814,0.2
RF leaf=5 [S2],48,0.03906734205799259,0.04663058072068367,0.4814159292035398,0.0
HGB d=2 강한 규제 [S2],48,0.046604103417473924,0.048835685217483216,0.5132743362831859,0.0
LogReg L2 C=0.1 [S3],48,0.035162664325375445,0.07153484718949615,0.5911504424778762,0.4
RF leaf=5 [S3],48,0.03942812534428364,0.04931052592961603,0.47610619469026544,0.2
HGB d=2 강한 규제 [S3],48,0.04705335065133366,0.05947777623182227,0.568141592920354,0.2
LogReg L2 C=0.01 [S0],49,0.04939902097182835,0.032939516623727155,0.2690265486725664,0.0
LogReg L2 C=0.1 [S0],49,0.048572356398383795,0.033732614767097525,0.28318584070796465,0.0
LogReg L2 C=1 [S0],49,0.043849653291635114,0.03484539129956553,0.2938053097345133,0.0
LogReg L1 C=0.05 [S0],49,0.03752958992405579,0.06670935694586391,0.39999999999999997,0.2
LogReg L1 C=0.3 [S0],49,0.04761161333003165,0.03747243899872504,0.3168141592920354,0.2
RF leaf=1 [S0],49,0.050502519396074835,0.04109098920467063,0.32743362831858414,0.2
RF leaf=5 [S0],49,0.04498182750689936,0.03667998801351204,0.2707964601769912,0.2
RF leaf=20 [S0],49,0.04462868925157401,0.0360539111835482,0.26725663716814163,0.2
RF 균형배깅 (subsample 30%) [S0],49,0.058915144413178626,0.04324370456329266,0.36991150442477877,0.2
ExtraTrees leaf=5 [S0],49,0.050282958094158295,0.03457398848917317,0.2902654867256637,0.0
HGB d=2 lr=.05 it=100 [S0],49,0.04629601920119074,0.05332044744746736,0.4601769911504425,0.4
HGB d=3 lr=.05 it=200 [S0],49,0.06145522632312986,0.056752598752598755,0.4460176991150443,0.2
HGB d=2 강한 규제 [S0],49,0.05235208844256939,0.04884559180499738,0.4619469026548673,0.0
SVM RBF [S0],49,0.05147469196200372,0.03449770567027204,0.3026548672566372,0.0
kNN k=15 [S0],49,0.04251219360163666,0.056295644092254266,0.5814159292035399,0.2
Naive Bayes [S0],49,0.03973658474456424,0.03689694931157735,0.34513274336283184,0.0
LogReg L2 C=0.1 [S2],49,0.04179548425246188,0.033886191303575175,0.2849557522123894,0.0
RF leaf=5 [S2],49,0.04702267971120838,0.02797420534288577,0.10796460176991149,0.0
HGB d=2 강한 규제 [S2],49,0.048232777571025995,0.03791325257159334,0.36460176991150445,0.0
LogReg L2 C=0.1 [S3],49,0.042377553773862875,0.037754951937954744,0.3557522123893805,0.0
RF leaf=5 [S3],49,0.04275078260930806,0.03193118643125496,0.2442477876106195,0.0
HGB d=2 강한 규제 [S3],49,0.052047828951527444,0.03298678134226851,0.27079646017699116,0.0
