n_defects,mde_alpha05,mde_bonferroni
5,1.2802782276844342,1.785436551250416
6,1.168728775309166,1.629873123523469
7,1.082032591363784,1.508969297837098
8,1.012148809551613,1.4115115299168164
9,0.9542630490717826,1.3307858327029056
10,0.905293416601158,1.262494292767492
11,0.8631634050195287,1.2037410772898756
12,0.82641604238896,1.1524943381171442
13,0.7939948508559049,1.1072807438010852
14,0.7651125828181842,1.0670024231029152
15,0.739168979391225,1.0308222734854247
16,0.7156972868038369,0.9980893745271793
17,0.694328355167105,0.9682889211722883
18,0.6747658730344086,0.9410076866112109
19,0.6567688731250886,0.9159096253022512
20,0.6401391138422171,0.892718275625208
21,0.6247118078958289,0.8712038303051292
22,0.6103486969613792,0.8511734785444711
23,0.596932801600561,0.832464084424508
24,0.584364387654583,0.8149365617617345
25,0.5725578294430695,0.7984714996217434
26,0.5614391432674117,0.7829657226190314
27,0.5509440282593068,0.7683295587447629
28,0.541016295681892,0.754484648918549
29,0.5316065988217479,0.7413621757349869
30,0.5226713977702745,0.7289014197796776
31,0.5141721094245858,0.7170485742466755
32,0.5060744047758065,0.7057557649584082
33,0.49834762424265894,0.6949802350079198
34,0.49096428830876154,0.6846836623087313
35,0.4838996856319345,0.6748315851847755
36,0.4771315245358913,0.6653929163514528
37,0.4706396366709706,0.6563395296500231
38,0.4644057238589975,0.6476459070052517
39,0.45841314087683344,0.6392888355020455
40,0.452646708300579,0.631247146383746
41,0.4470925506144953,0.6235014892838219
42,0.44173795565044843,0.616034136204451
43,0.4365712521140371,0.6088288107182338
44,0.43158170250976435,0.6018705386449378
45,0.4267594092281447,0.595145517083472
46,0.42209523192444065,0.5886409991908204
47,0.4175807146188315,0.5823451925181836
48,0.41320802119448,0.5762471690585721
49,0.4089698781736211,0.5703367854441025
50,0.4048595238206451,0.5646046119667265
51,0.4008706627617181,0.5590418692921528
52,0.39699742542795247,0.5536403719005426
53,0.3932343317276867,0.5483924774249905
54,0.38957625843638866,0.5432910411744897
55,0.38601840986276986,0.538329375225798
56,0.3825562914090921,0.5335012115514576
57,0.37918568569413713,0.528800668721624
58,0.3759026309503744,0.5242222217774222
59,0.3727034014436875,0.5197606749249004
60,0.3695844896956125,0.5154111367427123
61,0.36654259031520914,0.5111689976345428
62,0.3635745852711162,0.5070299092899698
63,0.36067753045459466,0.5029897659456994
64,0.35784864340191846,0.49904468726358964
65,0.3550852920597221,0.4951910026631511
66,0.3523849844901896,0.49142523696472057
67,0.3497453594245599,0.48774409721567086
68,0.3471641775835525,0.48414446058614413
69,0.34463931369220135,0.4806233632331851
70,0.34216874912437945,0.4771779900430221
71,0.3397505651191598,0.4738056651708127
72,0.3373829365172043,0.47050384330560546
73,0.3350641259707166,0.46727010159571786
74,0.3327924785852162,0.46410213217632035
75,0.33056641695558403,0.4609977352468577
76,0.3283844365625443,0.4579548126511256
77,0.32624510149905633,0.4549713619174273
78,0.32414704049903303,0.4520454707203477
79,0.32208894324343174,0.44917531172934083
80,0.32006955692110856,0.446359137812604
81,0.31808768302392754,0.4435952775676352
82,0.31614217435749936,0.4408821311525019
83,0.31423193225060936,0.438218166394195
84,0.31235590394791446,0.4356019151525646
85,0.3105130801718528,0.43303196992023435
86,0.3087024928409375,0.4305069806406041
87,0.30692321293271757,0.4280256517276013
88,0.3051743484806896,0.42558673927223556
89,0.30345504269534834,0.42318904842227356
90,0.301764472200386,0.42083143092249725
91,0.30010184537579204,0.41851278280404225
92,0.2984664008002805,0.416232042212254
93,0.2968574057860824,0.4139881873633555
94,0.2952741549997002,0.4117802346209931
95,0.29371596916272663,0.40960723668443905
96,0.2921821938272915,0.40746828088086723
97,0.29067219822112467,0.40536248755471355
98,0.2891853741576037,0.40328900854766186
99,0.2877211350065096,0.4012470257632919
100,0.28627891472153477,0.3992357498108717
101,0.28485816692088106,0.397254418723188
102,0.28345836401755653,0.39530229674368483
103,0.2820789963962271,0.39337867317852654
104,0.28071957163370587,0.3914828613095157
105,0.2793796137603727,0.38961419736409203
106,0.2780586625600076,0.3877720395389015
107,0.27675627290569943,0.385955767073675
108,0.2754720141296534,0.38416477937238147
109,0.27420546942487045,0.38239849516882823
110,0.2729562352768127,0.38065635173407925
111,0.2717239209232925,0.37893780412323314
112,0.270508147840946,0.3772423244592745
113,0.26930854925675596,0.3755694012518598
114,0.26812476968319515,0.37391853874904135
115,0.2669564644756499,0.37228925632006477
116,0.26580329941087394,0.37068108786749343
117,0.2646649502853016,0.3690935812670284
118,0.2635411025321236,0.36752629783349383
119,0.26243145085609837,0.36597881181155706
120,0.26133569888513725,0.3644507098898388
121,0.2602535588377589,0.36294159073715615
122,0.25918475120556694,0.3614510645597155
123,0.25812900444995523,0.3599787526781471
124,0.2570860547122929,0.3585242871233377
125,0.2560556455368868,0.35708731025008317
126,0.25503752760606135,0.3556674743676384
127,0.2540314584867344,0.35426444138630003
128,0.2530372023879032,0.3528778824792041
129,0.25205452992849126,0.351507477758572
130,0.25108321791503524,0.3501529159656798
131,0.25012304912872424,0.3488138941738698
132,0.24917381212132947,0.3474901175039599
133,0.24823530101958816,0.34618129885144416
134,0.24730731533763267,0.3448871586249115
135,0.246389659797075,0.3436074244951416
136,0.24548214415438077,0.34234183115436567
137,0.2445845830351868,0.3410901200852111
138,0.24369679577523332,0.33985203933887037
139,0.24281860626760227,0.33862734332206396
140,0.24194984281596724,0.33741579259238774
141,0.24109033799357865,0.3362171536616577
142,0.24023992850771955,0.3350311988068844
143,0.23939845506938476,0.33385770588853136
144,0.23856576226794565,0.3326964581757264
145,0.2377416984505776,0.3315472441781152
146,0.2369261156062373,0.33040985748405916
147,0.23611886925398856,0.3292840966048983
148,0.2353198183354853,0.32816976482501153
149,0.23452882511142953,0.3270666700574196
150,0.23374575506183318,0.3259746247046938
151,0.23297047678991797,0.3248934455249375
152,0.23220286192949874,0.32382295350262585
153,0.23144278505570168,0.32276297372409607
154,0.23069012359887622,0.3217133352574918
155,0.22994475776156684,0.32067387103697426
156,0.22920657043841672,0.31964441775102276
157,0.2284754471388818,0.3186248157346537
158,0.2277512759126396,0.31761490886539834
159,0.2270339472775825,0.31661454446288406
160,0.2263233541502895,0.315623573191873
161,0.2256193917788776,0.314641848968618
162,0.22492195767813622,0.31366922887040366
163,0.22423095156685338,0.3127055730481429
164,0.22354627530724766,0.31175074464191094
165,0.2228678328464215,0.3108046096992976
166,0.22219553015975765,0.30986703709647007
167,0.22152927519618254,0.30893789846183867
168,0.22086897782522422,0.3080170681022255
169,0.22021454978579597,0.30710442293143975
170,0.21956590463663922,0.3061998424011668
171,0.2189229577083629,0.30530320843408376
172,0.21828562605701854,0.3044144053591169
173,0.2176538284191535,0.30353331984876025
174,0.21702748516828724,0.30265984085837844
175,0.2164065182727568,0.30179385956741966
176,0.21579085125488218,0.3009352693224689
177,0.21518040915140216,0.30008396558207284
178,0.21457511847513414,0.29923984586327185
179,0.21397490717781387,0.2984028096897775
180,0.21337970461407235,0.297572758541736
181,0.21278944150650853,0.2967495958070192
182,0.21220404991181932,0.29593322673399103
183,0.2116234631879487,0.29512355838569443
184,0.21104761596222033,0.2943204995954102
185,0.2104764441004186,0.29352396092353805
186,0.20990988467678548,0.29273385461575563
187,0.2093478759449008,0.2919500945624088
188,0.20879035730941575,0.2911725962590918
189,0.20823726929860967,0.2904012767683764
190,0.20768855353774285,0.28963605468265
191,0.20714415272317738,0.2888768500880255
192,0.20660401059724,0.28812358452928605
193,0.20606807192380305,0.2873761809758306
194,0.20553628246455757,0.28663456378858543
195,0.20500858895595742,0.2858986586878509
196,0.20448493908681056,0.28516839272205124
197,0.2039652814764971,0.28444369423735766
198,0.2034495656537931,0.2837244928481571
199,0.20293774203628018,0.2830107194083372
200,0.20242976191032255,0.28230230598336326
201,0.2019255774115921,0.28159918582311855
202,0.20142514150612445,0.2809012933354864
203,0.20092840797188963,0.2802085640606485
204,0.20043533138085906,0.2795209346460764
205,0.1999458670815554,0.2788383428221965
206,0.19945997118206787,0.27816072737870273
207,0.1989776005335203,0.2774880281415027
208,0.19849871271397623,0.2768201859502713
209,0.19802326601276812,0.27615714263659746
210,0.197551219415238,0.2754988410027034
211,0.1970825325878757,0.27484522480071905
212,0.19661716586384334,0.27419623871249527
213,0.19615508022887435,0.2735518283299384
214,0.19569623730753485,0.27291194013585124
215,0.19524059934983712,0.2722765214852647
216,0.19478812921819433,0.27164552058724484
217,0.1943387903747063,0.27101888648716244
218,0.1938925468687664,0.2703965690494097
219,0.1934493633249799,0.2697785189405515
220,0.19300920493138493,0.269164687612899
221,0.19257203742796689,0.2685550272884919
222,0.19213782709545738,0.2679494909434778
223,0.1917065407444103,0.26734803229287846
224,0.19127814570454604,0.2667506057757288
225,0.1908526098143565,0.26615716654058114
226,0.1904299014109635,0.2655676704313615
227,0.19000998932022303,0.26498207397356965
228,0.18959284284706857,0.264400334360812
229,0.1891784317660866,0.2638224094416586
230,0.18876672631231775,0.2632482577068146
231,0.18835769717227696,0.2626778382765973
232,0.1879513154751872,0.2621111108887111
233,0.18754755278441998,0.2615480358863103
234,0.18714638108913725,0.26098857420634386
235,0.1867477727961295,0.2604326873681721
236,0.18635170072184376,0.2598803374624502
237,0.18595813808459738,0.259331487140269
238,0.18556705849697136,0.25878609960254734
239,0.18517843595837916,0.25824413858966877
240,0.18479224484780624,0.25770556837135616
241,0.184408459916715,0.25717035373677727
242,0.18402705628211144,0.2566384599848757
243,0.18364800941976892,0.25610985291492094
244,0.18327129515760457,0.2555844988172714
245,0.18289688966920487,0.2550623644643451
246,0.18252476946749588,0.2545434171017929
247,0.18215491139855464,0.2540276244398674
248,0.1817872926355581,0.2535149546449849
249,0.18142189067286554,0.25300537633147263
250,0.18105868332023162,0.2524988585534984
251,0.18069764869714602,0.25199537079717704
252,0.18033876522729733,0.2514948829728497
253,0.17998201163315652,0.25099736540753037
254,0.17962736693067882,0.2505027888375169
255,0.17927481042411908,0.25001112440116124
256,0.17892432170095923,0.24952234363179482
257,0.1785758806269442,0.24903641845080618
258,0.17822946734122375,0.24855332116086576
259,0.17788506225159756,0.24807302443929502
260,0.17754264602986106,0.24759550133157554
261,0.17720219960724928,0.24712072524499562
262,0.1768637041699769,0.24664866994243012
263,0.17652714115487084,0.24617930953625008
264,0.1761924922450948,0.24571261848236028
265,0.17585973936596194,0.24524857157435956
266,0.1755288646808347,0.24478714393782294
267,0.17519985058710874,0.24432831102470118
268,0.17487267971227996,0.24387204860783543
269,0.17454733491009117,0.24341833277558403
270,0.17422379925675818,0.24296713992655922
271,0.17390205604727205,0.2425184467644704
272,0.17358208879177625,0.24207223029307207
273,0.17326388121201697,0.24162846781121317
274,0.1729474172378648,0.24118713690798663
275,0.17263268100390575,0.24074821545797512
276,0.17231965684610068,0.24031168161659255
277,0.17200832929851073,0.2398775138155173
278,0.17169868309008787,0.23944569075821656
279,0.17139070314152863,0.2390161914155585
280,0.17108437456218972,0.23858899502151104
281,0.17077968264706417,0.23816408106892464
282,0.1704766128738162,0.23774142930539763
283,0.17017515089987426,0.23732101972922173
284,0.1698752825595799,0.23690283258540634
285,0.16957699386139202,0.23648684836177963
286,0.16928027098514498,0.23607304778516447
287,0.16898510027935898,0.23566141181762804
288,0.16869146825860215,0.23525192165280273
289,0.1683993616009028,0.23484455871227747
290,0.16810876714521072,0.2344393046420573
291,0.16781967188890662,0.2340361413090902
292,0.1675320629853583,0.23363505079785893
293,0.16724592774152316,0.23323601540703756
294,0.16696125361559513,0.23283901764620987
295,0.16667802821469574,0.23244404023264956
296,0.1663962392926081,0.23205106608816017
297,0.16611587474755296,0.23166007833597327
298,0.16583692262000568,0.23127106029770453
299,0.16555937109055346,0.23088399549036517
300,0.16528320847779202,0.23049886762342886
301,0.16500842323626047,0.2301156605959518
302,0.16473500395441418,0.22973435849374546
303,0.164462939352634,0.22935494558660088
304,0.16419221828127215,0.2289774063255628
305,0.16392282971873273,0.22860172534025336
306,0.1636547627695872,0.2282278874362438
307,0.16338800666272346,0.22785587759247322
308,0.16312255074952817,0.22748568095871366
309,0.1628583845021012,0.2271172828530801
310,0.16259549751150193,0.22675066875958494
311,0.16233387948602673,0.22638582432573542
312,0.16207352024951652,0.22602273536017384
313,0.1618144097396943,0.22566138783035883
314,0.16155653800653186,0.22530176786028777
315,0.16129989521064483,0.2249438617282585
316,0.16104447162171587,0.22458765586467042
317,0.16079025761694515,0.22423313684986357
318,0.1605372436795277,0.223880291411995
319,0.16028542039715696,0.22352910642495216
320,0.16003477846055428,0.223179568906302
321,0.15978530866202312,0.22283166601527482
322,0.15953700189402872,0.2224853850507833
323,0.15928984914780145,0.22214071344947503
324,0.15904384151196377,0.2217976387838176
325,0.15879897017118097,0.22145614876021702
326,0.15855522640483433,0.22111623121716717
327,0.15831260158571664,0.2207778741234308
328,0.15807108717874968,0.22044106557625096
329,0.15783067473972315,0.22010579379959222
330,0.1575913559140546,0.21977204714241153
331,0.15735312243557004,0.21943981407695728
332,0.15711596612530468,0.2191090831970975
333,0.1568798788903235,0.2187798432166743
334,0.1566448527225615,0.2184520829678872
335,0.15641087969768253,0.2181257913997012
336,0.15617795197395723,0.2178009575762823
337,0.1559460617911592,0.21747757067545792
338,0.15571520146947893,0.21715561998720254
339,0.15548536340845565,0.21683509491214784
340,0.1552565400859264,0.21651598496011717
341,0.1550287240569919,0.2161982797486835
342,0.15480190795299914,0.21588196900175055
343,0.15457608448054055,0.21556704254815687
344,0.15435124642046874,0.21525349032030205
345,0.15412738662692724,0.214941302352795
346,0.15390449802639675,0.21463046878112366
347,0.15368257361675614,0.21432097984034582
348,0.15346160646635879,0.21401282586380066
349,0.1532415897131229,0.2137059972818406
350,0.15302251656363683,0.21340048462058306
351,0.1528043802922778,0.21309627850068183
352,0.1525871742403448,0.21279336963611778
353,0.1523708918152048,0.21249174883300806
354,0.1521555264894523,0.21219140698843425
355,0.15194107180008204,0.21189233508928831
356,0.15172752134767417,0.21159452421113678
357,0.15151486879559245,0.21129796551710187
358,0.15130310786919426,0.21100265025676052
359,0.15109223235505312,0.2107085697650597
360,0.150882236100193,0.21041571546124863
361,0.15067311301133407,0.2101240788478272
362,0.15046485705415039,0.20983365150951033
363,0.1502574622525382,0.20954442511220808
364,0.15005092268789602,0.20925639140202112
365,0.149845232498415,0.20896954220425165
366,0.14964038587838024,0.20868386942242853
367,0.1494363770774825,0.2083993650373478
368,0.14923320040014024,0.208116021106127
369,0.14903085020483178,0.20783382976127396
370,0.1488293209034373,0.20755278320976894
371,0.14862860696059074,0.20727287373216108
372,0.1484287028930412,0.20699409368167776
373,0.1482296032690237,0.20671643548334692
374,0.1480313027076395,0.20643989163313306
375,0.14783379587824497,0.20616445469708491
376,0.1476370774998501,0.20589011731049656
377,0.1474411423405251,0.20561687217708
378,0.14724598521681614,0.20534471206815033
379,0.14705160099316938,0.20507362982182248
380,0.14685798458136332,0.20480361834221952
381,0.14666513093994935,0.20453467059869274
382,0.14647303507370057,0.20426677962505255
383,0.14628169203306812,0.20399993851881076
384,0.14609109691364575,0.20373414044043361
385,0.1459012448556417,0.2034693786126053
386,0.14571213104335834,0.20320564631950233
387,0.14552375070467902,0.20294293690607793
388,0.14533609911056233,0.20268124377735677
389,0.14514917157454357,0.2024205603977396
390,0.14496296345224305,0.20216088029031765
391,0.1447774701408814,0.20190219703619675
392,0.14459268707880185,0.20164450427383093
393,0.14440860974499894,0.20138779569836537
394,0.144225233658654,0.20113206506098846
395,0.144042554378677,0.20087730616829297
396,0.1438605675032548,0.20062351288164595
397,0.14367926866940567,0.20037067911656758
398,0.14349865355254002,0.20011879884211853
399,0.14331871786602698,0.19986786608029555
400,0.14313945736076739,0.19961787490543584
