idx,PassOrFail,p_mean,flag_rate_F1max,FP_F1max,FN_F1max,flag_rate_Recall80,FP_Recall80,FN_Recall80
1211,0,0.03380293834247099,0.3,False,False,1.0,True,False
1213,0,0.08594753041127232,0.4,False,False,1.0,True,False
1215,0,0.048749887487792944,0.2,False,False,0.9,True,False
1217,0,0.06439448398921617,0.3,False,False,1.0,True,False
1219,0,0.011688397181403114,0.3,False,False,0.9,True,False
1221,0,0.006479191953731258,0.2,False,False,0.5,True,False
1223,0,0.001019654058091657,0.1,False,False,0.1,False,False
1225,0,0.0032008825369106986,0.2,False,False,0.5,True,False
1227,0,0.020047732648816395,0.2,False,False,0.8,True,False
1229,0,0.030030200667737244,0.3,False,False,0.8,True,False
1231,0,0.05220634788123123,0.2,False,False,1.0,True,False
1233,0,0.04238758197813487,0.5,True,False,1.0,True,False
1235,0,0.025071690745626412,0.3,False,False,0.9,True,False
1237,0,0.013175482423373575,0.2,False,False,0.7,True,False
1239,0,0.005762913674262492,0.2,False,False,0.6,True,False
1241,0,0.025136185018240213,0.3,False,False,1.0,True,False
1243,0,0.1359204520668832,0.5,True,False,1.0,True,False
1245,0,0.03078199323534413,0.5,True,False,1.0,True,False
1247,0,0.01950420738643136,0.1,False,False,0.9,True,False
1249,0,0.1621353151075972,0.5,True,False,0.9,True,False
1251,0,0.1200296181655069,0.5,True,False,1.0,True,False
1253,0,0.04474183887787091,0.2,False,False,1.0,True,False
1255,0,0.004037819730577482,0.1,False,False,0.3,False,False
1257,0,0.011890732962937736,0.1,False,False,0.9,True,False
1259,0,0.018195482191702406,0.3,False,False,1.0,True,False
1261,0,0.13331384635128646,0.7,True,False,1.0,True,False
1263,0,0.045474415442885,0.0,False,False,1.0,True,False
1265,0,0.03632529734382886,0.2,False,False,1.0,True,False
1267,0,0.023218509287912803,0.3,False,False,0.9,True,False
1269,0,0.0878234300676076,0.4,False,False,1.0,True,False
1271,0,0.008912370076762658,0.1,False,False,0.6,True,False
1273,0,0.002875953026708067,0.0,False,False,0.2,False,False
1275,0,0.003404250533987618,0.3,False,False,0.4,False,False
1277,0,0.03213187219667027,0.2,False,False,1.0,True,False
1279,0,0.1056964161153057,0.3,False,False,1.0,True,False
1281,0,0.005457775489575774,0.0,False,False,0.6,True,False
1283,0,0.012027933056249841,0.2,False,False,0.8,True,False
1285,0,0.021722675223746636,0.1,False,False,0.9,True,False
1287,0,0.032378081060457864,0.4,False,False,0.9,True,False
1289,0,0.02963455214061573,0.4,False,False,0.8,True,False
1291,0,0.02867135213343,0.3,False,False,0.9,True,False
1293,0,0.30143202712579154,0.7,True,False,1.0,True,False
1295,0,0.012610868240984202,0.3,False,False,0.8,True,False
1297,0,0.07118615044407448,0.5,True,False,1.0,True,False
1299,0,0.1999358174178245,0.6,True,False,1.0,True,False
1301,0,0.012621949597912468,0.0,False,False,0.9,True,False
1303,0,0.10048594294784449,0.2,False,False,1.0,True,False
1305,0,0.19570292437079922,0.5,True,False,1.0,True,False
1307,0,0.14429080231596264,0.6,True,False,1.0,True,False
1309,0,0.5689540754001865,0.9,True,False,1.0,True,False
1311,0,0.17982718487442723,0.6,True,False,1.0,True,False
1313,0,0.06288821740055672,0.4,False,False,0.9,True,False
1315,0,0.014940106293628219,0.2,False,False,1.0,True,False
1317,0,0.4058380076437206,0.7,True,False,1.0,True,False
1319,0,0.23993820093431123,0.5,True,False,1.0,True,False
1321,0,0.11089481622926214,0.7,True,False,1.0,True,False
1323,0,0.05718708739949689,0.3,False,False,1.0,True,False
1325,0,0.3107326696055607,0.6,True,False,1.0,True,False
1327,0,0.2656196935832141,0.8,True,False,1.0,True,False
1329,0,0.4212878647964624,0.7,True,False,1.0,True,False
1331,0,0.007825833138149978,0.2,False,False,0.9,True,False
1333,0,0.13343777523899364,0.5,True,False,1.0,True,False
1335,0,0.3039915680965972,0.8,True,False,1.0,True,False
1337,0,0.1352190520619887,0.6,True,False,1.0,True,False
1339,0,0.2568238989135126,0.6,True,False,1.0,True,False
1341,0,0.07303137361522258,0.5,True,False,1.0,True,False
1343,0,0.07906457059977573,0.4,False,False,1.0,True,False
1345,0,0.3024768092518372,0.6,True,False,1.0,True,False
1347,1,0.005050938725820327,0.2,False,True,0.5,False,False
1349,0,0.12038084729584993,0.4,False,False,1.0,True,False
1351,0,0.04601263372697977,0.5,True,False,0.9,True,False
1352,0,0.32336329396951136,0.6,True,False,1.0,True,False
1355,0,0.08250902446633837,0.4,False,False,1.0,True,False
1357,0,0.09840680179192562,0.4,False,False,1.0,True,False
1359,0,0.25242611981206725,0.8,True,False,1.0,True,False
1361,0,0.2012347912686349,0.5,True,False,1.0,True,False
1363,0,0.21262747202236723,0.6,True,False,0.9,True,False
1365,0,0.018272324101978193,0.0,False,False,0.7,True,False
1367,0,0.03385277603872033,0.5,True,False,0.8,True,False
1369,0,0.33084039752384065,0.7,True,False,1.0,True,False
1371,1,0.020251598158782764,0.2,False,True,0.7,False,False
1373,0,0.030388702076054763,0.3,False,False,0.9,True,False
1375,0,0.024541518356803453,0.5,True,False,0.9,True,False
1377,0,0.5646555935990952,0.9,True,False,1.0,True,False
1379,0,0.7121566901824993,1.0,True,False,1.0,True,False
1381,1,0.23543316794044813,0.6,False,False,1.0,False,False
1383,0,0.004800536219611938,0.3,False,False,0.7,True,False
1385,0,0.019719104974118756,0.3,False,False,0.8,True,False
1387,0,0.36572764065036656,0.8,True,False,1.0,True,False
1389,0,0.04234165730296808,0.4,False,False,1.0,True,False
1391,0,0.012373274930073133,0.2,False,False,0.7,True,False
1393,0,0.19697441223455953,0.6,True,False,0.9,True,False
1395,0,0.10857979298635938,0.3,False,False,0.9,True,False
1397,0,0.05197034558410548,0.3,False,False,1.0,True,False
1399,0,0.6135296679961594,1.0,True,False,1.0,True,False
1401,0,0.2913840680814638,0.7,True,False,1.0,True,False
1403,0,0.28600208621787593,0.8,True,False,1.0,True,False
1405,0,0.07240095451412734,0.3,False,False,0.9,True,False
1407,0,0.41974255165928237,0.7,True,False,1.0,True,False
1409,0,0.43480305034873074,0.9,True,False,1.0,True,False
1411,0,0.11977625669058867,0.4,False,False,1.0,True,False
1413,0,0.20641668106186328,0.7,True,False,1.0,True,False
1415,1,0.08531685746474009,0.7,False,False,1.0,False,False
1417,0,0.5447898288802017,0.9,True,False,1.0,True,False
1419,0,0.02384611364672494,0.3,False,False,0.9,True,False
1421,0,0.3028501493967762,0.7,True,False,1.0,True,False
1423,0,0.0033722918369926795,0.2,False,False,0.5,True,False
1425,0,0.13383045599903615,0.8,True,False,0.9,True,False
1427,0,0.2812190298914884,0.8,True,False,1.0,True,False
1429,0,0.03923342922788585,0.4,False,False,1.0,True,False
1431,0,0.2986615669222047,0.6,True,False,1.0,True,False
1433,0,0.323945400098817,0.7,True,False,1.0,True,False
1435,0,0.24036843322452578,0.4,False,False,1.0,True,False
1437,0,0.16441526381660526,0.6,True,False,1.0,True,False
1439,0,0.05478178949056495,0.4,False,False,1.0,True,False
1441,0,0.010297060759720122,0.3,False,False,0.4,False,False
1443,0,0.10873422408447357,0.4,False,False,1.0,True,False
1445,0,0.01641809450361609,0.2,False,False,0.9,True,False
1447,0,0.138207395497381,0.6,True,False,1.0,True,False
1449,0,0.09917529073801049,0.5,True,False,1.0,True,False
1451,0,0.43228772976645746,0.9,True,False,1.0,True,False
1453,0,0.2342090395704679,0.6,True,False,1.0,True,False
1455,1,0.05471402085711015,0.3,False,True,0.9,False,False
1457,0,0.07952105059802357,0.5,True,False,0.9,True,False
1459,0,0.01910089948399266,0.1,False,False,0.7,True,False
1461,0,0.04482769590845432,0.3,False,False,1.0,True,False
1463,0,0.053962978504675504,0.2,False,False,0.9,True,False
1465,0,0.017384220305324917,0.1,False,False,0.9,True,False
1467,0,0.2748571983324708,0.6,True,False,1.0,True,False
1469,0,0.06113242099047422,0.4,False,False,1.0,True,False
1471,0,0.08669972882705372,0.7,True,False,1.0,True,False
1473,0,0.630599645557817,0.9,True,False,1.0,True,False
1475,0,0.045165062537631584,0.3,False,False,0.9,True,False
1477,0,0.039645238064467056,0.1,False,False,0.8,True,False
1479,0,0.22274522391999013,0.4,False,False,1.0,True,False
1481,0,0.13650401633824144,0.4,False,False,0.9,True,False
1483,0,0.19244398837224266,0.6,True,False,1.0,True,False
1485,0,0.4218856488700684,0.9,True,False,1.0,True,False
1487,0,0.015457642721839821,0.4,False,False,0.9,True,False
1489,0,0.14716234804621975,0.6,True,False,1.0,True,False
1491,0,0.5064141984157787,0.8,True,False,1.0,True,False
1493,0,0.22338817876029618,0.8,True,False,1.0,True,False
1495,0,0.29006600633879476,0.6,True,False,1.0,True,False
1497,0,0.06478699507318046,0.3,False,False,1.0,True,False
1499,0,0.22013890593355168,0.7,True,False,1.0,True,False
1501,0,0.23714381876458251,0.9,True,False,1.0,True,False
1503,0,0.018109592754638908,0.4,False,False,0.9,True,False
1505,0,0.1273227280647124,0.5,True,False,1.0,True,False
1507,0,0.03434960403641897,0.4,False,False,1.0,True,False
1509,0,0.18600119391241837,0.5,True,False,1.0,True,False
1511,1,0.45048304024883645,0.8,False,False,1.0,False,False
1513,0,0.052478983620528406,0.4,False,False,1.0,True,False
1515,1,0.23823815738358634,0.6,False,False,1.0,False,False
1517,0,0.05355870599411888,0.6,True,False,1.0,True,False
1519,0,0.10391733996326909,0.4,False,False,1.0,True,False
1521,1,0.021629420052070025,0.1,False,True,0.8,False,False
1523,0,0.4381569276659915,0.9,True,False,1.0,True,False
1525,0,0.0019433105764848657,0.0,False,False,0.0,False,False
1527,0,0.45453437271628827,0.8,True,False,1.0,True,False
1529,0,0.02898186954525659,0.4,False,False,1.0,True,False
1531,0,0.11911949086880269,0.5,True,False,0.8,True,False
1533,1,0.04807632138272667,0.4,False,True,0.9,False,False
1535,0,0.3737605914951123,0.9,True,False,1.0,True,False
1537,0,0.013150358471149131,0.4,False,False,0.8,True,False
1539,0,0.06020267874939843,0.2,False,False,0.9,True,False
1541,0,0.06692050049828636,0.4,False,False,0.9,True,False
1543,0,0.12116107637997153,0.3,False,False,1.0,True,False
1545,0,0.38005056395321046,0.9,True,False,1.0,True,False
1547,0,0.3527001351436877,0.7,True,False,1.0,True,False
1549,0,0.052524690397438414,0.4,False,False,1.0,True,False
1551,0,0.03531645678530712,0.3,False,False,0.9,True,False
1553,0,0.4071476752372263,0.9,True,False,1.0,True,False
1555,0,0.011733201349726618,0.1,False,False,0.8,True,False
1557,1,0.4885029638568666,1.0,False,False,1.0,False,False
1559,0,0.27487684600830875,0.9,True,False,1.0,True,False
1561,0,0.11966002237324054,0.5,True,False,0.9,True,False
1563,0,0.023602361152121255,0.3,False,False,1.0,True,False
1565,0,0.13669041615715738,0.5,True,False,0.9,True,False
1567,0,0.46048110702659784,1.0,True,False,1.0,True,False
1569,0,0.10986714989212698,0.8,True,False,1.0,True,False
1571,0,0.1306762204479088,0.6,True,False,1.0,True,False
1573,0,0.11260158728307545,0.4,False,False,0.9,True,False
1575,0,0.1514455066109399,0.5,True,False,0.9,True,False
1577,0,0.24278391722753753,0.7,True,False,1.0,True,False
1579,0,0.19394997215084386,0.9,True,False,0.9,True,False
1581,0,0.17328022171194699,0.7,True,False,1.0,True,False
1583,0,0.10258011046238094,0.7,True,False,1.0,True,False
1585,0,0.00709873531294169,0.1,False,False,0.7,True,False
1587,0,0.0037317169672681284,0.3,False,False,0.8,True,False
1589,0,0.12247146647128612,0.3,False,False,0.9,True,False
1591,0,0.16337188595950608,0.7,True,False,0.9,True,False
1593,0,0.01566260304931504,0.3,False,False,0.6,True,False
1595,0,0.06624075639795103,0.5,True,False,1.0,True,False
1597,0,0.20169747171093189,0.7,True,False,1.0,True,False
1599,0,0.030157468548508815,0.2,False,False,0.9,True,False
1601,0,0.050272847373931964,0.5,True,False,1.0,True,False
1603,0,0.15044594628932642,0.6,True,False,1.0,True,False
1605,0,0.015394689241771915,0.2,False,False,0.9,True,False
1607,0,0.026443750031743422,0.3,False,False,1.0,True,False
1609,0,0.01757161732883602,0.2,False,False,0.8,True,False
1611,0,0.019476291890604725,0.4,False,False,0.9,True,False
1613,0,0.23287625376433066,0.6,True,False,1.0,True,False
1615,0,0.004770936269135237,0.0,False,False,0.3,False,False
1617,1,0.01297542578240062,0.2,False,True,0.7,False,False
1619,0,0.2774729245438425,0.6,True,False,1.0,True,False
1621,1,0.20340486226053525,0.7,False,False,1.0,False,False
1623,0,0.013414083690652775,0.2,False,False,0.7,True,False
1625,0,0.20223248144957684,0.5,True,False,1.0,True,False
1627,0,0.0031368446916470406,0.4,False,False,0.5,True,False
1629,0,0.07281017825430754,0.4,False,False,1.0,True,False
1631,0,0.025924046190115253,0.2,False,False,1.0,True,False
1633,0,0.05251383652732829,0.4,False,False,0.9,True,False
1635,0,0.25824815552970015,0.8,True,False,1.0,True,False
1637,0,0.049080931362457086,0.3,False,False,1.0,True,False
1639,0,0.18712983469189334,0.4,False,False,1.0,True,False
1641,0,0.01824609674910443,0.1,False,False,0.8,True,False
1643,0,0.012777796470462593,0.2,False,False,0.8,True,False
1645,0,0.05461689308797355,0.4,False,False,1.0,True,False
1647,0,0.5801830424755988,1.0,True,False,1.0,True,False
1649,0,0.16313667094391113,0.3,False,False,1.0,True,False
1651,0,0.00789847376792036,0.4,False,False,0.5,True,False
1653,0,0.031081117095868645,0.2,False,False,0.8,True,False
1655,0,0.03939117582200731,0.5,True,False,1.0,True,False
1657,0,0.03353457249512688,0.4,False,False,1.0,True,False
1659,0,0.04845862762582946,0.5,True,False,1.0,True,False
1661,0,0.03734971682687776,0.5,True,False,0.9,True,False
1663,0,0.01444989869080939,0.3,False,False,0.8,True,False
1665,0,0.10070080862068749,0.3,False,False,1.0,True,False
1667,0,0.007711430730537511,0.1,False,False,0.6,True,False
1669,0,0.3153854583300678,0.6,True,False,1.0,True,False
1671,0,0.01357849006387172,0.1,False,False,0.8,True,False
1673,1,0.06116555596636271,0.3,False,True,1.0,False,False
1675,0,0.08876472172807234,0.5,True,False,1.0,True,False
1677,0,0.04881115936667322,0.5,True,False,0.9,True,False
1679,0,0.34633403982178734,0.9,True,False,1.0,True,False
1681,0,0.07305543314021055,0.2,False,False,0.9,True,False
1683,0,0.16049111439290953,0.9,True,False,1.0,True,False
1685,0,0.11615732781363061,0.6,True,False,0.9,True,False
1687,0,0.03107283101545579,0.4,False,False,0.9,True,False
1689,0,0.11913741610147059,0.4,False,False,1.0,True,False
1691,0,0.08081885210275366,0.2,False,False,1.0,True,False
1693,0,0.018726767885509234,0.5,True,False,0.9,True,False
1695,0,0.014631546767304738,0.3,False,False,0.7,True,False
1697,0,0.15330706638181324,0.7,True,False,1.0,True,False
1699,0,0.10232843846500539,0.4,False,False,1.0,True,False
1701,0,0.009371555316111873,0.1,False,False,0.7,True,False
1703,0,0.022055622650666663,0.2,False,False,0.8,True,False
1705,0,0.02918664253203489,0.3,False,False,1.0,True,False
1707,0,0.06550092860623238,0.4,False,False,1.0,True,False
1708,0,0.00724421532899452,0.2,False,False,0.8,True,False
1711,0,0.020845650323600216,0.2,False,False,0.9,True,False
1713,0,0.007844864510778557,0.1,False,False,0.6,True,False
1714,0,0.009944569494709473,0.1,False,False,0.5,True,False
1717,0,0.06218644471495671,0.4,False,False,1.0,True,False
1719,0,0.12318163778540667,0.6,True,False,1.0,True,False
1720,0,0.02909560775001,0.3,False,False,0.9,True,False
1723,0,0.008546511098572023,0.1,False,False,0.5,True,False
1725,0,0.0893451339595682,0.7,True,False,1.0,True,False
1727,0,0.015201777268830905,0.3,False,False,0.8,True,False
1729,0,0.24476878442127692,1.0,True,False,1.0,True,False
1731,0,0.060633034435647805,0.5,True,False,1.0,True,False
1733,0,0.007633594561429047,0.2,False,False,0.7,True,False
1735,0,0.010702078112440335,0.1,False,False,0.7,True,False
1737,0,0.10514104146893093,0.3,False,False,1.0,True,False
1739,0,0.006724448340054885,0.2,False,False,0.6,True,False
1741,0,0.01635355169645151,0.1,False,False,0.9,True,False
1743,0,0.1868099627252647,0.4,False,False,1.0,True,False
1745,0,0.10557465700312722,0.6,True,False,1.0,True,False
1747,0,0.009496332157145126,0.0,False,False,0.5,True,False
1749,0,0.028562348402727956,0.3,False,False,0.8,True,False
1751,0,0.05496385449310389,0.3,False,False,0.8,True,False
1753,0,0.03250883379587648,0.2,False,False,1.0,True,False
1755,0,0.05688752019407699,0.5,True,False,1.0,True,False
1757,0,0.401802865333469,0.9,True,False,1.0,True,False
1759,0,0.0777832119282888,0.1,False,False,0.9,True,False
1761,1,0.1508478461326423,0.6,False,False,1.0,False,False
1763,0,0.41570638533857834,0.9,True,False,1.0,True,False
1765,0,0.05106287946405689,0.3,False,False,1.0,True,False
1767,0,0.11688784102682133,0.3,False,False,1.0,True,False
1769,0,0.1144692605953094,0.6,True,False,1.0,True,False
1771,0,0.016903806967862763,0.3,False,False,0.9,True,False
1773,0,0.07745816095625617,0.5,True,False,1.0,True,False
1775,0,0.08728320288537547,0.5,True,False,1.0,True,False
1777,0,0.19498723156872458,0.6,True,False,1.0,True,False
1779,0,0.060040135866063916,0.5,True,False,1.0,True,False
1781,0,0.011489441697034622,0.3,False,False,0.8,True,False
1783,0,0.003832985387497559,0.1,False,False,0.4,False,False
1785,0,0.18556996854368918,0.6,True,False,0.9,True,False
1787,0,0.056902963248128546,0.4,False,False,0.9,True,False
1789,0,0.2135647169097991,0.9,True,False,1.0,True,False
1790,0,0.12152363160778963,0.7,True,False,1.0,True,False
1793,0,0.0028557318266382954,0.1,False,False,0.2,False,False
1795,0,0.006916303820457974,0.4,False,False,0.7,True,False
1797,0,0.4891758517470869,0.9,True,False,1.0,True,False
1799,0,0.05806929062892359,0.3,False,False,1.0,True,False
1801,0,0.10467607821429285,0.7,True,False,1.0,True,False
1803,0,0.0034153469251910215,0.2,False,False,0.4,False,False
1805,0,0.06827943199480892,0.5,True,False,1.0,True,False
1807,0,0.037802065255123876,0.7,True,False,1.0,True,False
1809,0,0.004656312333161744,0.3,False,False,0.8,True,False
1811,0,0.029714356914779493,0.1,False,False,0.9,True,False
1813,0,0.15944739239323844,0.3,False,False,1.0,True,False
1815,0,0.4195072988581117,0.9,True,False,1.0,True,False
1817,0,0.008821581695983575,0.2,False,False,0.8,True,False
1819,0,0.05338246339751178,0.5,True,False,1.0,True,False
1821,0,0.3138469151245343,0.6,True,False,1.0,True,False
1823,0,0.05062629150768072,0.4,False,False,1.0,True,False
1825,0,0.2796331525123835,0.8,True,False,1.0,True,False
1827,0,0.02657613052825686,0.4,False,False,0.9,True,False
1829,0,0.24403008913908247,0.7,True,False,1.0,True,False
1831,1,0.3468729191770314,0.6,False,False,1.0,False,False
1833,0,0.24674582055982194,0.9,True,False,1.0,True,False
1835,0,0.04512307147217386,0.0,False,False,0.9,True,False
1837,0,0.09022478978513164,0.7,True,False,1.0,True,False
1839,0,0.008608589047487347,0.3,False,False,0.9,True,False
1841,0,0.09714998652988167,0.3,False,False,0.9,True,False
1843,0,0.1261392453459645,0.6,True,False,1.0,True,False
1845,0,0.1882085219017151,0.5,True,False,1.0,True,False
1847,0,0.07980677249700845,0.5,True,False,1.0,True,False
1849,0,0.18925373259313732,0.8,True,False,1.0,True,False
1851,0,0.0521129562672132,0.7,True,False,0.9,True,False
1853,0,0.011039068048782913,0.1,False,False,0.8,True,False
1855,0,0.006276632972225872,0.2,False,False,0.4,False,False
1857,0,0.01869368052554054,0.3,False,False,0.8,True,False
1859,0,0.013738568327909434,0.2,False,False,1.0,True,False
1861,0,0.004431450703673722,0.2,False,False,0.5,True,False
1863,0,0.01609100365984618,0.2,False,False,0.7,True,False
1865,0,0.10688924826092397,0.4,False,False,1.0,True,False
1867,0,0.01629049275212528,0.0,False,False,0.7,True,False
1869,0,0.3589150638933435,0.8,True,False,1.0,True,False
1871,0,0.1964209975248176,0.6,True,False,1.0,True,False
1873,0,0.002085429958773369,0.3,False,False,0.1,False,False
1875,0,0.037820803662072,0.3,False,False,0.9,True,False
1877,0,0.32908063914376984,0.9,True,False,1.0,True,False
1879,0,0.008417319418324035,0.1,False,False,0.7,True,False
1881,0,0.008037464313494926,0.2,False,False,0.5,True,False
1883,0,0.36466778874607775,0.9,True,False,1.0,True,False
1885,0,0.005084946290697169,0.2,False,False,0.5,True,False
1887,0,0.11321584261244584,0.5,True,False,0.9,True,False
1889,0,0.02627264842829955,0.6,True,False,1.0,True,False
1891,0,0.10244243215380677,0.4,False,False,1.0,True,False
1893,0,0.032459773852173676,0.4,False,False,0.7,True,False
1895,0,0.31782847347288234,0.8,True,False,1.0,True,False
1897,1,0.00393436865733355,0.1,False,True,0.5,False,False
1899,0,0.0561342212382696,0.5,True,False,1.0,True,False
1901,0,0.0375275241870557,0.3,False,False,0.9,True,False
1903,0,0.005866524414994719,0.2,False,False,0.4,False,False
1905,0,0.15675973743167074,0.5,True,False,1.0,True,False
1907,0,0.26290701093231456,0.8,True,False,1.0,True,False
1909,0,0.1386562378654895,0.4,False,False,1.0,True,False
1911,0,0.012566854702197617,0.2,False,False,0.7,True,False
1913,0,0.01457005883316113,0.2,False,False,0.7,True,False
1915,0,0.12667849563969352,0.7,True,False,1.0,True,False
1917,0,0.03345467131382165,0.2,False,False,0.9,True,False
1919,0,0.12630064990109896,0.2,False,False,1.0,True,False
1921,0,0.12626650967882183,0.4,False,False,1.0,True,False
1923,0,0.017669425331737074,0.2,False,False,0.8,True,False
1925,0,0.01045931778369618,0.3,False,False,0.8,True,False
1927,0,0.15062126335249065,0.8,True,False,1.0,True,False
1929,0,0.03309956501223648,0.3,False,False,0.9,True,False
1931,0,0.18285374929438594,0.7,True,False,1.0,True,False
1933,0,0.15785755249165895,0.4,False,False,0.9,True,False
1935,0,0.06600303108268689,0.4,False,False,0.9,True,False
1937,1,0.008106196227556765,0.1,False,True,0.8,False,False
1939,0,0.09205606946970271,0.5,True,False,1.0,True,False
1941,0,0.006527059305089555,0.3,False,False,0.5,True,False
1943,0,0.06715822625033706,0.4,False,False,1.0,True,False
1945,0,0.16661125827229362,0.6,True,False,1.0,True,False
1946,0,0.012265836246765022,0.2,False,False,0.9,True,False
1949,0,0.08034619982672306,0.6,True,False,1.0,True,False
1951,0,0.07564958444046263,0.5,True,False,0.9,True,False
1953,0,0.0706607459530144,0.6,True,False,1.0,True,False
1955,0,0.17700318694336029,0.4,False,False,1.0,True,False
1957,0,0.041796182713481636,0.5,True,False,0.9,True,False
1959,0,0.13565740342770058,0.5,True,False,1.0,True,False
1961,0,0.11490305812607879,0.6,True,False,1.0,True,False
1963,0,0.18346255712452858,0.6,True,False,1.0,True,False
1965,0,0.062297689175461336,0.5,True,False,0.9,True,False
1967,0,0.31015889515186357,1.0,True,False,1.0,True,False
1969,0,0.023747097685378894,0.1,False,False,1.0,True,False
1971,0,0.2829408259315095,0.7,True,False,1.0,True,False
1973,1,0.004577995786288086,0.0,False,True,0.4,False,True
1975,0,0.08920060417207093,0.5,True,False,1.0,True,False
1976,0,0.17576823014979093,0.7,True,False,1.0,True,False
1979,0,0.015400056567431968,0.4,False,False,0.8,True,False
1981,0,0.4508689672383713,0.9,True,False,1.0,True,False
1983,0,0.025323341308023894,0.3,False,False,0.9,True,False
1985,0,0.06630500860725992,0.5,True,False,1.0,True,False
1987,0,0.0035718979378623803,0.2,False,False,0.3,False,False
1989,0,0.035869262639899695,0.3,False,False,1.0,True,False
1991,0,0.13273989074216247,0.4,False,False,1.0,True,False
1993,0,0.31668644684166214,0.7,True,False,1.0,True,False
1995,0,0.5004560463656289,0.8,True,False,1.0,True,False
1997,0,0.4689047373291856,0.7,True,False,1.0,True,False
1999,0,0.29149000637463623,0.7,True,False,1.0,True,False
2000,0,0.0171306440029084,0.3,False,False,0.9,True,False
2003,0,0.059983404038138254,0.3,False,False,1.0,True,False
2005,0,0.20662181581815403,0.6,True,False,1.0,True,False
2007,0,0.42844447177653155,0.8,True,False,1.0,True,False
2009,0,0.18631294417605843,0.7,True,False,1.0,True,False
2011,0,0.3200897247488162,0.7,True,False,1.0,True,False
2013,0,0.3235076963874841,0.7,True,False,1.0,True,False
2015,0,0.11767136154457018,0.1,False,False,0.9,True,False
2017,0,0.14257258681839863,0.6,True,False,1.0,True,False
2019,0,0.05713291176858117,0.3,False,False,1.0,True,False
2021,1,0.012119409437546323,0.1,False,True,0.6,False,False
2023,0,0.32099328125978716,0.9,True,False,1.0,True,False
2025,0,0.19697699348525624,0.8,True,False,1.0,True,False
2027,0,0.044439532837787295,0.5,True,False,0.9,True,False
2029,0,0.254620231685625,0.7,True,False,1.0,True,False
2031,0,0.025014603175005607,0.4,False,False,0.9,True,False
2033,0,0.2969486484443978,0.8,True,False,1.0,True,False
2035,0,0.051256042885665945,0.2,False,False,1.0,True,False
2037,0,0.20655087986952467,0.4,False,False,1.0,True,False
2039,0,0.1648464283113322,0.4,False,False,1.0,True,False
2041,0,0.08708122538157295,0.6,True,False,1.0,True,False
2042,0,0.17916712028407708,0.9,True,False,1.0,True,False
2045,0,0.014625040458677966,0.3,False,False,1.0,True,False
2047,0,0.026311127670381053,0.3,False,False,1.0,True,False
2049,0,0.07188232350913464,0.4,False,False,1.0,True,False
2051,0,0.010174553637760857,0.2,False,False,0.8,True,False
2053,0,0.1935129199070167,0.7,True,False,1.0,True,False
2055,0,0.5881615509789844,0.9,True,False,1.0,True,False
2057,0,0.06624656108352392,0.3,False,False,0.8,True,False
2059,0,0.052450112784281834,0.4,False,False,0.9,True,False
2061,0,0.3781483117601456,0.8,True,False,1.0,True,False
2063,0,0.013823258123668145,0.1,False,False,0.5,True,False
2065,0,0.04862509145888673,0.4,False,False,0.9,True,False
2067,0,0.15728087535068258,0.7,True,False,0.9,True,False
2069,0,0.27357703391950633,0.7,True,False,1.0,True,False
2071,0,0.005861612513211221,0.4,False,False,0.8,True,False
2073,0,0.143584112405434,0.3,False,False,1.0,True,False
2075,0,0.1511862279359157,0.5,True,False,1.0,True,False
2077,0,0.12171930871720257,0.5,True,False,1.0,True,False
2079,0,0.04141976755490072,0.4,False,False,0.9,True,False
2081,0,0.04331866994872411,0.3,False,False,1.0,True,False
2083,0,0.017468534713644485,0.3,False,False,0.7,True,False
2085,0,0.09527381051459127,0.3,False,False,1.0,True,False
2087,0,0.0024529926535353857,0.3,False,False,0.5,True,False
2089,0,0.0017752325457741386,0.2,False,False,0.1,False,False
2091,0,0.41500432414043076,1.0,True,False,1.0,True,False
2093,0,0.10130189920550761,0.6,True,False,1.0,True,False
2095,0,0.004677147376780578,0.2,False,False,0.6,True,False
2097,0,0.021503361702901003,0.1,False,False,0.9,True,False
2099,0,0.02992422136794525,0.4,False,False,1.0,True,False
2101,0,0.07662071822050535,0.6,True,False,1.0,True,False
2103,0,0.08155977733210838,0.6,True,False,1.0,True,False
2105,1,0.2667780876184567,0.7,False,False,1.0,False,False
2107,0,0.011592206970444835,0.2,False,False,0.5,True,False
2109,0,0.19028059414636228,0.3,False,False,1.0,True,False
2111,0,0.25182198431396075,0.8,True,False,1.0,True,False
2113,0,0.015064806667367894,0.1,False,False,0.7,True,False
2115,0,0.10781682684252228,0.4,False,False,0.9,True,False
2117,0,0.4828616114768233,0.9,True,False,1.0,True,False
2119,0,0.03499700673153492,0.3,False,False,0.9,True,False
2121,0,0.02796019299714888,0.2,False,False,1.0,True,False
2123,0,0.09195257898260085,0.4,False,False,1.0,True,False
2125,0,0.2681057182155349,0.9,True,False,1.0,True,False
2127,0,0.3486176573485501,0.8,True,False,1.0,True,False
2128,0,0.16430021738014533,0.6,True,False,0.9,True,False
2131,0,0.1221398338986041,0.6,True,False,1.0,True,False
2133,0,0.03379608122901514,0.1,False,False,0.8,True,False
2135,0,0.20948702157776106,0.7,True,False,1.0,True,False
2137,0,0.0026114232234819624,0.2,False,False,0.3,False,False
2139,0,0.11584453866943056,0.6,True,False,1.0,True,False
2141,0,0.11973726665973461,0.5,True,False,1.0,True,False
2143,0,0.02878673109761326,0.3,False,False,0.9,True,False
2145,0,0.04668210286212332,0.3,False,False,1.0,True,False
2147,0,0.22087796430498657,0.5,True,False,0.8,True,False
2148,0,0.05788582758133357,0.3,False,False,0.7,True,False
2151,0,0.07833550332493278,0.6,True,False,1.0,True,False
2153,0,0.24766840529998632,0.7,True,False,1.0,True,False
2155,0,0.006762435902004232,0.1,False,False,0.4,False,False
2157,0,0.008947090599309612,0.2,False,False,0.8,True,False
2159,0,0.399067923036171,0.8,True,False,1.0,True,False
2161,0,0.05460253540490837,0.6,True,False,1.0,True,False
2163,1,0.06821094290599813,0.4,False,True,1.0,False,False
2165,0,0.02392011595054113,0.1,False,False,0.9,True,False
2167,0,0.15913208889318245,0.7,True,False,1.0,True,False
2169,0,0.059631568959929715,0.3,False,False,0.9,True,False
2171,0,0.1013919192363412,0.6,True,False,1.0,True,False
2173,0,0.09507838099116563,0.5,True,False,0.9,True,False
2175,0,0.04041285628181196,0.2,False,False,0.9,True,False
2177,1,0.26504359427100094,0.8,False,False,1.0,False,False
2179,0,0.06441842279473509,0.1,False,False,1.0,True,False
2181,0,0.07349382213106365,0.5,True,False,1.0,True,False
2183,1,0.01919909346548589,0.5,False,False,1.0,False,False
2185,0,0.09324239231657898,0.6,True,False,1.0,True,False
2187,0,0.15286991966602348,0.3,False,False,1.0,True,False
2189,0,0.046451499800113295,0.5,True,False,0.9,True,False
2191,0,0.10556396498096887,0.6,True,False,0.9,True,False
2193,0,0.11308792918335882,0.3,False,False,1.0,True,False
2195,0,0.006309959220494679,0.1,False,False,0.5,True,False
2197,0,0.217561464026946,0.6,True,False,1.0,True,False
2199,0,0.057436864551676035,0.2,False,False,1.0,True,False
2201,0,0.02857309515989237,0.3,False,False,1.0,True,False
2203,0,0.17555913433757245,0.6,True,False,1.0,True,False
2205,0,0.01883069821469294,0.3,False,False,0.8,True,False
2207,0,0.04508052954055361,0.1,False,False,0.7,True,False
2209,0,0.309382860796863,0.6,True,False,1.0,True,False
2211,0,0.1453053372970337,0.3,False,False,1.0,True,False
2213,0,0.2787899225771148,0.6,True,False,1.0,True,False
2215,0,0.044109516383070285,0.2,False,False,1.0,True,False
2217,0,0.012539016578897647,0.0,False,False,0.5,True,False
2219,0,0.2138062980667514,0.7,True,False,0.9,True,False
2221,0,0.1954512542880295,0.8,True,False,1.0,True,False
2223,0,0.019931709267499476,0.2,False,False,0.8,True,False
2225,0,0.1263948488220818,0.5,True,False,1.0,True,False
2227,0,0.18678644951546625,0.7,True,False,1.0,True,False
2229,0,0.006131471103306979,0.2,False,False,0.6,True,False
2231,0,0.02002744434152304,0.0,False,False,0.9,True,False
2233,0,0.11721553679591182,0.6,True,False,1.0,True,False
2235,0,0.1965123077600791,0.5,True,False,1.0,True,False
2237,0,0.09769040214673363,0.4,False,False,1.0,True,False
2239,0,0.10991669185665016,0.6,True,False,1.0,True,False
2241,0,0.11327336931007141,0.4,False,False,1.0,True,False
2243,0,0.03431962069649893,0.5,True,False,0.8,True,False
2245,0,0.0029501911906264305,0.1,False,False,0.4,False,False
2246,0,0.32931510336695013,0.7,True,False,1.0,True,False
2249,0,0.03134141517546866,0.3,False,False,0.6,True,False
2251,0,0.26116890627223527,0.5,True,False,1.0,True,False
2253,0,0.024988292781625676,0.0,False,False,0.8,True,False
2255,0,0.07815328401692606,0.3,False,False,0.7,True,False
2257,0,0.04786985634349596,0.3,False,False,1.0,True,False
2259,0,0.00256051388926753,0.0,False,False,0.2,False,False
2261,0,0.051901320083142834,0.3,False,False,0.8,True,False
2263,0,0.013934786814664046,0.2,False,False,0.6,True,False
2265,0,0.031445385651280286,0.2,False,False,0.9,True,False
2267,0,0.08832998633770096,0.2,False,False,1.0,True,False
2268,0,0.4138388012570121,0.7,True,False,1.0,True,False
2271,0,0.018719138914625684,0.2,False,False,0.7,True,False
2273,0,0.21303841437889712,0.6,True,False,1.0,True,False
2275,0,0.01734682332861325,0.3,False,False,0.7,True,False
2277,0,0.025698010274999378,0.2,False,False,0.8,True,False
2279,0,0.05395633081883329,0.5,True,False,1.0,True,False
2281,0,0.02410683904062224,0.3,False,False,1.0,True,False
2283,0,0.37950632882356566,0.8,True,False,1.0,True,False
2285,0,0.03056041989763584,0.3,False,False,0.9,True,False
2287,0,0.1584386021314295,0.6,True,False,1.0,True,False
2289,0,0.06854218538893975,0.4,False,False,1.0,True,False
2291,0,0.08268295694549922,0.6,True,False,1.0,True,False
2293,0,0.0506243535472112,0.2,False,False,0.4,False,False
2295,0,0.0034078888853974637,0.1,False,False,0.4,False,False
2297,0,0.008432613135620142,0.1,False,False,0.6,True,False
2299,0,0.13745285274842797,0.6,True,False,1.0,True,False
2301,0,0.025293496889075662,0.1,False,False,1.0,True,False
2303,0,0.02783737541613972,0.2,False,False,1.0,True,False
2305,0,0.09275605917478322,0.5,True,False,1.0,True,False
2307,0,0.0197117824425072,0.3,False,False,0.9,True,False
2309,0,0.08508584178508347,0.3,False,False,0.9,True,False
2311,0,0.015201996873210938,0.1,False,False,0.5,True,False
2313,0,0.05218831493857264,0.5,True,False,1.0,True,False
2315,0,0.09975350813731629,0.4,False,False,1.0,True,False
2317,0,0.006475330125735318,0.1,False,False,0.5,True,False
2319,0,0.036242606991838816,0.3,False,False,0.8,True,False
2321,0,0.055154049506926026,0.3,False,False,1.0,True,False
2323,0,0.39600081209411875,0.9,True,False,1.0,True,False
2325,0,0.25697138451501655,0.5,True,False,1.0,True,False
2327,0,0.06025857915855302,0.5,True,False,1.0,True,False
2329,0,0.18005372476534415,0.8,True,False,1.0,True,False
2331,1,0.019619002199222607,0.3,False,True,0.9,False,False
2333,0,0.005681610060597884,0.1,False,False,0.8,True,False
2335,0,0.013147312635873324,0.4,False,False,0.7,True,False
2337,0,0.1573574182892129,0.6,True,False,1.0,True,False
2339,0,0.03824612643603865,0.3,False,False,1.0,True,False
2341,0,0.03442865892357826,0.2,False,False,0.8,True,False
2343,1,0.020706496782508126,0.3,False,True,0.7,False,False
2345,0,0.1322332851560688,0.4,False,False,0.9,True,False
2347,0,0.23175422170463217,0.8,True,False,1.0,True,False
2349,0,0.19153906203934534,0.5,True,False,1.0,True,False
2351,0,0.004477534362848304,0.3,False,False,0.4,False,False
2353,0,0.008705690504344677,0.2,False,False,0.9,True,False
2355,0,0.0013139169521231581,0.2,False,False,0.2,False,False
2357,0,0.005989505035626329,0.1,False,False,0.5,True,False
2359,0,0.21207265806704156,0.6,True,False,1.0,True,False
2361,0,0.054250328562601015,0.4,False,False,0.8,True,False
2363,0,0.009396292133255954,0.1,False,False,0.6,True,False
2365,0,0.033925217001258626,0.5,True,False,0.9,True,False
2367,0,0.029499650426992836,0.3,False,False,0.9,True,False
2369,0,0.01930477508440647,0.1,False,False,0.5,True,False
2371,0,0.00451856061896494,0.2,False,False,0.5,True,False
2373,0,0.018396754861986504,0.1,False,False,1.0,True,False
2375,0,0.2468543784323634,0.8,True,False,1.0,True,False
2377,0,0.012377755048994413,0.2,False,False,0.7,True,False
2379,0,0.013616945745110015,0.4,False,False,0.8,True,False
2381,0,0.1218926880335091,0.8,True,False,1.0,True,False
2383,0,0.007712537622180726,0.0,False,False,0.5,True,False
2385,0,0.03955081679749473,0.2,False,False,1.0,True,False
2387,0,0.09032860545106583,0.5,True,False,1.0,True,False
2389,0,0.011715281622188453,0.3,False,False,0.6,True,False
2391,0,0.13778512694740633,0.4,False,False,0.8,True,False
