구분,지표,캐비티 규칙 (평균 ± 표준편차),무작위 검사,설명
팀 공통 지표 (임계값 = 캐비티 0 검사),F1,0.075 ± 0.009,-,F1 최대 임계값과 Recall ≥ 0.8 임계값이 같은 결과
팀 공통 지표 (임계값 = 캐비티 0 검사),Precision,0.039 ± 0.005,0.021,검사한 부품 중 실제 불량 비율
팀 공통 지표 (임계값 = 캐비티 0 검사),Recall,0.920 ± 0.107,0.500,무작위는 같은 검사량(50%) 기준
팀 공통 지표 (임계값 = 캐비티 0 검사),검사율,0.500 ± 0.000,0.500,
팀 공통 지표 (순위),PR-AUC (캐비티 안 동점 그대로),0.038 ± 0.006,0.021,점수가 두 값뿐이라 낮게 계산됨
팀 공통 지표 (순위),PR-AUC (캐비티 안 순서 무작위),0.071 ± 0.054,0.021,동점 영향을 뺀 값
참고,ROC-AUC,0.715 ± 0.055,0.500,
검사 우선순위,Recall@상위 5%,0.100 ± 0.129,0.050,위험 높은 부품 5%를 검사했을 때 불량 포착률
검사 우선순위,Recall@상위 10%,0.200 ± 0.167,0.100,
검사 우선순위,Recall@상위 20%,0.376 ± 0.209,0.200,
검사 우선순위,Recall@상위 50%,0.920 ± 0.107,0.500,= 캐비티 0 전수 검사
검사 우선순위,검사율@Recall 0.8,0.383 ± 0.093,0.800,불량 80%를 잡는 데 필요한 검사 비율
검사 우선순위,검사율@Recall 1.0,0.577 ± 0.210,1.000,평가 fold에 캐비티 1 불량이 있으면 거의 전수
