algo,imbalance,fold,prauc,roc_auc,prevalence,n_test,n_pos_test,recall_at_5,recall_at_10,recall_at_20,thr_F1max,f1_F1max,recall_F1max,precision_F1max,thr_Recall80,f1_Recall80,recall_Recall80,precision_Recall80,repeat
LogReg,class_weight,0,0.080211151918469,0.6473684210526316,0.04201680672268908,119,5,0.0,0.0,0.4,0.9541157733240686,0.0,0.0,0.0,0.019525668134094433,0.08130081300813008,1.0,0.0423728813559322,0
LogReg,class_weight,1,0.034037935370214434,0.2867256637168142,0.0423728813559322,118,5,0.0,0.0,0.0,0.6490475778270024,0.0,0.0,0.0,0.14693663840694451,0.06315789473684211,0.6,0.03333333333333333,0
LogReg,class_weight,2,0.034445998735279815,0.2584070796460177,0.0423728813559322,118,5,0.0,0.0,0.0,0.06369531952243211,0.06837606837606838,0.8,0.03571428571428571,0.07983365290613809,0.07017543859649122,0.8,0.03669724770642202,0
LogReg,class_weight,3,0.03594367087666057,0.3309734513274336,0.0423728813559322,118,5,0.0,0.0,0.0,0.028160040642146427,0.08130081300813008,1.0,0.0423728813559322,0.03581046687025423,0.08130081300813008,1.0,0.0423728813559322,0
LogReg,class_weight,4,0.05566884604528119,0.5168141592920354,0.0423728813559322,118,5,0.0,0.0,0.2,0.24076001945708955,0.06818181818181818,0.6,0.03614457831325301,0.055040523546574106,0.0847457627118644,1.0,0.04424778761061947,0
LogReg,class_weight,5,0.0735494494827634,0.6140350877192984,0.04201680672268908,119,5,0.0,0.0,0.4,0.41452864439859854,0.125,0.8,0.06779661016949153,0.09245708016684046,0.08264462809917356,1.0,0.04310344827586207,1
LogReg,class_weight,6,0.03475519746804475,0.2761061946902655,0.0423728813559322,118,5,0.0,0.0,0.0,0.31216149737708687,0.03225806451612903,0.2,0.017543859649122806,0.24382417541005194,0.02857142857142857,0.2,0.015384615384615385,1
LogReg,class_weight,7,0.04969312537001394,0.4920353982300885,0.0423728813559322,118,5,0.0,0.0,0.2,0.26350952578437076,0.08888888888888889,0.8,0.047058823529411764,0.12431462378471843,0.08695652173913043,1.0,0.045454545454545456,1
LogReg,class_weight,8,0.06207588523114831,0.5929203539823009,0.0423728813559322,118,5,0.0,0.0,0.2,0.004644391320377484,0.08130081300813008,1.0,0.0423728813559322,0.018669643564031446,0.08130081300813008,1.0,0.0423728813559322,1
LogReg,class_weight,9,0.061478562918040436,0.5628318584070797,0.0423728813559322,118,5,0.0,0.0,0.2,0.014076162520992034,0.08196721311475409,1.0,0.042735042735042736,0.049286711751519115,0.08333333333333333,1.0,0.043478260869565216,1
LogReg,class_weight,10,0.04223925865062838,0.4280701754385965,0.04201680672268908,119,5,0.0,0.0,0.0,0.0029438244797603368,0.08064516129032258,1.0,0.04201680672268908,0.03961684539794043,0.08064516129032258,1.0,0.04201680672268908,2
LogReg,class_weight,11,0.045293905446566626,0.46371681415929206,0.0423728813559322,118,5,0.0,0.0,0.0,0.003469453473283968,0.08196721311475409,1.0,0.042735042735042736,0.027100925710142724,0.08196721311475409,1.0,0.042735042735042736,2
LogReg,class_weight,12,0.04952909602882085,0.4867256637168142,0.0423728813559322,118,5,0.0,0.0,0.0,0.5848196892989735,0.11428571428571428,0.4,0.06666666666666667,0.1089700413258102,0.09174311926605505,1.0,0.04807692307692308,2
LogReg,class_weight,13,0.0349891265357367,0.2778761061946903,0.0423728813559322,118,5,0.0,0.0,0.0,0.028636056744038147,0.06557377049180328,0.8,0.03418803418803419,0.12051949827964133,0.042105263157894736,0.4,0.022222222222222223,2
LogReg,class_weight,14,0.04504228973635607,0.44070796460177,0.0423728813559322,118,5,0.0,0.0,0.2,0.8745266126159067,0.0,0.0,0.0,0.024447521336800605,0.08264462809917356,1.0,0.04310344827586207,2
LogReg,class_weight,15,0.04327931674106688,0.44385964912280707,0.04201680672268908,119,5,0.0,0.0,0.0,0.04138559584357847,0.08547008547008547,1.0,0.044642857142857144,0.09782329279031989,0.09259259259259259,1.0,0.04854368932038835,3
LogReg,class_weight,16,0.05693306752130281,0.49557522123893805,0.0423728813559322,118,5,0.0,0.0,0.2,0.005771333654095007,0.08130081300813008,1.0,0.0423728813559322,0.025711200066175496,0.08130081300813008,1.0,0.0423728813559322,3
LogReg,class_weight,17,0.03170638676194788,0.23893805309734514,0.0423728813559322,118,5,0.0,0.0,0.0,0.8315946341922787,0.0,0.0,0.0,0.05032139049588989,0.08264462809917356,1.0,0.04310344827586207,3
LogReg,class_weight,18,0.09804149151975239,0.5946902654867257,0.0423728813559322,118,5,0.0,0.4,0.6,0.004494373070219258,0.08130081300813008,1.0,0.0423728813559322,0.05691907101553155,0.08130081300813008,1.0,0.0423728813559322,3
LogReg,class_weight,19,0.05338687725280806,0.5185840707964602,0.0423728813559322,118,5,0.0,0.0,0.2,0.00628803974668182,0.08196721311475409,1.0,0.042735042735042736,0.043150222974205614,0.08264462809917356,1.0,0.04310344827586207,3
LogReg,class_weight,20,0.04483302145211155,0.45614035087719307,0.04201680672268908,119,5,0.0,0.0,0.0,0.003249486170762478,0.08064516129032258,1.0,0.04201680672268908,0.042772080282160625,0.08130081300813008,1.0,0.0423728813559322,4
LogReg,class_weight,21,0.06350285832765618,0.5734513274336284,0.0423728813559322,118,5,0.0,0.0,0.2,0.00841900857025121,0.08196721311475409,1.0,0.042735042735042736,0.04644231361125759,0.08196721311475409,1.0,0.042735042735042736,4
LogReg,class_weight,22,0.06277077260353177,0.4991150442477875,0.0423728813559322,118,5,0.0,0.0,0.4,0.00417060382276033,0.08196721311475409,1.0,0.042735042735042736,0.07349198086941293,0.08403361344537816,1.0,0.043859649122807015,4
LogReg,class_weight,23,0.06464098161145658,0.5380530973451327,0.0423728813559322,118,5,0.0,0.2,0.2,0.4128013415015237,0.10344827586206896,0.6,0.05660377358490566,0.07448804297686352,0.07017543859649122,0.8,0.03669724770642202,4
LogReg,class_weight,24,0.04640109012953841,0.45663716814159294,0.0423728813559322,118,5,0.0,0.0,0.0,0.0323661102476947,0.08264462809917356,1.0,0.04310344827586207,0.05012063723298066,0.08333333333333333,1.0,0.043478260869565216,4
LogReg,class_weight,25,0.059462208203626965,0.4491228070175438,0.04201680672268908,119,5,0.0,0.2,0.2,0.6205048943073772,0.05714285714285714,0.2,0.03333333333333333,0.1169632497393515,0.05660377358490566,0.6,0.0297029702970297,5
LogReg,class_weight,26,0.05635233448960285,0.5504424778761061,0.0423728813559322,118,5,0.0,0.0,0.2,0.006201084783353578,0.08130081300813008,1.0,0.0423728813559322,0.05023229451123902,0.08264462809917356,1.0,0.04310344827586207,5
LogReg,class_weight,27,0.05803237661068986,0.5026548672566372,0.0423728813559322,118,5,0.0,0.0,0.2,0.007784416465787017,0.08264462809917356,1.0,0.04310344827586207,0.10394085994741678,0.08403361344537816,1.0,0.043859649122807015,5
LogReg,class_weight,28,0.06804465759886784,0.3274336283185841,0.0423728813559322,118,5,0.2,0.2,0.2,0.026812487202011966,0.08130081300813008,1.0,0.0423728813559322,0.047703151441557776,0.08196721311475409,1.0,0.042735042735042736,5
LogReg,class_weight,29,0.0379782533941691,0.352212389380531,0.0423728813559322,118,5,0.0,0.0,0.0,0.0016737314107946497,0.08130081300813008,1.0,0.0423728813559322,0.015478446795584138,0.08264462809917356,1.0,0.04310344827586207,5
LogReg,class_weight,30,0.048869930367045726,0.4385964912280702,0.04201680672268908,119,5,0.0,0.0,0.2,0.005898442494826389,0.08064516129032258,1.0,0.04201680672268908,0.04711290954571142,0.06611570247933884,0.8,0.034482758620689655,6
LogReg,class_weight,31,0.033478287918065064,0.2743362831858407,0.0423728813559322,118,5,0.0,0.0,0.0,0.0027215448605398714,0.08196721311475409,1.0,0.042735042735042736,0.044489418193602276,0.08196721311475409,1.0,0.042735042735042736,6
LogReg,class_weight,32,0.03742577597840756,0.3557522123893806,0.0423728813559322,118,5,0.0,0.0,0.0,0.34171113918865975,0.05555555555555555,0.4,0.029850746268656716,0.03187276128300678,0.08196721311475409,1.0,0.042735042735042736,6
LogReg,class_weight,33,0.04326165715328277,0.35752212389380533,0.0423728813559322,118,5,0.0,0.0,0.2,0.009388693133773942,0.08130081300813008,1.0,0.0423728813559322,0.04861959836923043,0.08264462809917356,1.0,0.04310344827586207,6
LogReg,class_weight,34,0.057129731349245975,0.5292035398230088,0.0423728813559322,118,5,0.0,0.0,0.2,0.1907559499852996,0.08080808080808081,0.8,0.0425531914893617,0.08950184617693807,0.08695652173913043,1.0,0.045454545454545456,6
LogReg,class_weight,35,0.04120443597154747,0.3315789473684211,0.04201680672268908,119,5,0.0,0.0,0.2,0.06884263045287838,0.08333333333333333,1.0,0.043478260869565216,0.07539268011609937,0.08403361344537816,1.0,0.043859649122807015,7
LogReg,class_weight,36,0.048056859287106665,0.4902654867256637,0.0423728813559322,118,5,0.0,0.0,0.0,0.8032259410621582,0.0,0.0,0.0,0.09852982009014467,0.08403361344537816,1.0,0.043859649122807015,7
LogReg,class_weight,37,0.0475099366527938,0.4778761061946903,0.0423728813559322,118,5,0.0,0.0,0.0,0.007311266046077412,0.08196721311475409,1.0,0.042735042735042736,0.05043772770221704,0.0847457627118644,1.0,0.04424778761061947,7
LogReg,class_weight,38,0.034945941761722436,0.3026548672566372,0.0423728813559322,118,5,0.0,0.0,0.0,0.03732240939157866,0.08620689655172414,1.0,0.04504504504504504,0.07158150848532378,0.057692307692307696,0.6,0.030303030303030304,7
LogReg,class_weight,39,0.05115603672607649,0.5168141592920354,0.0423728813559322,118,5,0.0,0.0,0.2,0.35463108643070224,0.08450704225352113,0.6,0.045454545454545456,0.04357534368924684,0.08130081300813008,1.0,0.0423728813559322,7
LogReg,class_weight,40,0.06348877776575161,0.6333333333333333,0.04201680672268908,119,5,0.0,0.0,0.2,0.010367434640539715,0.08064516129032258,1.0,0.04201680672268908,0.10493010383809011,0.08264462809917356,1.0,0.04310344827586207,8
LogReg,class_weight,41,0.0350425886289481,0.31150442477876106,0.0423728813559322,118,5,0.0,0.0,0.0,0.1481455272062718,0.08602150537634409,0.8,0.045454545454545456,0.09439961158384515,0.07692307692307693,0.8,0.04040404040404041,8
LogReg,class_weight,42,0.03840835654251656,0.36637168141592924,0.0423728813559322,118,5,0.0,0.0,0.0,0.39053030976179837,0.06666666666666667,0.4,0.03636363636363636,0.18841456082835736,0.0625,0.6,0.03296703296703297,8
LogReg,class_weight,43,0.036861047449282744,0.34513274336283184,0.0423728813559322,118,5,0.0,0.0,0.0,0.9713311543050874,0.0,0.0,0.0,0.054620957487425896,0.06611570247933884,0.8,0.034482758620689655,8
LogReg,class_weight,44,0.045786819435872275,0.4265486725663717,0.0423728813559322,118,5,0.0,0.0,0.2,0.7974224866476904,0.0,0.0,0.0,0.051760637456433216,0.0847457627118644,1.0,0.04424778761061947,8
LogReg,class_weight,45,0.03396626821093451,0.28771929824561404,0.04201680672268908,119,5,0.0,0.0,0.0,0.7083140485682904,0.0,0.0,0.0,0.04096972585684949,0.08547008547008547,1.0,0.044642857142857144,9
LogReg,class_weight,46,0.05479043737542573,0.5539823008849557,0.0423728813559322,118,5,0.0,0.0,0.0,0.02022228251524831,0.08196721311475409,1.0,0.042735042735042736,0.054028988847965524,0.08196721311475409,1.0,0.042735042735042736,9
LogReg,class_weight,47,0.033408658607017014,0.2778761061946903,0.0423728813559322,118,5,0.0,0.0,0.0,0.7642213087962187,0.0,0.0,0.0,0.08172097479278843,0.05357142857142857,0.6,0.028037383177570093,9
LogReg,class_weight,48,0.06256838698688469,0.552212389380531,0.0423728813559322,118,5,0.0,0.2,0.2,0.005380086915579748,0.08196721311475409,1.0,0.042735042735042736,0.0654062223895235,0.08196721311475409,1.0,0.042735042735042736,9
LogReg,class_weight,49,0.035942815117577576,0.30619469026548674,0.0423728813559322,118,5,0.0,0.0,0.0,0.0760940699730303,0.05504587155963303,0.6,0.028846153846153848,0.1267139559112615,0.061855670103092786,0.6,0.03260869565217391,9
LogReg,ROS,0,0.07734268782323703,0.624561403508772,0.04201680672268908,119,5,0.0,0.0,0.4,0.9619719839116104,0.0,0.0,0.0,0.017891313876511817,0.08130081300813008,1.0,0.0423728813559322,0
LogReg,ROS,1,0.03434589096034282,0.2920353982300885,0.0423728813559322,118,5,0.0,0.0,0.0,0.644867079793553,0.0,0.0,0.0,0.0995446674505474,0.056074766355140186,0.6,0.029411764705882353,0
LogReg,ROS,2,0.03404274795659597,0.2601769911504425,0.0423728813559322,118,5,0.0,0.0,0.0,0.6943486569237546,0.0,0.0,0.0,0.06817484576778374,0.07017543859649122,0.8,0.03669724770642202,0
LogReg,ROS,3,0.035715191291783376,0.3238938053097345,0.0423728813559322,118,5,0.0,0.0,0.0,0.014803853623356818,0.08130081300813008,1.0,0.0423728813559322,0.024834325512208346,0.08130081300813008,1.0,0.0423728813559322,0
LogReg,ROS,4,0.05472865534314336,0.5132743362831859,0.0423728813559322,118,5,0.0,0.0,0.2,0.21084710120816183,0.08333333333333333,0.8,0.04395604395604396,0.04506001517357478,0.08403361344537816,1.0,0.043859649122807015,0
LogReg,ROS,5,0.07000514926573656,0.5947368421052632,0.04201680672268908,119,5,0.0,0.0,0.4,0.3583883239451422,0.10526315789473684,0.8,0.056338028169014086,0.06539972044467454,0.08196721311475409,1.0,0.042735042735042736,1
LogReg,ROS,6,0.03330402629282685,0.2619469026548673,0.0423728813559322,118,5,0.0,0.0,0.0,0.25053466388278933,0.029411764705882353,0.2,0.015873015873015872,0.25053466388278933,0.029411764705882353,0.2,0.015873015873015872,1
LogReg,ROS,7,0.050646581795101786,0.49911504424778763,0.0423728813559322,118,5,0.0,0.0,0.2,0.2852150584039569,0.09090909090909091,0.8,0.04819277108433735,0.10506181989217385,0.08547008547008547,1.0,0.044642857142857144,1
LogReg,ROS,8,0.061754628787686956,0.5805309734513275,0.0423728813559322,118,5,0.0,0.0,0.2,0.002053752985168895,0.08130081300813008,1.0,0.0423728813559322,0.012282524602092802,0.08130081300813008,1.0,0.0423728813559322,1
LogReg,ROS,9,0.06055821936298432,0.5663716814159292,0.0423728813559322,118,5,0.0,0.0,0.2,0.011697913459170664,0.08196721311475409,1.0,0.042735042735042736,0.047650802836850324,0.08547008547008547,1.0,0.044642857142857144,1
LogReg,ROS,10,0.04256354960376653,0.4403508771929825,0.04201680672268908,119,5,0.0,0.0,0.0,0.0013224331606665717,0.08064516129032258,1.0,0.04201680672268908,0.024190700163057976,0.08064516129032258,1.0,0.04201680672268908,2
LogReg,ROS,11,0.046851785184746364,0.4778761061946903,0.0423728813559322,118,5,0.0,0.0,0.0,0.0014759595680806814,0.08196721311475409,1.0,0.042735042735042736,0.012458210685900672,0.08196721311475409,1.0,0.042735042735042736,2
LogReg,ROS,12,0.050254657255736065,0.4902654867256637,0.0423728813559322,118,5,0.0,0.0,0.0,0.6480369366702957,0.0,0.0,0.0,0.09307376729782246,0.08849557522123894,1.0,0.046296296296296294,2
LogReg,ROS,13,0.03424974824662487,0.2584070796460177,0.0423728813559322,118,5,0.0,0.0,0.0,0.021875087658456114,0.06611570247933884,0.8,0.034482758620689655,0.063673196048059,0.038834951456310676,0.4,0.02040816326530612,2
LogReg,ROS,14,0.04152909255437433,0.40530973451327434,0.0423728813559322,118,5,0.0,0.0,0.0,0.8852619819026382,0.0,0.0,0.0,0.01700423907144281,0.08196721311475409,1.0,0.042735042735042736,2
LogReg,ROS,15,0.04152317958353673,0.4263157894736842,0.04201680672268908,119,5,0.0,0.0,0.0,0.016804720466097812,0.08333333333333333,1.0,0.043478260869565216,0.05033851372937218,0.08849557522123894,1.0,0.046296296296296294,3
LogReg,ROS,16,0.05289997769019112,0.4672566371681416,0.0423728813559322,118,5,0.0,0.0,0.2,0.002829119361900305,0.08130081300813008,1.0,0.0423728813559322,0.017217825892288787,0.08130081300813008,1.0,0.0423728813559322,3
LogReg,ROS,17,0.032072955676903894,0.24778761061946905,0.0423728813559322,118,5,0.0,0.0,0.0,0.8619631712449999,0.0,0.0,0.0,0.04585456949926355,0.08333333333333333,1.0,0.043478260869565216,3
LogReg,ROS,18,0.08644057092332955,0.584070796460177,0.0423728813559322,118,5,0.0,0.2,0.4,0.0019366897830468328,0.08130081300813008,1.0,0.0423728813559322,0.04588869712385138,0.08130081300813008,1.0,0.0423728813559322,3
LogReg,ROS,19,0.053565176484005245,0.5168141592920354,0.0423728813559322,118,5,0.0,0.0,0.0,0.003263054216179641,0.08196721311475409,1.0,0.042735042735042736,0.02142589248163054,0.08196721311475409,1.0,0.042735042735042736,3
LogReg,ROS,20,0.047579837543117835,0.48245614035087725,0.04201680672268908,119,5,0.0,0.0,0.0,0.0018712837996615803,0.08064516129032258,1.0,0.04201680672268908,0.03460260711558683,0.08064516129032258,1.0,0.04201680672268908,4
LogReg,ROS,21,0.06436147186147187,0.5716814159292035,0.0423728813559322,118,5,0.0,0.0,0.4,0.005075811366756323,0.08196721311475409,1.0,0.042735042735042736,0.027812430257263144,0.08196721311475409,1.0,0.042735042735042736,4
LogReg,ROS,22,0.07277167277167278,0.5132743362831859,0.0423728813559322,118,5,0.0,0.2,0.4,0.0020148703685110444,0.08196721311475409,1.0,0.042735042735042736,0.05136750818473975,0.08264462809917356,1.0,0.04310344827586207,4
LogReg,ROS,23,0.06177303724427348,0.5079646017699115,0.0423728813559322,118,5,0.0,0.2,0.2,0.14436627145258024,0.07692307692307693,0.8,0.04040404040404041,0.04909266693464085,0.08333333333333333,1.0,0.043478260869565216,4
LogReg,ROS,24,0.045520210783368674,0.45486725663716815,0.0423728813559322,118,5,0.0,0.0,0.0,0.020673528770724987,0.08264462809917356,1.0,0.04310344827586207,0.039786423252391435,0.08264462809917356,1.0,0.04310344827586207,4
LogReg,ROS,25,0.05641021882653279,0.4403508771929825,0.04201680672268908,119,5,0.0,0.2,0.2,0.04133161776674335,0.05309734513274336,0.6,0.027777777777777776,0.06257486351534343,0.05454545454545454,0.6,0.02857142857142857,5
LogReg,ROS,26,0.05278249187839956,0.536283185840708,0.0423728813559322,118,5,0.0,0.0,0.0,0.003711925712287292,0.08130081300813008,1.0,0.0423728813559322,0.029912246903003637,0.08130081300813008,1.0,0.0423728813559322,5
LogReg,ROS,27,0.056774655976548453,0.5008849557522124,0.0423728813559322,118,5,0.0,0.0,0.4,0.002591554615583082,0.08264462809917356,1.0,0.04310344827586207,0.08083968981625446,0.0847457627118644,1.0,0.04424778761061947,5
LogReg,ROS,28,0.06721781341846969,0.30442477876106194,0.0423728813559322,118,5,0.2,0.2,0.2,0.7392836214209011,0.10526315789473684,0.2,0.07142857142857142,0.0368395113827389,0.08196721311475409,1.0,0.042735042735042736,5
LogReg,ROS,29,0.036244482718664275,0.31681415929203544,0.0423728813559322,118,5,0.0,0.0,0.0,0.0005557766065118613,0.08130081300813008,1.0,0.0423728813559322,0.0123095565993994,0.08196721311475409,1.0,0.042735042735042736,5
LogReg,ROS,30,0.04774767378215654,0.4263157894736842,0.04201680672268908,119,5,0.0,0.0,0.2,0.005161726305783249,0.08064516129032258,1.0,0.04201680672268908,0.03394782940722094,0.08264462809917356,1.0,0.04310344827586207,6
LogReg,ROS,31,0.032206420546520856,0.24955752212389382,0.0423728813559322,118,5,0.0,0.0,0.0,0.0009760262472700703,0.08196721311475409,1.0,0.042735042735042736,0.02711637875007246,0.08196721311475409,1.0,0.042735042735042736,6
LogReg,ROS,32,0.038772659290768355,0.3769911504424779,0.0423728813559322,118,5,0.0,0.0,0.0,0.003511073672708041,0.08130081300813008,1.0,0.0423728813559322,0.017120927102530423,0.08130081300813008,1.0,0.0423728813559322,6
LogReg,ROS,33,0.04205226594389156,0.35221238938053095,0.0423728813559322,118,5,0.0,0.0,0.2,0.006655828742262219,0.08130081300813008,1.0,0.0423728813559322,0.03628605155162421,0.08264462809917356,1.0,0.04310344827586207,6
LogReg,ROS,34,0.057092026363823226,0.5185840707964602,0.0423728813559322,118,5,0.0,0.0,0.2,0.17171370078168993,0.06060606060606061,0.6,0.031914893617021274,0.06063610629595664,0.08196721311475409,1.0,0.042735042735042736,6
LogReg,ROS,35,0.04262680441450452,0.32456140350877194,0.04201680672268908,119,5,0.0,0.0,0.2,0.04256940274315421,0.08264462809917356,1.0,0.04310344827586207,0.049474052388277914,0.08333333333333333,1.0,0.043478260869565216,7
LogReg,ROS,36,0.048846560846560846,0.4938053097345133,0.0423728813559322,118,5,0.0,0.0,0.0,0.6438342292909869,0.0,0.0,0.0,0.08483711803343237,0.0847457627118644,1.0,0.04424778761061947,7
LogReg,ROS,37,0.05461086204393262,0.5097345132743363,0.0423728813559322,118,5,0.0,0.0,0.2,0.21066371152704702,0.08791208791208792,0.8,0.046511627906976744,0.04240430237026324,0.0847457627118644,1.0,0.04424778761061947,7
LogReg,ROS,38,0.034703972102149074,0.2973451327433628,0.0423728813559322,118,5,0.0,0.0,0.0,0.37968120890111334,0.03571428571428571,0.2,0.0196078431372549,0.03151131328626613,0.08771929824561403,1.0,0.045871559633027525,7
LogReg,ROS,39,0.04914527237931493,0.49734513274336284,0.0423728813559322,118,5,0.0,0.0,0.2,0.32340789740412373,0.08,0.6,0.04285714285714286,0.02406702196277565,0.08130081300813008,1.0,0.0423728813559322,7
LogReg,ROS,40,0.06430202872063337,0.6403508771929824,0.04201680672268908,119,5,0.0,0.0,0.2,0.2273540308902033,0.09433962264150944,1.0,0.04950495049504951,0.07643501926014613,0.08196721311475409,1.0,0.042735042735042736,8
LogReg,ROS,41,0.035032258704649384,0.31150442477876106,0.0423728813559322,118,5,0.0,0.0,0.0,0.453747577660503,0.0,0.0,0.0,0.05288264739225778,0.07017543859649122,0.8,0.03669724770642202,8
LogReg,ROS,42,0.03861210341086502,0.3699115044247787,0.0423728813559322,118,5,0.0,0.0,0.0,0.42364997445942343,0.03571428571428571,0.2,0.0196078431372549,0.211608089759821,0.06818181818181818,0.6,0.03614457831325301,8
LogReg,ROS,43,0.03727094682600801,0.3486725663716814,0.0423728813559322,118,5,0.0,0.0,0.0,0.7151161901856311,0.0,0.0,0.0,0.044247089449008244,0.06611570247933884,0.8,0.034482758620689655,8
LogReg,ROS,44,0.04549396459369907,0.42123893805309737,0.0423728813559322,118,5,0.0,0.0,0.2,0.8947028305082599,0.0,0.0,0.0,0.03707213897155514,0.0847457627118644,1.0,0.04424778761061947,8
LogReg,ROS,45,0.033605357747966316,0.2824561403508772,0.04201680672268908,119,5,0.0,0.0,0.0,0.7221783380265556,0.0,0.0,0.0,0.024796872222342496,0.08264462809917356,1.0,0.04310344827586207,9
LogReg,ROS,46,0.05282726381087037,0.5451327433628319,0.0423728813559322,118,5,0.0,0.0,0.0,0.009241054063365613,0.08130081300813008,1.0,0.0423728813559322,0.0475030312577878,0.08196721311475409,1.0,0.042735042735042736,9
LogReg,ROS,47,0.033199431852879616,0.27256637168141595,0.0423728813559322,118,5,0.0,0.0,0.0,0.9006560629530974,0.0,0.0,0.0,0.0683312136344692,0.05357142857142857,0.6,0.028037383177570093,9
LogReg,ROS,48,0.06219702407407511,0.5575221238938053,0.0423728813559322,118,5,0.0,0.0,0.2,0.00274710754140439,0.08196721311475409,1.0,0.042735042735042736,0.054778276886843204,0.08196721311475409,1.0,0.042735042735042736,9
LogReg,ROS,49,0.03483196997992232,0.2955752212389381,0.0423728813559322,118,5,0.0,0.0,0.0,0.06105192207969084,0.05405405405405406,0.6,0.02830188679245283,0.06514951793697263,0.05555555555555555,0.6,0.02912621359223301,9
LogReg,SMOTE,0,0.10810575192597664,0.6596491228070176,0.04201680672268908,119,5,0.0,0.2,0.6,0.9800256325161836,0.0,0.0,0.0,0.018013817103119726,0.08130081300813008,1.0,0.0423728813559322,0
LogReg,SMOTE,1,0.03425580926713041,0.2778761061946903,0.0423728813559322,118,5,0.0,0.0,0.0,0.6024681514769541,0.0,0.0,0.0,0.06412213970583328,0.05660377358490566,0.6,0.0297029702970297,0
LogReg,SMOTE,2,0.03630638008413618,0.2955752212389381,0.0423728813559322,118,5,0.0,0.0,0.0,0.6897157482936039,0.0,0.0,0.0,0.03336847166779569,0.08403361344537816,1.0,0.043859649122807015,0
LogReg,SMOTE,3,0.035884392606744274,0.3292035398230088,0.0423728813559322,118,5,0.0,0.0,0.0,0.0017116886224698552,0.08130081300813008,1.0,0.0423728813559322,0.022751511253927464,0.08196721311475409,1.0,0.042735042735042736,0
LogReg,SMOTE,4,0.05562611630957677,0.49203539823008846,0.0423728813559322,118,5,0.0,0.0,0.2,0.00045275071725383757,0.08130081300813008,1.0,0.0423728813559322,0.03772950984775172,0.08403361344537816,1.0,0.043859649122807015,0
LogReg,SMOTE,5,0.07513486513486514,0.5771929824561404,0.04201680672268908,119,5,0.0,0.2,0.4,0.2807810870061888,0.1,0.8,0.05333333333333334,0.06068246776648268,0.08264462809917356,1.0,0.04310344827586207,1
LogReg,SMOTE,6,0.03345351468194278,0.2601769911504425,0.0423728813559322,118,5,0.0,0.0,0.0,0.17672877717341778,0.024390243902439025,0.2,0.012987012987012988,0.17875678582263976,0.025,0.2,0.013333333333333334,1
LogReg,SMOTE,7,0.04839812563599337,0.4707964601769911,0.0423728813559322,118,5,0.0,0.0,0.0,0.29768107838398594,0.07317073170731707,0.6,0.03896103896103896,0.08111501938844319,0.0847457627118644,1.0,0.04424778761061947,1
LogReg,SMOTE,8,0.0629768017752999,0.6141592920353982,0.0423728813559322,118,5,0.0,0.0,0.2,0.0016519262980947713,0.08130081300813008,1.0,0.0423728813559322,0.011387016502718436,0.08130081300813008,1.0,0.0423728813559322,1
LogReg,SMOTE,9,0.0636159716314231,0.5823008849557523,0.0423728813559322,118,5,0.0,0.0,0.2,0.004382168174937741,0.08196721311475409,1.0,0.042735042735042736,0.02703078521106348,0.08333333333333333,1.0,0.043478260869565216,1
LogReg,SMOTE,10,0.050401490508697175,0.5263157894736843,0.04201680672268908,119,5,0.0,0.0,0.2,0.0005708203125458128,0.08064516129032258,1.0,0.04201680672268908,0.01578553910639947,0.08064516129032258,1.0,0.04201680672268908,2
LogReg,SMOTE,11,0.049061745538835105,0.49911504424778763,0.0423728813559322,118,5,0.0,0.0,0.2,0.0010300995208367184,0.08196721311475409,1.0,0.042735042735042736,0.014233895055585791,0.08196721311475409,1.0,0.042735042735042736,2
LogReg,SMOTE,12,0.05482458264480737,0.5185840707964602,0.0423728813559322,118,5,0.0,0.0,0.2,0.5707383009408862,0.12903225806451613,0.4,0.07692307692307693,0.06529945185813191,0.0847457627118644,1.0,0.04424778761061947,2
LogReg,SMOTE,13,0.03523788475528501,0.27256637168141595,0.0423728813559322,118,5,0.0,0.0,0.0,0.018958154463573792,0.05128205128205128,0.6,0.026785714285714284,0.07827342309089316,0.041666666666666664,0.4,0.02197802197802198,2
LogReg,SMOTE,14,0.03513785131059889,0.3168141592920354,0.0423728813559322,118,5,0.0,0.0,0.0,0.8514760518351435,0.0,0.0,0.0,0.013517700035113702,0.08264462809917356,1.0,0.04310344827586207,2
LogReg,SMOTE,15,0.054254690836399985,0.5263157894736842,0.04201680672268908,119,5,0.0,0.0,0.2,0.006340702875200234,0.08130081300813008,1.0,0.0423728813559322,0.028560075236518843,0.08333333333333333,1.0,0.043478260869565216,3
LogReg,SMOTE,16,0.05145839345839346,0.46725663716814164,0.0423728813559322,118,5,0.0,0.0,0.2,0.0018568946503978638,0.08130081300813008,1.0,0.0423728813559322,0.009675744248704798,0.08130081300813008,1.0,0.0423728813559322,3
LogReg,SMOTE,17,0.03150125752348701,0.2353982300884956,0.0423728813559322,118,5,0.0,0.0,0.0,0.8551953911079403,0.0,0.0,0.0,0.0508133345097128,0.05172413793103448,0.6,0.02702702702702703,3
LogReg,SMOTE,18,0.10466143194866599,0.5858407079646017,0.0423728813559322,118,5,0.0,0.4,0.6,0.0012183749193743036,0.08130081300813008,1.0,0.0423728813559322,0.046242000280813295,0.08130081300813008,1.0,0.0423728813559322,3
LogReg,SMOTE,19,0.05581738437001595,0.5327433628318584,0.0423728813559322,118,5,0.0,0.0,0.2,0.00120322660020044,0.08196721311475409,1.0,0.042735042735042736,0.017440276500504497,0.08196721311475409,1.0,0.042735042735042736,3
LogReg,SMOTE,20,0.036829189129600676,0.3526315789473684,0.04201680672268908,119,5,0.0,0.0,0.0,0.001301516114455277,0.08064516129032258,1.0,0.04201680672268908,0.03643460074447442,0.08264462809917356,1.0,0.04310344827586207,4
LogReg,SMOTE,21,0.0684482646982647,0.5787610619469027,0.0423728813559322,118,5,0.0,0.2,0.2,0.003086851389224022,0.08196721311475409,1.0,0.042735042735042736,0.015107846908270413,0.08196721311475409,1.0,0.042735042735042736,4
LogReg,SMOTE,22,0.083601730861082,0.5079646017699115,0.0423728813559322,118,5,0.2,0.2,0.4,0.0011291334673946061,0.08196721311475409,1.0,0.042735042735042736,0.05982264782827852,0.06837606837606838,0.8,0.03571428571428571,4
LogReg,SMOTE,23,0.05920154240607272,0.5150442477876106,0.0423728813559322,118,5,0.0,0.2,0.2,0.16976058362238677,0.08695652173913043,0.8,0.04597701149425287,0.043724665245853,0.06896551724137931,0.8,0.036036036036036036,4
LogReg,SMOTE,24,0.04513149631849994,0.4495575221238938,0.0423728813559322,118,5,0.0,0.0,0.0,0.020036616904713655,0.08264462809917356,1.0,0.04310344827586207,0.03108022344417249,0.08264462809917356,1.0,0.04310344827586207,4
LogReg,SMOTE,25,0.06885690717383094,0.431578947368421,0.04201680672268908,119,5,0.2,0.2,0.2,0.5968636211940366,0.05714285714285714,0.2,0.03333333333333333,0.044764781262802776,0.05405405405405406,0.6,0.02830188679245283,5
LogReg,SMOTE,26,0.057565808932268564,0.5646017699115045,0.0423728813559322,118,5,0.0,0.0,0.2,0.002211787098480528,0.08130081300813008,1.0,0.0423728813559322,0.01709474597514353,0.08130081300813008,1.0,0.0423728813559322,5
LogReg,SMOTE,27,0.060500000000000005,0.511504424778761,0.0423728813559322,118,5,0.0,0.0,0.4,0.0010479872735083282,0.08264462809917356,1.0,0.04310344827586207,0.06471557278617658,0.0847457627118644,1.0,0.04424778761061947,5
LogReg,SMOTE,28,0.06714155860717398,0.30619469026548674,0.0423728813559322,118,5,0.2,0.2,0.2,0.00019190522239066407,0.08130081300813008,1.0,0.0423728813559322,0.023258702520362377,0.08130081300813008,1.0,0.0423728813559322,5
LogReg,SMOTE,29,0.03647074812205357,0.30265486725663715,0.0423728813559322,118,5,0.0,0.0,0.0,0.00036556679911509506,0.08130081300813008,1.0,0.0423728813559322,0.00785215395415355,0.08196721311475409,1.0,0.042735042735042736,5
LogReg,SMOTE,30,0.04842316953772062,0.4649122807017544,0.04201680672268908,119,5,0.0,0.0,0.2,0.643255766223459,0.08333333333333333,0.2,0.05263157894736842,0.02312141881853239,0.06666666666666667,0.8,0.034782608695652174,6
LogReg,SMOTE,31,0.03230778279691324,0.2530973451327434,0.0423728813559322,118,5,0.0,0.0,0.0,0.0005535037197393361,0.08196721311475409,1.0,0.042735042735042736,0.017970417687944145,0.08196721311475409,1.0,0.042735042735042736,6
LogReg,SMOTE,32,0.04312327856952603,0.43185840707964607,0.0423728813559322,118,5,0.0,0.0,0.0,0.0022858447001035424,0.08130081300813008,1.0,0.0423728813559322,0.02107477558193996,0.08196721311475409,1.0,0.042735042735042736,6
LogReg,SMOTE,33,0.041894835287892396,0.36460176991150445,0.0423728813559322,118,5,0.0,0.0,0.0,0.003910576913452899,0.08130081300813008,1.0,0.0423728813559322,0.04249659186280548,0.08403361344537816,1.0,0.043859649122807015,6
LogReg,SMOTE,34,0.0581970431970432,0.4973451327433628,0.0423728813559322,118,5,0.0,0.0,0.2,0.015010872996538988,0.08196721311475409,1.0,0.042735042735042736,0.07109050850358668,0.07207207207207207,0.8,0.03773584905660377,6
LogReg,SMOTE,35,0.03803333223723872,0.3070175438596492,0.04201680672268908,119,5,0.0,0.0,0.2,0.03194948273655224,0.08196721311475409,1.0,0.042735042735042736,0.040076022555963334,0.08333333333333333,1.0,0.043478260869565216,7
LogReg,SMOTE,36,0.04918582758331791,0.49911504424778763,0.0423728813559322,118,5,0.0,0.0,0.0,0.8410774716395872,0.0,0.0,0.0,0.0815280015438372,0.0847457627118644,1.0,0.04424778761061947,7
LogReg,SMOTE,37,0.04826514193770831,0.47079646017699117,0.0423728813559322,118,5,0.0,0.0,0.2,0.24563072555311682,0.0963855421686747,0.8,0.05128205128205128,0.027318765505708612,0.0847457627118644,1.0,0.04424778761061947,7
LogReg,SMOTE,38,0.03532519582824929,0.3097345132743363,0.0423728813559322,118,5,0.0,0.0,0.0,0.3586504214819249,0.03636363636363636,0.2,0.02,0.029812934814666986,0.07207207207207207,0.8,0.03773584905660377,7
LogReg,SMOTE,39,0.04758783822693598,0.4690265486725664,0.0423728813559322,118,5,0.0,0.0,0.2,0.11891837550409803,0.08849557522123894,1.0,0.046296296296296294,0.017720153717178912,0.08130081300813008,1.0,0.0423728813559322,7
LogReg,SMOTE,40,0.06801252236135957,0.6350877192982456,0.04201680672268908,119,5,0.0,0.0,0.2,0.002905722750792408,0.08064516129032258,1.0,0.04201680672268908,0.06253399872259516,0.08196721311475409,1.0,0.042735042735042736,8
LogReg,SMOTE,41,0.03559811699111082,0.32389380530973455,0.0423728813559322,118,5,0.0,0.0,0.0,0.036262499789353204,0.07207207207207207,0.8,0.03773584905660377,0.03984597121944776,0.07207207207207207,0.8,0.03773584905660377,8
LogReg,SMOTE,42,0.03916465831720069,0.368141592920354,0.0423728813559322,118,5,0.0,0.0,0.0,0.7712697391347979,0.0,0.0,0.0,0.17996170206892356,0.075,0.6,0.04,8
LogReg,SMOTE,43,0.033320049777926776,0.26902654867256637,0.0423728813559322,118,5,0.0,0.0,0.0,0.9793513784977436,0.0,0.0,0.0,0.03190552789161018,0.06611570247933884,0.8,0.034482758620689655,8
LogReg,SMOTE,44,0.043363367579333366,0.4176991150442477,0.0423728813559322,118,5,0.0,0.0,0.2,0.8807536627898462,0.0,0.0,0.0,0.04551808128578126,0.08547008547008547,1.0,0.044642857142857144,8
LogReg,SMOTE,45,0.033060572974018126,0.2736842105263158,0.04201680672268908,119,5,0.0,0.0,0.0,0.7875960748806404,0.0,0.0,0.0,0.020485316601685448,0.0847457627118644,1.0,0.04424778761061947,9
LogReg,SMOTE,46,0.04453072214379857,0.4513274336283186,0.0423728813559322,118,5,0.0,0.0,0.0,0.0045170680042862605,0.08130081300813008,1.0,0.0423728813559322,0.026922998227710538,0.08196721311475409,1.0,0.042735042735042736,9
LogReg,SMOTE,47,0.03359144777885226,0.2548672566371682,0.0423728813559322,118,5,0.0,0.0,0.0,0.9285294450935876,0.0,0.0,0.0,0.05992600322664864,0.05454545454545454,0.6,0.02857142857142857,9
LogReg,SMOTE,48,0.05768961430726137,0.552212389380531,0.0423728813559322,118,5,0.0,0.0,0.2,0.0018444518805701843,0.08196721311475409,1.0,0.042735042735042736,0.024719811746929804,0.08196721311475409,1.0,0.042735042735042736,9
LogReg,SMOTE,49,0.03549054417511292,0.28495575221238945,0.0423728813559322,118,5,0.0,0.0,0.0,0.016654319846712274,0.05084745762711865,0.6,0.02654867256637168,0.05218327698640919,0.056074766355140186,0.6,0.029411764705882353,9
RF,class_weight,0,0.13734379517274736,0.7140350877192984,0.04201680672268908,119,5,0.2,0.4,0.4,0.01,0.08130081300813008,1.0,0.0423728813559322,0.03333333333333333,0.09803921568627451,1.0,0.05154639175257732,0
RF,class_weight,1,0.0349157206742346,0.22831858407079647,0.0423728813559322,118,5,0.0,0.0,0.0,0.10666666666666667,0.04081632653061224,0.2,0.022727272727272728,0.05,0.022988505747126436,0.2,0.012195121951219513,0
RF,class_weight,2,0.04549327865117339,0.4424778761061947,0.0423728813559322,118,5,0.0,0.0,0.0,0.03,0.09803921568627451,1.0,0.05154639175257732,0.03333333333333333,0.09803921568627451,1.0,0.05154639175257732,0
RF,class_weight,3,0.07114760508308896,0.4769911504424779,0.0423728813559322,118,5,0.2,0.2,0.2,0.0,0.08130081300813008,1.0,0.0423728813559322,0.016666666666666666,0.08547008547008547,1.0,0.044642857142857144,0
RF,class_weight,4,0.039827582580621856,0.39557522123893807,0.0423728813559322,118,5,0.0,0.0,0.0,0.16666666666666666,0.0,0.0,0.0,0.03333333333333333,0.06451612903225806,0.6,0.03409090909090909,0
RF,class_weight,5,0.27362637362637365,0.44561403508771935,0.04201680672268908,119,5,0.2,0.4,0.4,0.16333333333333333,0.3076923076923077,0.4,0.25,0.05333333333333334,0.05555555555555555,0.4,0.029850746268656716,1
RF,class_weight,6,0.03749720728444133,0.35575221238938054,0.0423728813559322,118,5,0.0,0.0,0.0,0.14,0.0,0.0,0.0,0.06,0.05128205128205128,0.4,0.0273972602739726,1
RF,class_weight,7,0.05490976281393535,0.5194690265486726,0.0423728813559322,118,5,0.0,0.0,0.2,0.06,0.07228915662650602,0.6,0.038461538461538464,0.04,0.10101010101010101,1.0,0.05319148936170213,1
RF,class_weight,8,0.09190791745555436,0.7123893805309734,0.0423728813559322,118,5,0.0,0.2,0.4,0.016666666666666666,0.08928571428571429,1.0,0.04672897196261682,0.02,0.09174311926605505,1.0,0.04807692307692308,1
RF,class_weight,9,0.04793166221609671,0.47876106194690266,0.0423728813559322,118,5,0.0,0.0,0.2,0.23666666666666666,0.0,0.0,0.0,0.04,0.10101010101010101,1.0,0.05319148936170213,1
RF,class_weight,10,0.03873217868664879,0.4043859649122807,0.04201680672268908,119,5,0.0,0.0,0.0,0.07,0.03278688524590164,0.2,0.017857142857142856,0.02,0.09174311926605505,1.0,0.04807692307692308,2
RF,class_weight,11,0.2650612517279184,0.6079646017699115,0.0423728813559322,118,5,0.2,0.4,0.4,0.013333333333333334,0.08333333333333333,1.0,0.043478260869565216,0.02666666666666667,0.09523809523809523,1.0,0.05,2
RF,class_weight,12,0.050304970260675555,0.43274336283185844,0.0423728813559322,118,5,0.0,0.0,0.2,0.06666666666666667,0.057971014492753624,0.4,0.03125,0.05333333333333334,0.075,0.6,0.04,2
RF,class_weight,13,0.04394267894267894,0.45929203539823016,0.0423728813559322,118,5,0.0,0.0,0.0,0.33666666666666667,0.0,0.0,0.0,0.02666666666666667,0.10416666666666667,1.0,0.054945054945054944,2
RF,class_weight,14,0.09100820470031984,0.6973451327433628,0.0423728813559322,118,5,0.0,0.2,0.4,0.30333333333333334,0.0,0.0,0.0,0.023333333333333334,0.08771929824561403,1.0,0.045871559633027525,2
RF,class_weight,15,0.09707482993197278,0.5964912280701755,0.04201680672268908,119,5,0.2,0.2,0.4,0.14333333333333334,0.14285714285714285,0.4,0.08695652173913043,0.03333333333333333,0.06315789473684211,0.6,0.03333333333333333,3
RF,class_weight,16,0.04462055210997079,0.4575221238938053,0.0423728813559322,118,5,0.0,0.0,0.0,0.17666666666666667,0.0,0.0,0.0,0.043333333333333335,0.08602150537634409,0.8,0.045454545454545456,3
RF,class_weight,17,0.058180708180708175,0.536283185840708,0.0423728813559322,118,5,0.0,0.0,0.2,0.14,0.07692307692307693,0.2,0.047619047619047616,0.06666666666666667,0.10810810810810811,0.8,0.057971014492753624,3
RF,class_weight,18,0.05648367101228437,0.5672566371681416,0.0423728813559322,118,5,0.0,0.0,0.2,0.5533333333333333,0.0,0.0,0.0,0.016666666666666666,0.0847457627118644,1.0,0.04424778761061947,3
RF,class_weight,19,0.13536019536019533,0.6831858407079646,0.0423728813559322,118,5,0.2,0.2,0.4,0.05333333333333334,0.11764705882352941,1.0,0.0625,0.03666666666666667,0.09523809523809523,1.0,0.05,3
RF,class_weight,20,0.04832812906583399,0.43157894736842106,0.04201680672268908,119,5,0.0,0.0,0.2,0.19333333333333333,0.0,0.0,0.0,0.02,0.05309734513274336,0.6,0.027777777777777776,4
RF,class_weight,21,0.11763177125400409,0.5699115044247788,0.0423728813559322,118,5,0.2,0.2,0.4,0.11,0.09302325581395349,0.4,0.05263157894736842,0.02666666666666667,0.08,0.8,0.042105263157894736,4
RF,class_weight,22,0.04013253297557066,0.41150442477876115,0.0423728813559322,118,5,0.0,0.0,0.0,0.3933333333333333,0.0,0.0,0.0,0.02666666666666667,0.0784313725490196,0.8,0.041237113402061855,4
RF,class_weight,23,0.0535582961169942,0.4734513274336283,0.0423728813559322,118,5,0.0,0.0,0.0,0.17,0.0,0.0,0.0,0.03666666666666667,0.08080808080808081,0.8,0.0425531914893617,4
RF,class_weight,24,0.05632016232005737,0.5079646017699115,0.0423728813559322,118,5,0.0,0.0,0.2,0.06,0.07692307692307693,0.6,0.0410958904109589,0.04,0.061855670103092786,0.6,0.03260869565217391,4
RF,class_weight,25,0.06696987752399867,0.6070175438596491,0.04201680672268908,119,5,0.0,0.0,0.4,0.4066666666666667,0.0,0.0,0.0,0.03333333333333333,0.09803921568627451,1.0,0.05154639175257732,5
RF,class_weight,26,0.062397588738465674,0.5389380530973451,0.0423728813559322,118,5,0.0,0.0,0.2,0.14333333333333334,0.11764705882352941,0.4,0.06896551724137931,0.03333333333333333,0.06,0.6,0.031578947368421054,5
RF,class_weight,27,0.07866795542711344,0.5752212389380532,0.0423728813559322,118,5,0.0,0.2,0.4,0.006666666666666667,0.08403361344537816,1.0,0.043859649122807015,0.03,0.08,0.8,0.042105263157894736,5
RF,class_weight,28,0.06976772227713715,0.45309734513274336,0.0423728813559322,118,5,0.2,0.2,0.2,0.19,0.09523809523809523,0.2,0.0625,0.03,0.07547169811320754,0.8,0.039603960396039604,5
RF,class_weight,29,0.0772668468025874,0.5150442477876106,0.0423728813559322,118,5,0.0,0.2,0.4,0.08666666666666667,0.13043478260869565,0.6,0.07317073170731707,0.013333333333333334,0.05309734513274336,0.6,0.027777777777777776,5
RF,class_weight,30,0.07367399455922359,0.39824561403508774,0.04201680672268908,119,5,0.2,0.2,0.2,0.11333333333333333,0.05263157894736842,0.2,0.030303030303030304,0.04666666666666667,0.07792207792207792,0.6,0.041666666666666664,6
RF,class_weight,31,0.05117576886622871,0.5407079646017698,0.0423728813559322,118,5,0.0,0.0,0.0,0.11,0.04,0.2,0.022222222222222223,0.023333333333333334,0.09174311926605505,1.0,0.04807692307692308,6
RF,class_weight,32,0.08076923076923077,0.3637168141592921,0.0423728813559322,118,5,0.2,0.2,0.2,0.02666666666666667,0.0761904761904762,0.8,0.04,0.03333333333333333,0.07920792079207921,0.8,0.041666666666666664,6
RF,class_weight,33,0.04847665797367471,0.43716814159292033,0.0423728813559322,118,5,0.0,0.0,0.2,0.21333333333333335,0.0,0.0,0.0,0.03333333333333333,0.061224489795918366,0.6,0.03225806451612903,6
RF,class_weight,34,0.08991119824703032,0.6451327433628318,0.0423728813559322,118,5,0.2,0.2,0.4,0.0033333333333333335,0.08264462809917356,1.0,0.04310344827586207,0.023333333333333334,0.09090909090909091,1.0,0.047619047619047616,6
RF,class_weight,35,0.26185404709436855,0.5657894736842105,0.04201680672268908,119,5,0.2,0.2,0.4,0.30666666666666664,0.0,0.0,0.0,0.03333333333333333,0.0784313725490196,0.8,0.041237113402061855,7
RF,class_weight,36,0.045362318840579716,0.4380530973451327,0.0423728813559322,118,5,0.0,0.0,0.2,0.17,0.06896551724137931,0.2,0.041666666666666664,0.01,0.08547008547008547,1.0,0.044642857142857144,7
RF,class_weight,37,0.05541962528263898,0.479646017699115,0.0423728813559322,118,5,0.0,0.0,0.2,0.1,0.08695652173913043,0.4,0.04878048780487805,0.05,0.07228915662650602,0.6,0.038461538461538464,7
RF,class_weight,38,0.11261456149411332,0.5964601769911505,0.0423728813559322,118,5,0.2,0.2,0.4,0.02666666666666667,0.0970873786407767,1.0,0.05102040816326531,0.03,0.08,0.8,0.042105263157894736,7
RF,class_weight,39,0.05874778956675508,0.588495575221239,0.0423728813559322,118,5,0.0,0.0,0.0,0.07,0.14492753623188406,1.0,0.078125,0.03666666666666667,0.11235955056179775,1.0,0.05952380952380952,7
RF,class_weight,40,0.12205434622536507,0.5964912280701755,0.04201680672268908,119,5,0.2,0.2,0.4,0.016666666666666666,0.08333333333333333,1.0,0.043478260869565216,0.023333333333333334,0.08547008547008547,1.0,0.044642857142857144,8
RF,class_weight,41,0.03322204018518689,0.2398230088495575,0.0423728813559322,118,5,0.0,0.0,0.0,0.05333333333333334,0.0,0.0,0.0,0.05333333333333334,0.0,0.0,0.0,8
RF,class_weight,42,0.03346548159450384,0.28761061946902655,0.0423728813559322,118,5,0.0,0.0,0.0,0.23666666666666666,0.0,0.0,0.0,0.04666666666666667,0.025974025974025976,0.2,0.013888888888888888,8
RF,class_weight,43,0.05313829787234042,0.5123893805309735,0.0423728813559322,118,5,0.0,0.0,0.2,0.15,0.0,0.0,0.0,0.043333333333333335,0.07058823529411765,0.6,0.0375,8
RF,class_weight,44,0.0521050381937832,0.4053097345132744,0.0423728813559322,118,5,0.0,0.2,0.2,0.10333333333333333,0.04878048780487805,0.2,0.027777777777777776,0.03666666666666667,0.04597701149425287,0.4,0.024390243902439025,8
RF,class_weight,45,0.05392633535742426,0.5236842105263158,0.04201680672268908,119,5,0.0,0.0,0.2,0.29333333333333333,0.0,0.0,0.0,0.02,0.08695652173913043,1.0,0.045454545454545456,9
RF,class_weight,46,0.08086799620132953,0.5460176991150443,0.0423728813559322,118,5,0.0,0.2,0.4,0.04666666666666667,0.08,0.8,0.042105263157894736,0.03333333333333333,0.09174311926605505,1.0,0.04807692307692308,9
RF,class_weight,47,0.11001069261218391,0.5469026548672566,0.0423728813559322,118,5,0.2,0.2,0.2,0.04666666666666667,0.10126582278481013,0.8,0.05405405405405406,0.04666666666666667,0.10126582278481013,0.8,0.05405405405405406,9
RF,class_weight,48,0.04486390611107434,0.4672566371681416,0.0423728813559322,118,5,0.0,0.0,0.0,0.07,0.07017543859649122,0.4,0.038461538461538464,0.04,0.075,0.6,0.04,9
RF,class_weight,49,0.04466144184454044,0.38318584070796463,0.0423728813559322,118,5,0.0,0.0,0.0,0.10333333333333333,0.0,0.0,0.0,0.04,0.04819277108433735,0.4,0.02564102564102564,9
RF,ROS,0,0.15383446340893148,0.7403508771929824,0.04201680672268908,119,5,0.2,0.4,0.4,0.016666666666666666,0.09345794392523364,1.0,0.049019607843137254,0.02,0.09803921568627451,1.0,0.05154639175257732,0
RF,ROS,1,0.03758272905791917,0.24690265486725663,0.0423728813559322,118,5,0.0,0.0,0.2,0.05,0.03333333333333333,0.2,0.01818181818181818,0.023333333333333334,0.024096385542168676,0.2,0.01282051282051282,0
RF,ROS,2,0.03877958728974407,0.40176991150442476,0.0423728813559322,118,5,0.0,0.0,0.0,0.023333333333333334,0.06741573033707865,0.6,0.03571428571428571,0.013333333333333334,0.09259259259259259,1.0,0.04854368932038835,0
RF,ROS,3,0.07674709357728225,0.5247787610619469,0.0423728813559322,118,5,0.2,0.2,0.4,0.24666666666666667,0.0,0.0,0.0,0.01,0.09009009009009009,1.0,0.04716981132075472,0
RF,ROS,4,0.04404445457077036,0.4309734513274336,0.0423728813559322,118,5,0.0,0.0,0.0,0.14333333333333334,0.0,0.0,0.0,0.02666666666666667,0.05333333333333334,0.4,0.02857142857142857,0
RF,ROS,5,0.15785185185185185,0.4701754385964913,0.04201680672268908,119,5,0.2,0.4,0.4,0.08333333333333333,0.19047619047619047,0.4,0.125,0.023333333333333334,0.047619047619047616,0.4,0.02531645569620253,1
RF,ROS,6,0.04651432425494338,0.4539823008849557,0.0423728813559322,118,5,0.0,0.0,0.0,0.18,0.0,0.0,0.0,0.03,0.06976744186046512,0.6,0.037037037037037035,1
RF,ROS,7,0.08695893212357406,0.6292035398230089,0.0423728813559322,118,5,0.2,0.2,0.4,0.02,0.1,1.0,0.05263157894736842,0.02,0.1,1.0,0.05263157894736842,1
RF,ROS,8,0.1281450766098789,0.7610619469026549,0.0423728813559322,118,5,0.2,0.2,0.2,0.05333333333333334,0.16,0.8,0.08888888888888889,0.016666666666666666,0.10638297872340426,1.0,0.056179775280898875,1
RF,ROS,9,0.04088156094465705,0.41150442477876104,0.0423728813559322,118,5,0.0,0.0,0.0,0.21666666666666667,0.0,0.0,0.0,0.02666666666666667,0.06593406593406594,0.6,0.03488372093023256,1
RF,ROS,10,0.04804761904761905,0.45789473684210524,0.04201680672268908,119,5,0.0,0.0,0.0,0.04666666666666667,0.03278688524590164,0.2,0.017857142857142856,0.01,0.09523809523809523,1.0,0.05,2
RF,ROS,11,0.155998445998446,0.5769911504424778,0.0423728813559322,118,5,0.2,0.2,0.4,0.0033333333333333335,0.08264462809917356,1.0,0.04310344827586207,0.016666666666666666,0.09615384615384616,1.0,0.050505050505050504,2
RF,ROS,12,0.06720459324062117,0.48141592920353987,0.0423728813559322,118,5,0.0,0.2,0.4,0.16666666666666666,0.13333333333333333,0.2,0.1,0.023333333333333334,0.06382978723404255,0.6,0.033707865168539325,2
RF,ROS,13,0.03978703843418152,0.41415929203539825,0.0423728813559322,118,5,0.0,0.0,0.0,0.12333333333333334,0.0,0.0,0.0,0.016666666666666666,0.06593406593406594,0.6,0.03488372093023256,2
RF,ROS,14,0.09703005328005329,0.6513274336283186,0.0423728813559322,118,5,0.0,0.2,0.6,0.26,0.0,0.0,0.0,0.01,0.09090909090909091,1.0,0.047619047619047616,2
RF,ROS,15,0.08262558356676003,0.5403508771929825,0.04201680672268908,119,5,0.0,0.4,0.4,0.08333333333333333,0.125,0.4,0.07407407407407407,0.016666666666666666,0.06382978723404255,0.6,0.033707865168539325,3
RF,ROS,16,0.04931614279440366,0.44955752212389377,0.0423728813559322,118,5,0.0,0.0,0.2,0.19,0.0,0.0,0.0,0.01,0.07017543859649122,0.8,0.03669724770642202,3
RF,ROS,17,0.05931118152639635,0.5424778761061947,0.0423728813559322,118,5,0.0,0.0,0.2,0.08333333333333333,0.06451612903225806,0.2,0.038461538461538464,0.04,0.10666666666666667,0.8,0.05714285714285714,3
RF,ROS,18,0.058391845538454,0.6044247787610619,0.0423728813559322,118,5,0.0,0.0,0.0,0.29333333333333333,0.0,0.0,0.0,0.01,0.08547008547008547,1.0,0.044642857142857144,3
RF,ROS,19,0.0960976364238533,0.6707964601769911,0.0423728813559322,118,5,0.0,0.4,0.4,0.03666666666666667,0.10810810810810811,0.8,0.057971014492753624,0.016666666666666666,0.0970873786407767,1.0,0.05102040816326531,3
RF,ROS,20,0.04602552675358286,0.4587719298245614,0.04201680672268908,119,5,0.0,0.0,0.0,0.20333333333333334,0.0,0.0,0.0,0.006666666666666667,0.08547008547008547,1.0,0.044642857142857144,4
RF,ROS,21,0.15975064242885695,0.6035398230088496,0.0423728813559322,118,5,0.2,0.2,0.4,0.0,0.08130081300813008,1.0,0.0423728813559322,0.01,0.09615384615384616,1.0,0.050505050505050504,4
RF,ROS,22,0.04999560289231972,0.5150442477876107,0.0423728813559322,118,5,0.0,0.0,0.0,0.01,0.07339449541284404,0.8,0.038461538461538464,0.013333333333333334,0.0761904761904762,0.8,0.04,4
RF,ROS,23,0.05294900866329438,0.5610619469026549,0.0423728813559322,118,5,0.0,0.0,0.0,0.18,0.0,0.0,0.0,0.013333333333333334,0.09523809523809523,1.0,0.05,4
RF,ROS,24,0.06520137673837864,0.5814159292035398,0.0423728813559322,118,5,0.0,0.0,0.4,0.03,0.07407407407407407,0.6,0.039473684210526314,0.016666666666666666,0.10204081632653061,1.0,0.053763440860215055,4
RF,ROS,25,0.058927377093760794,0.5771929824561405,0.04201680672268908,119,5,0.0,0.0,0.2,0.30333333333333334,0.0,0.0,0.0,0.013333333333333334,0.09523809523809523,1.0,0.05,5
RF,ROS,26,0.05381943009849986,0.5256637168141592,0.0423728813559322,118,5,0.0,0.0,0.2,0.10333333333333333,0.0625,0.2,0.037037037037037035,0.016666666666666666,0.08,0.8,0.042105263157894736,5
RF,ROS,27,0.08768075366885264,0.5327433628318584,0.0423728813559322,118,5,0.0,0.4,0.4,0.06,0.08333333333333333,0.4,0.046511627906976744,0.006666666666666667,0.08620689655172414,1.0,0.04504504504504504,5
RF,ROS,28,0.06276305481934646,0.4946902654867256,0.0423728813559322,118,5,0.0,0.2,0.2,0.16333333333333333,0.13333333333333333,0.2,0.1,0.02,0.08247422680412371,0.8,0.043478260869565216,5
RF,ROS,29,0.09163791763791763,0.5938053097345133,0.0423728813559322,118,5,0.0,0.2,0.6,0.05,0.12244897959183673,0.6,0.06818181818181818,0.013333333333333334,0.06451612903225806,0.6,0.03409090909090909,5
RF,ROS,30,0.06181128291113643,0.4482456140350877,0.04201680672268908,119,5,0.0,0.2,0.2,0.08333333333333333,0.06060606060606061,0.2,0.03571428571428571,0.023333333333333334,0.06976744186046512,0.6,0.037037037037037035,6
RF,ROS,31,0.06082482162937498,0.5743362831858407,0.0423728813559322,118,5,0.0,0.0,0.0,0.06666666666666667,0.11538461538461539,0.6,0.06382978723404255,0.006666666666666667,0.08620689655172414,1.0,0.04504504504504504,6
RF,ROS,32,0.0979014902764137,0.41150442477876104,0.0423728813559322,118,5,0.2,0.2,0.2,0.016666666666666666,0.08333333333333333,0.8,0.04395604395604396,0.02,0.0851063829787234,0.8,0.0449438202247191,6
RF,ROS,33,0.04691780343017744,0.3991150442477876,0.0423728813559322,118,5,0.0,0.0,0.2,0.20666666666666667,0.0,0.0,0.0,0.023333333333333334,0.047619047619047616,0.4,0.02531645569620253,6
RF,ROS,34,0.11522349191396573,0.6929203539823009,0.0423728813559322,118,5,0.2,0.2,0.4,0.016666666666666666,0.09433962264150944,1.0,0.04950495049504951,0.016666666666666666,0.09433962264150944,1.0,0.04950495049504951,6
RF,ROS,35,0.12214619947680631,0.6228070175438597,0.04201680672268908,119,5,0.2,0.4,0.4,0.12333333333333334,0.2222222222222222,0.4,0.15384615384615385,0.013333333333333334,0.07407407407407407,0.8,0.038834951456310676,7
RF,ROS,36,0.04806313253107701,0.4716814159292035,0.0423728813559322,118,5,0.0,0.0,0.2,0.22,0.0,0.0,0.0,0.006666666666666667,0.07407407407407407,0.8,0.038834951456310676,7
RF,ROS,37,0.054079219375829546,0.44336283185840714,0.0423728813559322,118,5,0.0,0.2,0.2,0.2866666666666667,0.0,0.0,0.0,0.03,0.07317073170731707,0.6,0.03896103896103896,7
RF,ROS,38,0.10146315184869564,0.6017699115044248,0.0423728813559322,118,5,0.2,0.2,0.2,0.0033333333333333335,0.08333333333333333,1.0,0.043478260869565216,0.01,0.09523809523809523,1.0,0.05,7
RF,ROS,39,0.058188707843880264,0.6097345132743364,0.0423728813559322,118,5,0.0,0.0,0.0,0.11666666666666667,0.0,0.0,0.0,0.01,0.0970873786407767,1.0,0.05102040816326531,7
RF,ROS,40,0.15521942110177406,0.6096491228070177,0.04201680672268908,119,5,0.2,0.2,0.4,0.006666666666666667,0.0847457627118644,1.0,0.04424778761061947,0.013333333333333334,0.09345794392523364,1.0,0.049019607843137254,8
RF,ROS,41,0.03179666469356109,0.25840707964601767,0.0423728813559322,118,5,0.0,0.0,0.0,0.10666666666666667,0.0,0.0,0.0,0.03,0.0,0.0,0.0,8
RF,ROS,42,0.034800731132904494,0.30530973451327437,0.0423728813559322,118,5,0.0,0.0,0.0,0.15333333333333332,0.0,0.0,0.0,0.02,0.05128205128205128,0.4,0.0273972602739726,8
RF,ROS,43,0.08532214202728683,0.5504424778761062,0.0423728813559322,118,5,0.0,0.4,0.4,0.043333333333333335,0.11320754716981132,0.6,0.0625,0.013333333333333334,0.061855670103092786,0.6,0.03260869565217391,8
RF,ROS,44,0.05766909315868925,0.4707964601769911,0.0423728813559322,118,5,0.0,0.2,0.2,0.15333333333333332,0.14285714285714285,0.2,0.1111111111111111,0.02,0.06382978723404255,0.6,0.033707865168539325,8
RF,ROS,45,0.049386992199824474,0.5149122807017543,0.04201680672268908,119,5,0.0,0.0,0.0,0.15666666666666668,0.0,0.0,0.0,0.01,0.08771929824561403,1.0,0.045871559633027525,9
RF,ROS,46,0.0703174094693082,0.5150442477876106,0.0423728813559322,118,5,0.0,0.2,0.4,0.006666666666666667,0.0847457627118644,1.0,0.04424778761061947,0.01,0.08620689655172414,1.0,0.04504504504504504,9
RF,ROS,47,0.06745271596971612,0.5787610619469027,0.0423728813559322,118,5,0.0,0.0,0.2,0.25,0.0,0.0,0.0,0.02,0.09195402298850575,0.8,0.04878048780487805,9
RF,ROS,48,0.05909893840328623,0.5539823008849558,0.0423728813559322,118,5,0.0,0.0,0.2,0.043333333333333335,0.10714285714285714,0.6,0.058823529411764705,0.023333333333333334,0.1038961038961039,0.8,0.05555555555555555,9
RF,ROS,49,0.03991709564848555,0.36548672566371687,0.0423728813559322,118,5,0.0,0.0,0.0,0.09666666666666666,0.0,0.0,0.0,0.013333333333333334,0.07766990291262135,0.8,0.04081632653061224,9
RF,SMOTE,0,0.15529330572808833,0.7657894736842105,0.04201680672268908,119,5,0.2,0.4,0.6,0.016666666666666666,0.08403361344537816,1.0,0.043859649122807015,0.04,0.10309278350515463,1.0,0.05434782608695652,0
RF,SMOTE,1,0.03300210810370583,0.2610619469026549,0.0423728813559322,118,5,0.0,0.0,0.0,0.37,0.0,0.0,0.0,0.056666666666666664,0.04819277108433735,0.4,0.02564102564102564,0
RF,SMOTE,2,0.03329071255541844,0.27256637168141595,0.0423728813559322,118,5,0.0,0.0,0.0,0.08333333333333333,0.0,0.0,0.0,0.03666666666666667,0.0761904761904762,0.8,0.04,0
RF,SMOTE,3,0.06255931533104411,0.45132743362831856,0.0423728813559322,118,5,0.0,0.2,0.2,0.0,0.08130081300813008,1.0,0.0423728813559322,0.03,0.07547169811320754,0.8,0.039603960396039604,0
RF,SMOTE,4,0.04353710015474721,0.4150442477876107,0.0423728813559322,118,5,0.0,0.0,0.0,0.09333333333333334,0.08695652173913043,0.4,0.04878048780487805,0.03,0.07339449541284404,0.8,0.038461538461538464,0
RF,SMOTE,5,0.13264151944400235,0.4114035087719298,0.04201680672268908,119,5,0.2,0.2,0.2,0.19333333333333333,0.15384615384615385,0.2,0.125,0.03666666666666667,0.05825242718446602,0.6,0.030612244897959183,1
RF,SMOTE,6,0.04619324596106389,0.4265486725663717,0.0423728813559322,118,5,0.0,0.0,0.2,0.25333333333333335,0.0,0.0,0.0,0.03666666666666667,0.08080808080808081,0.8,0.0425531914893617,1
RF,SMOTE,7,0.06622643565435327,0.6327433628318584,0.0423728813559322,118,5,0.0,0.0,0.0,0.17333333333333334,0.0,0.0,0.0,0.05333333333333334,0.10869565217391304,1.0,0.05747126436781609,1
RF,SMOTE,8,0.1699075630252101,0.6991150442477876,0.0423728813559322,118,5,0.2,0.2,0.4,0.12,0.10256410256410256,0.4,0.058823529411764705,0.023333333333333334,0.08771929824561403,1.0,0.045871559633027525,1
RF,SMOTE,9,0.06556122448979591,0.5380530973451327,0.0423728813559322,118,5,0.0,0.2,0.2,0.22333333333333333,0.13333333333333333,0.2,0.1,0.05333333333333334,0.08695652173913043,0.8,0.04597701149425287,1
RF,SMOTE,10,0.05544871794871795,0.43333333333333335,0.04201680672268908,119,5,0.0,0.0,0.0,0.08333333333333333,0.0967741935483871,0.6,0.05263157894736842,0.03333333333333333,0.09900990099009901,1.0,0.052083333333333336,2
RF,SMOTE,11,0.07696445249076828,0.6044247787610619,0.0423728813559322,118,5,0.0,0.2,0.4,0.37333333333333335,0.0,0.0,0.0,0.023333333333333334,0.08849557522123894,1.0,0.046296296296296294,2
RF,SMOTE,12,0.06770958638215276,0.4283185840707964,0.0423728813559322,118,5,0.0,0.0,0.4,0.043333333333333335,0.06666666666666667,0.6,0.03529411764705882,0.043333333333333335,0.06666666666666667,0.6,0.03529411764705882,2
RF,SMOTE,13,0.056035123269165814,0.4752212389380531,0.0423728813559322,118,5,0.0,0.0,0.2,0.44666666666666666,0.0,0.0,0.0,0.03333333333333333,0.10101010101010101,1.0,0.05319148936170213,2
RF,SMOTE,14,0.08972323972323973,0.7185840707964601,0.0423728813559322,118,5,0.0,0.2,0.2,0.3466666666666667,0.0,0.0,0.0,0.02666666666666667,0.08403361344537816,1.0,0.043859649122807015,2
RF,SMOTE,15,0.23713824553678353,0.5192982456140351,0.04201680672268908,119,5,0.2,0.2,0.2,0.21333333333333335,0.14285714285714285,0.2,0.1111111111111111,0.02666666666666667,0.09259259259259259,1.0,0.04854368932038835,3
RF,SMOTE,16,0.04845645824369228,0.5230088495575221,0.0423728813559322,118,5,0.0,0.0,0.0,0.39666666666666667,0.0,0.0,0.0,0.03,0.09009009009009009,1.0,0.04716981132075472,3
RF,SMOTE,17,0.06250217136815076,0.3955752212389381,0.0423728813559322,118,5,0.0,0.2,0.2,0.14333333333333334,0.0625,0.2,0.037037037037037035,0.056666666666666664,0.04597701149425287,0.4,0.024390243902439025,3
RF,SMOTE,18,0.06920971550272327,0.6601769911504425,0.0423728813559322,118,5,0.0,0.0,0.2,0.31333333333333335,0.0,0.0,0.0,0.023333333333333334,0.08620689655172414,1.0,0.04504504504504504,3
RF,SMOTE,19,0.16255610609151852,0.5955752212389381,0.0423728813559322,118,5,0.4,0.4,0.4,0.5633333333333334,0.0,0.0,0.0,0.03666666666666667,0.09433962264150944,1.0,0.04950495049504951,3
RF,SMOTE,20,0.04980991557838988,0.46403508771929824,0.04201680672268908,119,5,0.0,0.0,0.2,0.3233333333333333,0.0,0.0,0.0,0.02666666666666667,0.07079646017699115,0.8,0.037037037037037035,4
RF,SMOTE,21,0.10968026850379792,0.6849557522123895,0.0423728813559322,118,5,0.2,0.2,0.4,0.31333333333333335,0.0,0.0,0.0,0.03666666666666667,0.10309278350515463,1.0,0.05434782608695652,4
RF,SMOTE,22,0.07390170596993625,0.44159292035398234,0.0423728813559322,118,5,0.2,0.2,0.2,0.2733333333333333,0.2,0.2,0.2,0.02666666666666667,0.07079646017699115,0.8,0.037037037037037035,4
RF,SMOTE,23,0.047173884366048545,0.48761061946902656,0.0423728813559322,118,5,0.0,0.0,0.2,0.15,0.06451612903225806,0.2,0.038461538461538464,0.05333333333333334,0.0898876404494382,0.8,0.047619047619047616,4
RF,SMOTE,24,0.07110151175685156,0.5654867256637167,0.0423728813559322,118,5,0.0,0.2,0.2,0.23,0.14285714285714285,0.2,0.1111111111111111,0.03,0.08771929824561403,1.0,0.045871559633027525,4
RF,SMOTE,25,0.06064557535487768,0.43508771929824563,0.04201680672268908,119,5,0.0,0.2,0.2,0.03333333333333333,0.058823529411764705,0.6,0.030927835051546393,0.043333333333333335,0.06593406593406594,0.6,0.03488372093023256,5
RF,SMOTE,26,0.05758454106280193,0.524778761061947,0.0423728813559322,118,5,0.0,0.0,0.2,0.19333333333333333,0.0,0.0,0.0,0.05,0.08421052631578947,0.8,0.044444444444444446,5
RF,SMOTE,27,0.09670925876297642,0.5371681415929204,0.0423728813559322,118,5,0.2,0.4,0.4,0.06666666666666667,0.07142857142857142,0.6,0.0379746835443038,0.016666666666666666,0.08547008547008547,1.0,0.044642857142857144,5
RF,SMOTE,28,0.05970928912105382,0.39734513274336275,0.0423728813559322,118,5,0.0,0.2,0.2,0.22666666666666666,0.10526315789473684,0.2,0.07142857142857142,0.023333333333333334,0.0847457627118644,1.0,0.04424778761061947,5
RF,SMOTE,29,0.09759539915619772,0.6115044247787611,0.0423728813559322,118,5,0.2,0.2,0.4,0.16333333333333333,0.16,0.4,0.1,0.043333333333333335,0.08791208791208792,0.8,0.046511627906976744,5
RF,SMOTE,30,0.057649497194963914,0.462280701754386,0.04201680672268908,119,5,0.0,0.2,0.2,0.32666666666666666,0.0,0.0,0.0,0.03666666666666667,0.07476635514018691,0.8,0.0392156862745098,6
RF,SMOTE,31,0.06340204457851517,0.5752212389380531,0.0423728813559322,118,5,0.0,0.0,0.2,0.14333333333333334,0.12903225806451613,0.4,0.07692307692307693,0.03333333333333333,0.07766990291262135,0.8,0.04081632653061224,6
RF,SMOTE,32,0.07870672782984488,0.36106194690265486,0.0423728813559322,118,5,0.2,0.2,0.2,0.03,0.0594059405940594,0.6,0.03125,0.03666666666666667,0.061855670103092786,0.6,0.03260869565217391,6
RF,SMOTE,33,0.038930610705820795,0.3769911504424779,0.0423728813559322,118,5,0.0,0.0,0.0,0.30333333333333334,0.0,0.0,0.0,0.03666666666666667,0.058823529411764705,0.6,0.030927835051546393,6
RF,SMOTE,34,0.18282051282051281,0.7805309734513274,0.0423728813559322,118,5,0.2,0.6,0.6,0.016666666666666666,0.08547008547008547,1.0,0.044642857142857144,0.02666666666666667,0.09009009009009009,1.0,0.04716981132075472,6
RF,SMOTE,35,0.13895031696889282,0.4894736842105264,0.04201680672268908,119,5,0.2,0.2,0.2,0.21333333333333335,0.16666666666666666,0.2,0.14285714285714285,0.023333333333333334,0.06956521739130435,0.8,0.03636363636363636,7
RF,SMOTE,36,0.04860948113375298,0.463716814159292,0.0423728813559322,118,5,0.0,0.0,0.2,0.37666666666666665,0.0,0.0,0.0,0.02,0.08849557522123894,1.0,0.046296296296296294,7
RF,SMOTE,37,0.05049498187646855,0.48672566371681414,0.0423728813559322,118,5,0.0,0.0,0.2,0.38333333333333336,0.0,0.0,0.0,0.03333333333333333,0.07547169811320754,0.8,0.039603960396039604,7
RF,SMOTE,38,0.23415525546370503,0.4646017699115044,0.0423728813559322,118,5,0.2,0.2,0.2,0.08,0.057971014492753624,0.4,0.03125,0.04,0.07920792079207921,0.8,0.041666666666666664,7
RF,SMOTE,39,0.07222623727927488,0.6672566371681417,0.0423728813559322,118,5,0.0,0.0,0.2,0.16333333333333333,0.07407407407407407,0.2,0.045454545454545456,0.056666666666666664,0.1388888888888889,1.0,0.07462686567164178,7
RF,SMOTE,40,0.10351842923523041,0.6991228070175439,0.04201680672268908,119,5,0.2,0.2,0.2,0.013333333333333334,0.08130081300813008,1.0,0.0423728813559322,0.02666666666666667,0.0847457627118644,1.0,0.04424778761061947,8
RF,SMOTE,41,0.03843078460769615,0.2893805309734513,0.0423728813559322,118,5,0.0,0.0,0.0,0.10333333333333333,0.0,0.0,0.0,0.04666666666666667,0.02531645569620253,0.2,0.013513513513513514,8
RF,SMOTE,42,0.03492513682426811,0.268141592920354,0.0423728813559322,118,5,0.0,0.0,0.0,0.2833333333333333,0.0,0.0,0.0,0.03666666666666667,0.020833333333333332,0.2,0.01098901098901099,8
RF,SMOTE,43,0.06991304941304942,0.5292035398230088,0.0423728813559322,118,5,0.0,0.2,0.2,0.043333333333333335,0.061855670103092786,0.6,0.03260869565217391,0.04666666666666667,0.06382978723404255,0.6,0.033707865168539325,8
RF,SMOTE,44,0.09628879892037787,0.3761061946902655,0.0423728813559322,118,5,0.2,0.2,0.2,0.19,0.11764705882352941,0.2,0.08333333333333333,0.043333333333333335,0.058823529411764705,0.6,0.030927835051546393,8
RF,SMOTE,45,0.04201217467231784,0.41754385964912283,0.04201680672268908,119,5,0.0,0.0,0.2,0.14666666666666667,0.0625,0.2,0.037037037037037035,0.03333333333333333,0.08928571428571429,1.0,0.04672897196261682,9
RF,SMOTE,46,0.06289233642174819,0.4929203539823009,0.0423728813559322,118,5,0.0,0.2,0.2,0.08333333333333333,0.08695652173913043,0.6,0.046875,0.04,0.09259259259259259,1.0,0.04854368932038835,9
RF,SMOTE,47,0.2361517516300125,0.47876106194690266,0.0423728813559322,118,5,0.2,0.2,0.2,0.02,0.07142857142857142,0.8,0.037383177570093455,0.03666666666666667,0.08080808080808081,0.8,0.0425531914893617,9
RF,SMOTE,48,0.06027661464281184,0.4831858407079646,0.0423728813559322,118,5,0.0,0.2,0.2,0.20333333333333334,0.11764705882352941,0.2,0.08333333333333333,0.043333333333333335,0.09411764705882353,0.8,0.05,9
RF,SMOTE,49,0.035030207829142825,0.3176991150442478,0.0423728813559322,118,5,0.0,0.0,0.0,0.36,0.0,0.0,0.0,0.02666666666666667,0.07692307692307693,0.8,0.04040404040404041,9
HGB,class_weight,0,0.08202410466340464,0.5877192982456141,0.04201680672268908,119,5,0.0,0.2,0.4,0.10920633829264312,0.10344827586206896,0.6,0.05660377358490566,0.0018859556948910994,0.0847457627118644,1.0,0.04424778761061947,0
HGB,class_weight,1,0.05075327086986197,0.2530973451327434,0.0423728813559322,118,5,0.0,0.2,0.2,0.10711658211660342,0.04081632653061224,0.2,0.022727272727272728,0.009420619491251178,0.021739130434782608,0.2,0.011494252873563218,0
HGB,class_weight,2,0.053134873117730456,0.5486725663716814,0.0423728813559322,118,5,0.0,0.0,0.0,0.06461196788032411,0.09836065573770492,0.6,0.05357142857142857,0.0015961817454436973,0.08264462809917356,1.0,0.04310344827586207,0
HGB,class_weight,3,0.23853743706437855,0.48672566371681414,0.0423728813559322,118,5,0.2,0.2,0.2,9.708153223471717e-05,0.08130081300813008,1.0,0.0423728813559322,0.001281683951833527,0.08333333333333333,1.0,0.043478260869565216,0
HGB,class_weight,4,0.04237363513679303,0.4336283185840708,0.0423728813559322,118,5,0.0,0.0,0.0,0.22773065193057784,0.0,0.0,0.0,0.00806728465402873,0.08163265306122448,0.8,0.043010752688172046,0
HGB,class_weight,5,0.1134511008704557,0.6403508771929824,0.04201680672268908,119,5,0.2,0.2,0.4,0.01870726297450331,0.10666666666666667,0.8,0.05714285714285714,0.005103150554343584,0.09615384615384616,1.0,0.050505050505050504,1
HGB,class_weight,6,0.05136448930036921,0.4460176991150443,0.0423728813559322,118,5,0.0,0.0,0.2,0.05132332549618524,0.07142857142857142,0.4,0.0392156862745098,0.02012360280080508,0.07407407407407407,0.6,0.039473684210526314,1
HGB,class_weight,7,0.06449175824175825,0.5681415929203539,0.0423728813559322,118,5,0.0,0.0,0.4,0.0013873366012236731,0.08547008547008547,1.0,0.044642857142857144,0.002666768149461383,0.08849557522123894,1.0,0.046296296296296294,1
HGB,class_weight,8,0.07148412698412698,0.6123893805309735,0.0423728813559322,118,5,0.0,0.2,0.2,0.20727827233363152,0.06666666666666667,0.2,0.04,0.0021270271943892136,0.08695652173913043,1.0,0.045454545454545456,1
HGB,class_weight,9,0.08262887298278082,0.5168141592920354,0.0423728813559322,118,5,0.0,0.2,0.4,0.23513999602188065,0.125,0.4,0.07407407407407407,0.0028435628085302822,0.08196721311475409,1.0,0.042735042735042736,1
HGB,class_weight,10,0.03667230607931417,0.3403508771929824,0.04201680672268908,119,5,0.0,0.0,0.0,0.06929869158411903,0.06896551724137931,0.4,0.03773584905660377,0.003236476987938855,0.08264462809917356,1.0,0.04310344827586207,2
HGB,class_weight,11,0.07672031112885724,0.5292035398230088,0.0423728813559322,118,5,0.2,0.2,0.2,0.0013585014198450682,0.08264462809917356,1.0,0.04310344827586207,0.0032406268928037267,0.08695652173913043,1.0,0.045454545454545456,2
HGB,class_weight,12,0.06431638898191949,0.5787610619469027,0.0423728813559322,118,5,0.0,0.0,0.2,0.1954841565011786,0.0,0.0,0.0,0.0009317907584743547,0.08264462809917356,1.0,0.04310344827586207,2
HGB,class_weight,13,0.029523909900281586,0.18053097345132746,0.0423728813559322,118,5,0.0,0.0,0.0,0.13620583362196773,0.0,0.0,0.0,0.005844327254179422,0.043478260869565216,0.4,0.022988505747126436,2
HGB,class_weight,14,0.11953899652260308,0.6495575221238938,0.0423728813559322,118,5,0.2,0.4,0.4,0.29909969797533165,0.125,0.2,0.09090909090909091,0.002609527001712737,0.0847457627118644,1.0,0.04424778761061947,2
HGB,class_weight,15,0.09070597385959829,0.6596491228070176,0.04201680672268908,119,5,0.0,0.2,0.4,0.6595659897849432,0.0,0.0,0.0,0.002316980064332573,0.08264462809917356,1.0,0.04310344827586207,3
HGB,class_weight,16,0.05060767234141847,0.42300884955752216,0.0423728813559322,118,5,0.0,0.0,0.2,0.5287610049541974,0.0,0.0,0.0,0.002377902727559736,0.06896551724137931,0.8,0.036036036036036036,3
HGB,class_weight,17,0.07892164427696624,0.5150442477876106,0.0423728813559322,118,5,0.0,0.2,0.4,0.0666838997681993,0.125,0.6,0.06976744186046512,0.013521111319646653,0.06896551724137931,0.6,0.036585365853658534,3
HGB,class_weight,18,0.036955692459086496,0.3486725663716814,0.0423728813559322,118,5,0.0,0.0,0.0,0.04792989469723757,0.056338028169014086,0.4,0.030303030303030304,0.0009154506488670617,0.08196721311475409,1.0,0.042735042735042736,3
HGB,class_weight,19,0.20817084875908407,0.5610619469026548,0.0423728813559322,118,5,0.4,0.4,0.4,0.0003235025606843991,0.08130081300813008,1.0,0.0423728813559322,0.0031568880044419065,0.07142857142857142,0.8,0.037383177570093455,3
HGB,class_weight,20,0.054898869246695334,0.5052631578947369,0.04201680672268908,119,5,0.0,0.0,0.4,0.00037377543476309165,0.08064516129032258,1.0,0.04201680672268908,0.0007902405265004438,0.08196721311475409,1.0,0.042735042735042736,4
HGB,class_weight,21,0.06686238410376341,0.5292035398230088,0.0423728813559322,118,5,0.0,0.2,0.2,0.0947001923267342,0.0851063829787234,0.4,0.047619047619047616,0.003248765565326182,0.07207207207207207,0.8,0.03773584905660377,4
HGB,class_weight,22,0.09105972906403942,0.5451327433628319,0.0423728813559322,118,5,0.2,0.2,0.2,0.0017827737786252984,0.08695652173913043,1.0,0.045454545454545456,0.0028507868483996337,0.08928571428571429,1.0,0.04672897196261682,4
HGB,class_weight,23,0.04084044951301588,0.40176991150442476,0.0423728813559322,118,5,0.0,0.0,0.0,0.2405509241651394,0.0,0.0,0.0,0.012969580437017177,0.0898876404494382,0.8,0.047619047619047616,4
HGB,class_weight,24,0.057641723356009075,0.5504424778761061,0.0423728813559322,118,5,0.0,0.0,0.2,0.48008900217856415,0.0,0.0,0.0,0.0034312824788243416,0.08695652173913043,1.0,0.045454545454545456,4
HGB,class_weight,25,0.048794986919202636,0.4859649122807017,0.04201680672268908,119,5,0.0,0.0,0.2,0.356625761885951,0.0,0.0,0.0,0.003697896158251445,0.09090909090909091,1.0,0.047619047619047616,5
HGB,class_weight,26,0.09737150409495463,0.5946902654867257,0.0423728813559322,118,5,0.2,0.2,0.2,0.2644127743523351,0.0625,0.2,0.037037037037037035,0.003341398140146561,0.08849557522123894,1.0,0.046296296296296294,5
HGB,class_weight,27,0.06517737595412242,0.5699115044247788,0.0423728813559322,118,5,0.0,0.0,0.4,0.3377700213954499,0.09090909090909091,0.2,0.058823529411764705,0.0012825039539190763,0.08333333333333333,1.0,0.043478260869565216,5
HGB,class_weight,28,0.04215689670412153,0.37168141592920356,0.0423728813559322,118,5,0.0,0.0,0.2,0.19917543692362075,0.05405405405405406,0.2,0.03125,0.003808990639678411,0.08849557522123894,1.0,0.046296296296296294,5
HGB,class_weight,29,0.08341586985299883,0.5345132743362832,0.0423728813559322,118,5,0.0,0.2,0.4,0.025380845531259577,0.08695652173913043,0.6,0.046875,0.0011609980032144466,0.06837606837606838,0.8,0.03571428571428571,5
HGB,class_weight,30,0.0764568766930804,0.5210526315789474,0.04201680672268908,119,5,0.2,0.2,0.2,0.2423012030615117,0.09090909090909091,0.2,0.058823529411764705,0.004786640596482021,0.07476635514018691,0.8,0.0392156862745098,6
HGB,class_weight,31,0.05120887403990235,0.49557522123893805,0.0423728813559322,118,5,0.0,0.0,0.2,0.03273067883098425,0.09375,0.6,0.05084745762711865,0.0024455095981371707,0.08928571428571429,1.0,0.04672897196261682,6
HGB,class_weight,32,0.047031003982640124,0.3876106194690266,0.0423728813559322,118,5,0.0,0.0,0.2,0.02704519555557086,0.05,0.4,0.02666666666666667,0.006665966367606561,0.07476635514018691,0.8,0.0392156862745098,6
HGB,class_weight,33,0.044686049132296596,0.368141592920354,0.0423728813559322,118,5,0.0,0.0,0.2,0.27007463392639824,0.06896551724137931,0.2,0.041666666666666664,0.005652058285348832,0.07207207207207207,0.8,0.03773584905660377,6
HGB,class_weight,34,0.09449568737898259,0.679646017699115,0.0423728813559322,118,5,0.0,0.2,0.4,0.0014367693169798975,0.08130081300813008,1.0,0.0423728813559322,0.0023779758943539312,0.08264462809917356,1.0,0.04310344827586207,6
HGB,class_weight,35,0.11414780559941852,0.48245614035087714,0.04201680672268908,119,5,0.2,0.4,0.4,0.06276041890295089,0.06779661016949153,0.4,0.037037037037037035,0.0019341875362122714,0.08771929824561403,1.0,0.045871559633027525,7
HGB,class_weight,36,0.049549103889980836,0.40884955752212393,0.0423728813559322,118,5,0.0,0.2,0.2,0.2839074272976127,0.08333333333333333,0.2,0.05263157894736842,0.002106569616996724,0.08849557522123894,1.0,0.046296296296296294,7
HGB,class_weight,37,0.07003357229772325,0.36637168141592924,0.0423728813559322,118,5,0.2,0.2,0.2,0.14857076270097969,0.04878048780487805,0.2,0.027777777777777776,0.014918239041398988,0.0425531914893617,0.4,0.02247191011235955,7
HGB,class_weight,38,0.21864206435068317,0.7150442477876106,0.0423728813559322,118,5,0.2,0.6,0.6,0.9008679234975662,0.0,0.0,0.0,0.0029896113077973385,0.08928571428571429,1.0,0.04672897196261682,7
HGB,class_weight,39,0.047395811888661904,0.48849557522123893,0.0423728813559322,118,5,0.0,0.0,0.0,0.015526662223526038,0.07317073170731707,0.6,0.03896103896103896,0.0037294239831606076,0.09090909090909091,1.0,0.047619047619047616,7
HGB,class_weight,40,0.2622295169826489,0.6403508771929824,0.04201680672268908,119,5,0.2,0.2,0.4,0.37605736991609845,0.1111111111111111,0.2,0.07692307692307693,0.0010627304943950176,0.06611570247933884,0.8,0.034482758620689655,8
HGB,class_weight,41,0.037685901727138836,0.36283185840707965,0.0423728813559322,118,5,0.0,0.0,0.0,0.014551783817687151,0.0547945205479452,0.4,0.029411764705882353,0.002402571387700798,0.0970873786407767,1.0,0.05102040816326531,8
HGB,class_weight,42,0.0413985713985714,0.2584070796460177,0.0423728813559322,118,5,0.0,0.0,0.2,0.5427756948855909,0.0,0.0,0.0,0.008209028907315293,0.038461538461538464,0.4,0.020202020202020204,8
HGB,class_weight,43,0.07948391292331204,0.5699115044247788,0.0423728813559322,118,5,0.0,0.2,0.4,0.42295863904351727,0.1111111111111111,0.2,0.07692307692307693,0.0034892631297954797,0.08928571428571429,1.0,0.04672897196261682,8
HGB,class_weight,44,0.06152242069928389,0.49734513274336284,0.0423728813559322,118,5,0.0,0.2,0.2,0.013996767071776044,0.06976744186046512,0.6,0.037037037037037035,0.013996767071776044,0.06976744186046512,0.6,0.037037037037037035,8
HGB,class_weight,45,0.056605510778779164,0.5421052631578948,0.04201680672268908,119,5,0.0,0.0,0.2,0.05422158902573558,0.09230769230769231,0.6,0.05,0.0027558647285541656,0.08130081300813008,1.0,0.0423728813559322,9
HGB,class_weight,46,0.05065634603110461,0.45132743362831856,0.0423728813559322,118,5,0.0,0.0,0.2,0.028770113292890455,0.06666666666666667,0.6,0.03529411764705882,0.0029396984663831996,0.06722689075630252,0.8,0.03508771929824561,9
HGB,class_weight,47,0.040505975767644795,0.34690265486725663,0.0423728813559322,118,5,0.0,0.0,0.2,0.006527614499107843,0.043010752688172046,0.4,0.022727272727272728,0.003662825818745656,0.04,0.4,0.021052631578947368,9
HGB,class_weight,48,0.044465306989026156,0.4336283185840708,0.0423728813559322,118,5,0.0,0.0,0.2,0.0017996110351308063,0.08928571428571429,1.0,0.04672897196261682,0.0035609130612888253,0.07692307692307693,0.8,0.04040404040404041,9
HGB,class_weight,49,0.05769882735399977,0.4283185840707964,0.0423728813559322,118,5,0.0,0.2,0.2,0.0020129444575730762,0.08547008547008547,1.0,0.044642857142857144,0.004431553273375361,0.05825242718446602,0.6,0.030612244897959183,9
HGB,ROS,0,0.1297807699626633,0.6701754385964913,0.04201680672268908,119,5,0.2,0.4,0.4,0.06957066293061069,0.1016949152542373,0.6,0.05555555555555555,0.0014629106087702556,0.0847457627118644,1.0,0.04424778761061947,0
HGB,ROS,1,0.03440440543543036,0.27079646017699116,0.0423728813559322,118,5,0.0,0.0,0.0,0.10829944705926751,0.045454545454545456,0.2,0.02564102564102564,0.012694216931113276,0.025,0.2,0.013333333333333334,0
HGB,ROS,2,0.053381851343029044,0.5168141592920354,0.0423728813559322,118,5,0.0,0.0,0.2,0.041914693893996074,0.09523809523809523,0.6,0.05172413793103448,0.0019577201274051637,0.08130081300813008,1.0,0.0423728813559322,0
HGB,ROS,3,0.23933650936500794,0.49911504424778763,0.0423728813559322,118,5,0.2,0.2,0.2,0.00032084427734777987,0.08130081300813008,1.0,0.0423728813559322,0.000763080834432609,0.08333333333333333,1.0,0.043478260869565216,0
HGB,ROS,4,0.039461102622867325,0.3823008849557522,0.0423728813559322,118,5,0.0,0.0,0.0,0.01757013923880135,0.06153846153846154,0.4,0.03333333333333333,0.013239063466791138,0.07692307692307693,0.6,0.0410958904109589,0
HGB,ROS,5,0.14363411896745232,0.5421052631578948,0.04201680672268908,119,5,0.4,0.4,0.4,0.02784803057536512,0.058823529411764705,0.4,0.031746031746031744,0.004377437661576568,0.07017543859649122,0.8,0.03669724770642202,1
HGB,ROS,6,0.046010189552772515,0.47079646017699117,0.0423728813559322,118,5,0.0,0.0,0.0,0.18588645376717902,0.0,0.0,0.0,0.00882791806709626,0.07058823529411765,0.6,0.0375,1
HGB,ROS,7,0.09272910731244063,0.6283185840707964,0.0423728813559322,118,5,0.0,0.2,0.4,0.0007879474346776332,0.08264462809917356,1.0,0.04310344827586207,0.0031645284275802574,0.09174311926605505,1.0,0.04807692307692308,1
HGB,ROS,8,0.09062225909683538,0.6407079646017699,0.0423728813559322,118,5,0.2,0.2,0.4,0.22477589759065414,0.13793103448275862,0.4,0.08333333333333333,0.002611076535497184,0.09174311926605505,1.0,0.04807692307692308,1
HGB,ROS,9,0.07538548752834467,0.5557522123893806,0.0423728813559322,118,5,0.0,0.2,0.4,0.2562759671072624,0.13793103448275862,0.4,0.08333333333333333,0.0030524940767755076,0.08403361344537816,1.0,0.043859649122807015,1
HGB,ROS,10,0.04123469761382802,0.4192982456140351,0.04201680672268908,119,5,0.0,0.0,0.0,0.04701545744426567,0.06896551724137931,0.4,0.03773584905660377,0.0007471752981407578,0.08064516129032258,1.0,0.04201680672268908,2
HGB,ROS,11,0.08066596194503173,0.5345132743362832,0.0423728813559322,118,5,0.2,0.2,0.2,0.001431314977633109,0.08403361344537816,1.0,0.043859649122807015,0.003285070720168014,0.09009009009009009,1.0,0.04716981132075472,2
HGB,ROS,12,0.04348275044604434,0.4265486725663716,0.0423728813559322,118,5,0.0,0.0,0.0,0.013519522808922178,0.0625,0.6,0.03296703296703297,0.0015599004338943427,0.08196721311475409,1.0,0.042735042735042736,2
HGB,ROS,13,0.03657819139526192,0.3008849557522124,0.0423728813559322,118,5,0.0,0.0,0.2,0.24528774384847718,0.0,0.0,0.0,0.0032636268395627266,0.042105263157894736,0.4,0.022222222222222223,2
HGB,ROS,14,0.13675824175824178,0.6707964601769911,0.0423728813559322,118,5,0.2,0.4,0.6,0.14462260815920547,0.13953488372093023,0.6,0.07894736842105263,0.0025319795426966257,0.0847457627118644,1.0,0.04424778761061947,2
HGB,ROS,15,0.15312562760953438,0.7736842105263158,0.04201680672268908,119,5,0.2,0.4,0.4,0.171958312298971,0.15384615384615385,0.4,0.09523809523809523,0.0028755094575684875,0.08928571428571429,1.0,0.04672897196261682,3
HGB,ROS,16,0.050057146649762414,0.463716814159292,0.0423728813559322,118,5,0.0,0.0,0.2,0.2560495326232101,0.0,0.0,0.0,0.002707719580191734,0.08547008547008547,1.0,0.044642857142857144,3
HGB,ROS,17,0.04911103791538574,0.4973451327433629,0.0423728813559322,118,5,0.0,0.0,0.0,0.1580900771996809,0.0,0.0,0.0,0.010880764464324875,0.09195402298850575,0.8,0.04878048780487805,3
HGB,ROS,18,0.047723453017570666,0.47079646017699117,0.0423728813559322,118,5,0.0,0.0,0.0,0.5734192189288375,0.0,0.0,0.0,0.0019973995788323796,0.08547008547008547,1.0,0.044642857142857144,3
HGB,ROS,19,0.18869731800766282,0.7752212389380531,0.0423728813559322,118,5,0.2,0.6,0.6,0.0007326239773135023,0.08130081300813008,1.0,0.0423728813559322,0.003862657886902785,0.08771929824561403,1.0,0.045871559633027525,3
HGB,ROS,20,0.05823185863971922,0.5578947368421052,0.04201680672268908,119,5,0.0,0.0,0.0,0.040820792464942024,0.10714285714285714,0.6,0.058823529411764705,0.0013174735115923262,0.08264462809917356,1.0,0.04310344827586207,4
HGB,ROS,21,0.09269099947671378,0.6442477876106194,0.0423728813559322,118,5,0.0,0.2,0.4,0.2601566504773039,0.15384615384615385,0.4,0.09523809523809523,0.003289169946492906,0.07407407407407407,0.8,0.038834951456310676,4
HGB,ROS,22,0.05188474098958623,0.5327433628318584,0.0423728813559322,118,5,0.0,0.0,0.0,0.00043668396567717,0.08130081300813008,1.0,0.0423728813559322,0.0017146285398007854,0.08547008547008547,1.0,0.044642857142857144,4
HGB,ROS,23,0.05924823684414477,0.5327433628318584,0.0423728813559322,118,5,0.0,0.2,0.2,0.23271511193077826,0.08,0.2,0.05,0.010233071489610994,0.10989010989010989,1.0,0.05813953488372093,4
HGB,ROS,24,0.0895287569573284,0.608849557522124,0.0423728813559322,118,5,0.2,0.2,0.4,0.31749242495196334,0.09523809523809523,0.2,0.0625,0.0028538336912019785,0.08695652173913043,1.0,0.045454545454545456,4
HGB,ROS,25,0.05009197235513025,0.524561403508772,0.04201680672268908,119,5,0.0,0.0,0.0,0.029884573128685917,0.09523809523809523,0.6,0.05172413793103448,0.001975329536830577,0.0847457627118644,1.0,0.04424778761061947,5
HGB,ROS,26,0.09690439003799071,0.5823008849557523,0.0423728813559322,118,5,0.2,0.2,0.2,0.02121757618151022,0.09523809523809523,0.8,0.05063291139240506,0.0022855362257327276,0.08264462809917356,1.0,0.04310344827586207,5
HGB,ROS,27,0.06650769104892816,0.6,0.0423728813559322,118,5,0.0,0.0,0.2,0.06562791367113947,0.12,0.6,0.06666666666666667,0.0008970602623489728,0.08264462809917356,1.0,0.04310344827586207,5
HGB,ROS,28,0.05309781749498681,0.49911504424778763,0.0423728813559322,118,5,0.0,0.0,0.2,0.22535942724905952,0.08333333333333333,0.2,0.05263157894736842,0.0038396179476663265,0.09090909090909091,1.0,0.047619047619047616,5
HGB,ROS,29,0.10460955193295343,0.5592920353982301,0.0423728813559322,118,5,0.2,0.2,0.6,0.016213390974844213,0.075,0.6,0.04,0.0013803074409518591,0.06722689075630252,0.8,0.03508771929824561,5
HGB,ROS,30,0.078791111894415,0.5087719298245614,0.04201680672268908,119,5,0.2,0.2,0.2,0.17250844695291767,0.10526315789473684,0.2,0.07142857142857142,0.003237776991258906,0.07207207207207207,0.8,0.03773584905660377,6
HGB,ROS,31,0.04990053803113771,0.4389380530973451,0.0423728813559322,118,5,0.0,0.0,0.2,0.030066445227953438,0.09375,0.6,0.05084745762711865,0.0027163939812210815,0.05504587155963303,0.6,0.028846153846153848,6
HGB,ROS,32,0.039381110284627166,0.36106194690265486,0.0423728813559322,118,5,0.0,0.0,0.2,0.07157542318467315,0.034482758620689655,0.2,0.018867924528301886,0.010461365359437865,0.061855670103092786,0.6,0.03260869565217391,6
HGB,ROS,33,0.04116947516768225,0.37345132743362836,0.0423728813559322,118,5,0.0,0.0,0.2,0.45236471812558676,0.0,0.0,0.0,0.002631593600020762,0.08333333333333333,1.0,0.043478260869565216,6
HGB,ROS,34,0.09276469178953545,0.6053097345132744,0.0423728813559322,118,5,0.0,0.2,0.4,0.011435403834036559,0.08602150537634409,0.8,0.045454545454545456,0.0030455671982686184,0.08928571428571429,1.0,0.04672897196261682,6
HGB,ROS,35,0.10472990337110238,0.4736842105263158,0.04201680672268908,119,5,0.2,0.2,0.4,0.00039206819180577485,0.08196721311475409,1.0,0.042735042735042736,0.0021440477517117367,0.07207207207207207,0.8,0.03773584905660377,7
HGB,ROS,36,0.04011456472472375,0.38053097345132747,0.0423728813559322,118,5,0.0,0.0,0.0,0.20603784657255628,0.0,0.0,0.0,0.0004715636563042251,0.08333333333333333,1.0,0.043478260869565216,7
HGB,ROS,37,0.04130240246659011,0.2867256637168142,0.0423728813559322,118,5,0.0,0.0,0.2,0.07244064371084454,0.03773584905660377,0.2,0.020833333333333332,0.006872075324873852,0.057692307692307696,0.6,0.030303030303030304,7
HGB,ROS,38,0.10966309367310481,0.7185840707964601,0.0423728813559322,118,5,0.0,0.4,0.4,0.8368337837622265,0.0,0.0,0.0,0.004230184467359593,0.09009009009009009,1.0,0.04716981132075472,7
HGB,ROS,39,0.04710048121812827,0.48672566371681414,0.0423728813559322,118,5,0.0,0.0,0.0,0.028968445628357396,0.08571428571428572,0.6,0.046153846153846156,0.004119631658487037,0.09900990099009901,1.0,0.052083333333333336,7
HGB,ROS,40,0.2675925925925926,0.6491228070175439,0.04201680672268908,119,5,0.2,0.2,0.4,0.000673172281113128,0.08130081300813008,1.0,0.0423728813559322,0.0015634787360418597,0.08620689655172414,1.0,0.04504504504504504,8
HGB,ROS,41,0.039826473288223425,0.39999999999999997,0.0423728813559322,118,5,0.0,0.0,0.0,0.11700258486245706,0.0,0.0,0.0,0.0014144447018008294,0.08547008547008547,1.0,0.044642857142857144,8
HGB,ROS,42,0.03888929602245051,0.2973451327433628,0.0423728813559322,118,5,0.0,0.0,0.2,0.43147272280903193,0.0,0.0,0.0,0.005541292803750968,0.06,0.6,0.031578947368421054,8
HGB,ROS,43,0.06320990661690452,0.46725663716814164,0.0423728813559322,118,5,0.0,0.2,0.4,0.05857039734703826,0.07692307692307693,0.4,0.0425531914893617,0.002085415289137619,0.08771929824561403,1.0,0.045871559633027525,8
HGB,ROS,44,0.07303610333022098,0.49203539823008857,0.0423728813559322,118,5,0.0,0.2,0.4,0.08125059012180248,0.08695652173913043,0.4,0.04878048780487805,0.008671745747466325,0.08,0.8,0.042105263157894736,8
HGB,ROS,45,0.0686397579029158,0.5964912280701755,0.04201680672268908,119,5,0.0,0.0,0.2,0.2983404089240069,0.0,0.0,0.0,0.0027076873407350273,0.08130081300813008,1.0,0.0423728813559322,9
HGB,ROS,46,0.06897670421876062,0.5504424778761062,0.0423728813559322,118,5,0.0,0.2,0.2,0.022463308949451716,0.08791208791208792,0.8,0.046511627906976744,0.001290566031285644,0.08130081300813008,1.0,0.0423728813559322,9
HGB,ROS,47,0.06424402625466462,0.3858407079646018,0.0423728813559322,118,5,0.2,0.2,0.2,0.033355079669446404,0.038461538461538464,0.2,0.02127659574468085,0.003057263408805724,0.061224489795918366,0.6,0.03225806451612903,9
HGB,ROS,48,0.045267227531378476,0.44778761061946903,0.0423728813559322,118,5,0.0,0.0,0.2,0.0023567645309460943,0.09345794392523364,1.0,0.049019607843137254,0.0031641150283098895,0.08163265306122448,0.8,0.043010752688172046,9
HGB,ROS,49,0.06236024844720496,0.38761061946902653,0.0423728813559322,118,5,0.0,0.2,0.2,0.4948592774982155,0.0,0.0,0.0,0.0015518595885282102,0.06722689075630252,0.8,0.03508771929824561,9
HGB,SMOTE,0,0.06428229974130648,0.6175438596491227,0.04201680672268908,119,5,0.0,0.0,0.0,0.0028955594195347236,0.08928571428571429,1.0,0.04672897196261682,0.0035773047869468184,0.09174311926605505,1.0,0.04807692307692308,0
HGB,SMOTE,1,0.03066705082198237,0.21415929203539824,0.0423728813559322,118,5,0.0,0.0,0.0,0.04371980693550213,0.0,0.0,0.0,0.008132052342782076,0.04395604395604396,0.4,0.023255813953488372,0
HGB,SMOTE,2,0.04842683874628985,0.49380530973451325,0.0423728813559322,118,5,0.0,0.0,0.0,0.11360522157649021,0.0,0.0,0.0,0.0016401503802185827,0.08130081300813008,1.0,0.0423728813559322,0
HGB,SMOTE,3,0.0877227348766931,0.5061946902654867,0.0423728813559322,118,5,0.2,0.2,0.2,0.00045483312177467593,0.08130081300813008,1.0,0.0423728813559322,0.0016654151955786006,0.08333333333333333,1.0,0.043478260869565216,0
HGB,SMOTE,4,0.04528531726046468,0.46194690265486726,0.0423728813559322,118,5,0.0,0.0,0.0,0.2935078990552529,0.0,0.0,0.0,0.008468981051896574,0.07228915662650602,0.6,0.038461538461538464,0
HGB,SMOTE,5,0.0700384582737524,0.5350877192982456,0.04201680672268908,119,5,0.0,0.2,0.4,0.009403301684523245,0.08888888888888889,0.8,0.047058823529411764,0.0050764198256818,0.09259259259259259,1.0,0.04854368932038835,1
HGB,SMOTE,6,0.05618302255068147,0.4230088495575221,0.0423728813559322,118,5,0.0,0.0,0.4,0.09731310100563934,0.13793103448275862,0.4,0.08333333333333333,0.006529775485797472,0.058823529411764705,0.6,0.030927835051546393,1
HGB,SMOTE,7,0.05923350745639902,0.5646017699115045,0.0423728813559322,118,5,0.0,0.0,0.2,0.000902548266671265,0.08403361344537816,1.0,0.043859649122807015,0.0023950944824515864,0.08620689655172414,1.0,0.04504504504504504,1
HGB,SMOTE,8,0.24831964969896006,0.6141592920353982,0.0423728813559322,118,5,0.2,0.2,0.2,0.03809628925989096,0.1,0.6,0.05454545454545454,0.002332113283844031,0.08695652173913043,1.0,0.045454545454545456,1
HGB,SMOTE,9,0.08212895202655104,0.5433628318584071,0.0423728813559322,118,5,0.0,0.2,0.4,0.46527632797466767,0.0,0.0,0.0,0.005581956996383696,0.05504587155963303,0.6,0.028846153846153848,1
HGB,SMOTE,10,0.04434313623197047,0.4368421052631579,0.04201680672268908,119,5,0.0,0.0,0.2,0.000914374076826466,0.08064516129032258,1.0,0.04201680672268908,0.002223718884024944,0.08333333333333333,1.0,0.043478260869565216,2
HGB,SMOTE,11,0.05819060363404943,0.5292035398230088,0.0423728813559322,118,5,0.0,0.0,0.2,0.005204644550498628,0.08,0.8,0.042105263157894736,0.005204644550498628,0.08,0.8,0.042105263157894736,2
HGB,SMOTE,12,0.07608206983450169,0.5451327433628319,0.0423728813559322,118,5,0.0,0.2,0.4,0.0029741436377236133,0.08771929824561403,1.0,0.045871559633027525,0.004212437223816478,0.07142857142857142,0.8,0.037383177570093455,2
HGB,SMOTE,13,0.03582889861701114,0.32212389380530976,0.0423728813559322,118,5,0.0,0.0,0.0,0.8104079759717048,0.0,0.0,0.0,0.0019541617713329136,0.07207207207207207,0.8,0.03773584905660377,2
HGB,SMOTE,14,0.07992170742170743,0.5079646017699115,0.0423728813559322,118,5,0.2,0.2,0.2,0.3875301072772135,0.0,0.0,0.0,0.003326992932089656,0.08403361344537816,1.0,0.043859649122807015,2
HGB,SMOTE,15,0.10264013764013764,0.643859649122807,0.04201680672268908,119,5,0.2,0.2,0.2,0.021378880189869928,0.10666666666666667,0.8,0.05714285714285714,0.002815794527854823,0.08849557522123894,1.0,0.046296296296296294,3
HGB,SMOTE,16,0.05434831703389498,0.5185840707964602,0.0423728813559322,118,5,0.0,0.0,0.0,0.05681610902769881,0.10526315789473684,0.6,0.057692307692307696,0.003417833517378215,0.06779661016949153,0.8,0.035398230088495575,3
HGB,SMOTE,17,0.2326828575922296,0.43185840707964607,0.0423728813559322,118,5,0.2,0.2,0.2,0.028713456980625166,0.034482758620689655,0.2,0.018867924528301886,0.01134296358028303,0.047058823529411764,0.4,0.025,3
HGB,SMOTE,18,0.05785096715319839,0.5787610619469027,0.0423728813559322,118,5,0.0,0.0,0.0,0.36396831605882,0.0,0.0,0.0,0.0033368082184395925,0.08695652173913043,1.0,0.045454545454545456,3
HGB,SMOTE,19,0.09879785247432304,0.6460176991150443,0.0423728813559322,118,5,0.0,0.4,0.4,0.004784173217091686,0.07272727272727272,0.8,0.0380952380952381,0.005049685266463178,0.07339449541284404,0.8,0.038461538461538464,3
HGB,SMOTE,20,0.056249248703647274,0.5368421052631579,0.04201680672268908,119,5,0.0,0.0,0.2,0.1148857644568703,0.06666666666666667,0.2,0.04,0.001324047616774709,0.08196721311475409,1.0,0.042735042735042736,4
HGB,SMOTE,21,0.062042483660130716,0.568141592920354,0.0423728813559322,118,5,0.0,0.0,0.4,0.004096619731722288,0.09174311926605505,1.0,0.04807692307692308,0.00417053616838854,0.09174311926605505,1.0,0.04807692307692308,4
HGB,SMOTE,22,0.05869650911390276,0.5079646017699115,0.0423728813559322,118,5,0.0,0.2,0.2,0.3476826239068907,0.0,0.0,0.0,0.003212669393148774,0.09174311926605505,1.0,0.04807692307692308,4
HGB,SMOTE,23,0.054359984233685,0.5238938053097345,0.0423728813559322,118,5,0.0,0.0,0.0,0.013395773721063826,0.06896551724137931,0.6,0.036585365853658534,0.013395773721063826,0.06896551724137931,0.6,0.036585365853658534,4
HGB,SMOTE,24,0.0926063932334929,0.6017699115044248,0.0423728813559322,118,5,0.2,0.2,0.2,0.7343606958780907,0.0,0.0,0.0,0.0025054153442854612,0.06779661016949153,0.8,0.035398230088495575,4
HGB,SMOTE,25,0.04199563541016807,0.39824561403508774,0.04201680672268908,119,5,0.0,0.0,0.2,0.03803700799891348,0.038461538461538464,0.2,0.02127659574468085,0.004971994830235933,0.07766990291262135,0.8,0.04081632653061224,5
HGB,SMOTE,26,0.06122476704356654,0.5964601769911504,0.0423728813559322,118,5,0.0,0.0,0.2,0.0026330618913283166,0.08547008547008547,1.0,0.044642857142857144,0.0030847420848913927,0.08620689655172414,1.0,0.04504504504504504,5
HGB,SMOTE,27,0.07741429193948067,0.6407079646017699,0.0423728813559322,118,5,0.0,0.0,0.4,0.0007383111020530432,0.08196721311475409,1.0,0.042735042735042736,0.002608804487934792,0.08547008547008547,1.0,0.044642857142857144,5
HGB,SMOTE,28,0.05041743970315399,0.3964601769911505,0.0423728813559322,118,5,0.0,0.2,0.2,0.3551254304895541,0.0,0.0,0.0,0.0020150768923745143,0.0847457627118644,1.0,0.04424778761061947,5
HGB,SMOTE,29,0.07126101165103724,0.4566371681415929,0.0423728813559322,118,5,0.0,0.2,0.4,0.22759014256835136,0.0,0.0,0.0,0.005626283558956064,0.07407407407407407,0.8,0.038834951456310676,5
HGB,SMOTE,30,0.09723499509301223,0.5052631578947369,0.04201680672268908,119,5,0.2,0.2,0.4,0.06229530745723129,0.11428571428571428,0.4,0.06666666666666667,0.0013982941295311974,0.08403361344537816,1.0,0.043859649122807015,6
HGB,SMOTE,31,0.04445887445887446,0.44778761061946903,0.0423728813559322,118,5,0.0,0.0,0.0,0.1285571250771297,0.0,0.0,0.0,0.0025063009619732003,0.08928571428571429,1.0,0.04672897196261682,6
HGB,SMOTE,32,0.042935294309440625,0.3610619469026549,0.0423728813559322,118,5,0.0,0.0,0.2,0.0053418586848016664,0.07547169811320754,0.8,0.039603960396039604,0.005388305813196676,0.07547169811320754,0.8,0.039603960396039604,6
HGB,SMOTE,33,0.05327520518696989,0.4176991150442478,0.0423728813559322,118,5,0.0,0.2,0.2,0.15483815055649025,0.07407407407407407,0.2,0.045454545454545456,0.0038336522362031095,0.07407407407407407,0.8,0.038834951456310676,6
HGB,SMOTE,34,0.14675736961451247,0.7929203539823009,0.0423728813559322,118,5,0.2,0.2,0.6,0.0034331064300871248,0.08928571428571429,1.0,0.04672897196261682,0.004435722206535026,0.09090909090909091,1.0,0.047619047619047616,6
HGB,SMOTE,35,0.05984981645550112,0.45789473684210524,0.04201680672268908,119,5,0.0,0.0,0.4,0.23114197390926045,0.0,0.0,0.0,0.0037638934039731127,0.07476635514018691,0.8,0.0392156862745098,7
HGB,SMOTE,36,0.04659302294098955,0.46194690265486726,0.0423728813559322,118,5,0.0,0.0,0.0,0.5318262370954588,0.0,0.0,0.0,0.0017842611042422766,0.08771929824561403,1.0,0.045871559633027525,7
HGB,SMOTE,37,0.03631918780000849,0.30619469026548674,0.0423728813559322,118,5,0.0,0.0,0.0,0.4185958869444191,0.0,0.0,0.0,0.005217690464050595,0.05405405405405406,0.6,0.02830188679245283,7
HGB,SMOTE,38,0.12463879468648745,0.6442477876106195,0.0423728813559322,118,5,0.2,0.4,0.4,0.002688742654478869,0.06956521739130435,0.8,0.03636363636363636,0.0033571379934335247,0.07079646017699115,0.8,0.037037037037037035,7
HGB,SMOTE,39,0.059488628732984286,0.5610619469026549,0.0423728813559322,118,5,0.0,0.0,0.2,0.04777687334852681,0.10909090909090909,0.6,0.06,0.005074192134425676,0.09615384615384616,1.0,0.050505050505050504,7
HGB,SMOTE,40,0.14942794091154749,0.5859649122807018,0.04201680672268908,119,5,0.2,0.2,0.2,0.0009749664657725121,0.08064516129032258,1.0,0.04201680672268908,0.002281764989188879,0.08333333333333333,1.0,0.043478260869565216,8
HGB,SMOTE,41,0.03836206501049838,0.37168141592920356,0.0423728813559322,118,5,0.0,0.0,0.0,0.043859209082609533,0.0,0.0,0.0,0.0020775704079145506,0.09345794392523364,1.0,0.049019607843137254,8
HGB,SMOTE,42,0.036611826425378954,0.3415929203539823,0.0423728813559322,118,5,0.0,0.0,0.0,0.2213662480776188,0.0,0.0,0.0,0.004292832935469689,0.07920792079207921,0.8,0.041666666666666664,8
HGB,SMOTE,43,0.06429972925625099,0.5469026548672566,0.0423728813559322,118,5,0.0,0.0,0.4,0.01144289395885954,0.08163265306122448,0.8,0.043010752688172046,0.002896294716254225,0.08547008547008547,1.0,0.044642857142857144,8
HGB,SMOTE,44,0.07502924745201947,0.463716814159292,0.0423728813559322,118,5,0.2,0.2,0.2,0.11075905247726339,0.06896551724137931,0.2,0.041666666666666664,0.010603600550929114,0.06593406593406594,0.6,0.03488372093023256,8
HGB,SMOTE,45,0.06415178350566467,0.6105263157894737,0.04201680672268908,119,5,0.0,0.0,0.2,0.1713679824747986,0.0,0.0,0.0,0.0038720154259089513,0.08196721311475409,1.0,0.042735042735042736,9
HGB,SMOTE,46,0.04626627819361809,0.4371681415929204,0.0423728813559322,118,5,0.0,0.0,0.0,0.05715069787442448,0.09230769230769231,0.6,0.05,0.0022498344155570467,0.08264462809917356,1.0,0.04310344827586207,9
HGB,SMOTE,47,0.13478609187429852,0.4353982300884956,0.0423728813559322,118,5,0.2,0.2,0.2,0.009151957315701014,0.046511627906976744,0.4,0.024691358024691357,0.007403827928204622,0.06666666666666667,0.6,0.03529411764705882,9
HGB,SMOTE,48,0.04265499897402796,0.43185840707964607,0.0423728813559322,118,5,0.0,0.0,0.0,0.3276736069673568,0.0,0.0,0.0,0.00298738017729954,0.09174311926605505,1.0,0.04807692307692308,9
HGB,SMOTE,49,0.04502539528954623,0.4212389380530973,0.0423728813559322,118,5,0.0,0.0,0.0,0.38302477523468614,0.0,0.0,0.0,0.004863282235268487,0.06896551724137931,0.6,0.036585365853658534,9
