algo,imbalance,fold,n_train_normals,n_test_normals,prauc,roc_auc,prevalence,n_test,n_pos_test,recall_at_5,recall_at_10,recall_at_20,thr_F1max,f1_F1max,recall_F1max,precision_F1max,flag_rate_F1max,thr_Recall80,f1_Recall80,recall_Recall80,precision_Recall80,flag_rate_Recall80
IsolationForest,normal_only,0,452,114,0.10563090418353577,0.4842105263157895,0.04201680672268908,119,5,0.2,0.2,0.2,0.7491570339558821,0.1111111111111111,0.2,0.07692307692307693,0.1092436974789916,0.32686309368954,0.05555555555555555,0.6,0.02912621359223301,0.865546218487395
IsolationForest,normal_only,1,453,113,0.044224517627590526,0.44070796460176986,0.0423728813559322,118,5,0.0,0.0,0.0,0.7778772318214037,0.0,0.0,0.0,0.05084745762711865,0.31890756874820453,0.09009009009009009,1.0,0.04716981132075472,0.8983050847457628
IsolationForest,normal_only,2,453,113,0.046993732307022286,0.2920353982300885,0.0423728813559322,118,5,0.0,0.2,0.2,0.39692238630857785,0.04,0.4,0.021052631578947368,0.8050847457627118,0.40272405091468816,0.04040404040404041,0.4,0.02127659574468085,0.7966101694915254
IsolationForest,normal_only,3,453,113,0.052399267399267396,0.3699115044247788,0.0423728813559322,118,5,0.0,0.2,0.2,0.4820012953317933,0.05555555555555555,0.4,0.029850746268656716,0.5677966101694916,0.3439241870352554,0.07920792079207921,0.8,0.041666666666666664,0.8135593220338984
IsolationForest,normal_only,4,453,113,0.04935550318582526,0.5097345132743363,0.0423728813559322,118,5,0.0,0.0,0.0,0.2542190590876994,0.08333333333333333,1.0,0.043478260869565216,0.9745762711864406,0.30597115659649093,0.08928571428571429,1.0,0.04672897196261682,0.9067796610169492
IsolationForest,normal_only,5,452,114,0.03344624107980777,0.25087719298245614,0.04201680672268908,119,5,0.0,0.0,0.0,0.747182927756416,0.0,0.0,0.0,0.09243697478991597,0.36929674640889426,0.037383177570093455,0.4,0.0196078431372549,0.8571428571428571
IsolationForest,normal_only,6,453,113,0.09413268911609433,0.31504424778761064,0.0423728813559322,118,5,0.2,0.2,0.2,0.5091279783181178,0.027777777777777776,0.2,0.014925373134328358,0.5677966101694916,0.3576236783275954,0.07079646017699115,0.8,0.037037037037037035,0.9152542372881356
IsolationForest,normal_only,7,453,113,0.06522280561654238,0.4743362831858407,0.0423728813559322,118,5,0.0,0.2,0.2,0.20228488070636094,0.08196721311475409,1.0,0.042735042735042736,0.9915254237288136,0.33810489805621446,0.07339449541284404,0.8,0.038461538461538464,0.8813559322033898
IsolationForest,normal_only,8,453,113,0.06838509316770186,0.5079646017699115,0.0423728813559322,118,5,0.0,0.2,0.2,0.25635059940271204,0.06837606837606838,0.8,0.03571428571428571,0.9491525423728814,0.3086262501551159,0.07339449541284404,0.8,0.038461538461538464,0.8813559322033898
IsolationForest,normal_only,9,453,113,0.0465537121017197,0.4796460176991151,0.0423728813559322,118,5,0.0,0.0,0.0,0.8627705791588554,0.0,0.0,0.0,0.06779661016949153,0.2809181431184164,0.08620689655172414,1.0,0.04504504504504504,0.940677966101695
IsolationForest,normal_only,10,452,114,0.04038194632767965,0.37017543859649127,0.04201680672268908,119,5,0.0,0.0,0.2,0.7794718884382628,0.0,0.0,0.0,0.08403361344537816,0.3220129776270227,0.07142857142857142,0.8,0.037383177570093455,0.8991596638655462
IsolationForest,normal_only,11,453,113,0.05122116905464047,0.4212389380530973,0.0423728813559322,118,5,0.0,0.2,0.2,0.7869794609984608,0.0,0.0,0.0,0.06779661016949153,0.33301299098892406,0.07476635514018691,0.8,0.0392156862745098,0.864406779661017
IsolationForest,normal_only,12,453,113,0.03788679143001214,0.3433628318584071,0.0423728813559322,118,5,0.0,0.0,0.0,0.2570401843709766,0.08264462809917356,1.0,0.04310344827586207,0.9830508474576272,0.31971132642574623,0.07207207207207207,0.8,0.03773584905660377,0.8983050847457628
IsolationForest,normal_only,13,453,113,0.165963478247509,0.631858407079646,0.0423728813559322,118,5,0.2,0.2,0.4,0.2688488769010231,0.08620689655172414,1.0,0.04504504504504504,0.940677966101695,0.32573257674397765,0.09345794392523364,1.0,0.049019607843137254,0.864406779661017
IsolationForest,normal_only,14,453,113,0.04379679902698695,0.3380530973451328,0.0423728813559322,118,5,0.0,0.0,0.2,0.32598290402683416,0.05263157894736842,0.6,0.027522935779816515,0.923728813559322,0.35702420441300386,0.056074766355140186,0.6,0.029411764705882353,0.864406779661017
IsolationForest,normal_only,15,452,114,0.038736038304724704,0.343859649122807,0.04201680672268908,119,5,0.0,0.0,0.0,0.76609669093381,0.0,0.0,0.0,0.12605042016806722,0.34199731111164633,0.05660377358490566,0.6,0.0297029702970297,0.8487394957983193
IsolationForest,normal_only,16,453,113,0.0480328641859947,0.35752212389380533,0.0423728813559322,118,5,0.0,0.2,0.2,0.7951852349497595,0.0,0.0,0.0,0.059322033898305086,0.3875099941378115,0.0425531914893617,0.4,0.02247191011235955,0.7542372881355932
IsolationForest,normal_only,17,453,113,0.060942686728607656,0.41592920353982304,0.0423728813559322,118,5,0.0,0.2,0.2,0.20645186695461792,0.08196721311475409,1.0,0.042735042735042736,0.9915254237288136,0.3157507792691741,0.08849557522123894,1.0,0.046296296296296294,0.9152542372881356
IsolationForest,normal_only,18,453,113,0.11050149850149851,0.6955752212389381,0.0423728813559322,118,5,0.0,0.4,0.4,0.19869760751000834,0.08130081300813008,1.0,0.0423728813559322,1.0,0.3157745693918866,0.08928571428571429,1.0,0.04672897196261682,0.9067796610169492
IsolationForest,normal_only,19,453,113,0.0352817250636894,0.31327433628318585,0.0423728813559322,118,5,0.0,0.0,0.0,0.2731297116919283,0.06837606837606838,0.8,0.03571428571428571,0.9491525423728814,0.37626107633104605,0.061224489795918366,0.6,0.03225806451612903,0.788135593220339
IsolationForest,normal_only,20,452,114,0.10695476275137292,0.48596491228070177,0.04201680672268908,119,5,0.2,0.2,0.2,0.2628593632695851,0.06722689075630252,0.8,0.03508771929824561,0.957983193277311,0.33948687393951227,0.0594059405940594,0.6,0.03125,0.8067226890756303
IsolationForest,normal_only,21,453,113,0.07026796420384412,0.4867256637168142,0.0423728813559322,118,5,0.2,0.2,0.2,0.22695244566995837,0.08403361344537816,1.0,0.043859649122807015,0.9661016949152542,0.32201828580794134,0.0761904761904762,0.8,0.04,0.847457627118644
IsolationForest,normal_only,22,453,113,0.04580275928102015,0.44424778761061945,0.0423728813559322,118,5,0.0,0.0,0.0,0.3317773144444036,0.06956521739130435,0.8,0.03636363636363636,0.9322033898305084,0.3561517108942017,0.07272727272727272,0.8,0.0380952380952381,0.8898305084745762
IsolationForest,normal_only,23,453,113,0.10303512453243319,0.4513274336283186,0.0423728813559322,118,5,0.2,0.4,0.4,0.844324926899635,0.0,0.0,0.0,0.00847457627118644,0.329249967032612,0.07407407407407407,0.8,0.038834951456310676,0.8728813559322034
IsolationForest,normal_only,24,453,113,0.03676084156131258,0.3451327433628319,0.0423728813559322,118,5,0.0,0.0,0.0,0.8107578611836856,0.0,0.0,0.0,0.09322033898305085,0.3149944314792164,0.07142857142857142,0.8,0.037383177570093455,0.9067796610169492
IsolationForest,normal_only,25,452,114,0.034738205576341614,0.31578947368421056,0.04201680672268908,119,5,0.0,0.0,0.0,0.7901001029635237,0.0,0.0,0.0,0.058823529411764705,0.33781271481812336,0.07407407407407407,0.8,0.038834951456310676,0.865546218487395
IsolationForest,normal_only,26,453,113,0.03467376013026461,0.304424778761062,0.0423728813559322,118,5,0.0,0.0,0.0,0.7306025192121219,0.0,0.0,0.0,0.1694915254237288,0.3667363199974196,0.04395604395604396,0.4,0.023255813953488372,0.7288135593220338
IsolationForest,normal_only,27,453,113,0.0425085510448016,0.4212389380530973,0.0423728813559322,118,5,0.0,0.0,0.0,0.8058405508726925,0.0,0.0,0.0,0.1016949152542373,0.32664187315768123,0.0761904761904762,0.8,0.04,0.847457627118644
IsolationForest,normal_only,28,453,113,0.23352777777777778,0.6300884955752213,0.0423728813559322,118,5,0.4,0.4,0.4,0.25107243267859936,0.08333333333333333,1.0,0.043478260869565216,0.9745762711864406,0.3099913175445201,0.08695652173913043,1.0,0.045454545454545456,0.9322033898305084
IsolationForest,normal_only,29,453,113,0.06693714135574601,0.49026548672566367,0.0423728813559322,118,5,0.0,0.2,0.4,0.29038215371087117,0.05217391304347826,0.6,0.02727272727272727,0.9322033898305084,0.33019436089754617,0.05555555555555555,0.6,0.02912621359223301,0.8728813559322034
IsolationForest,normal_only,30,452,114,0.06676682261509143,0.5333333333333334,0.04201680672268908,119,5,0.0,0.2,0.2,0.24353775827053997,0.08130081300813008,1.0,0.0423728813559322,0.9915966386554622,0.34165046430229085,0.08771929824561403,1.0,0.045871559633027525,0.9159663865546218
IsolationForest,normal_only,31,453,113,0.26838345864661656,0.5504424778761062,0.0423728813559322,118,5,0.2,0.4,0.4,0.23426183470494402,0.08130081300813008,1.0,0.0423728813559322,1.0,0.35023998006801527,0.07407407407407407,0.8,0.038834951456310676,0.8728813559322034
IsolationForest,normal_only,32,453,113,0.0544017559212539,0.5185840707964602,0.0423728813559322,118,5,0.0,0.0,0.2,0.7868781817841907,0.0,0.0,0.0,0.07627118644067797,0.3079678405395812,0.08849557522123894,1.0,0.046296296296296294,0.9152542372881356
IsolationForest,normal_only,33,453,113,0.04849134199134199,0.45486725663716815,0.0423728813559322,118,5,0.0,0.0,0.2,0.7505837284715937,0.0,0.0,0.0,0.11864406779661017,0.33159577181769134,0.07692307692307693,0.8,0.04040404040404041,0.8389830508474576
IsolationForest,normal_only,34,453,113,0.029929809175694707,0.19292035398230092,0.0423728813559322,118,5,0.0,0.0,0.0,0.8350207648653108,0.0,0.0,0.0,0.03389830508474576,0.3883245637473525,0.042105263157894736,0.4,0.022222222222222223,0.7627118644067796
IsolationForest,normal_only,35,452,114,0.13989406155409795,0.45438596491228067,0.04201680672268908,119,5,0.2,0.2,0.2,0.8158219931603164,0.125,0.2,0.09090909090909091,0.09243697478991597,0.3685850159542169,0.05555555555555555,0.6,0.02912621359223301,0.865546218487395
IsolationForest,normal_only,36,453,113,0.05182202426333882,0.4973451327433628,0.0423728813559322,118,5,0.0,0.0,0.2,0.2355480555688377,0.08196721311475409,1.0,0.042735042735042736,0.9915254237288136,0.2955003910532991,0.08771929824561403,1.0,0.045871559633027525,0.923728813559322
IsolationForest,normal_only,37,453,113,0.0743822085373084,0.5752212389380531,0.0423728813559322,118,5,0.0,0.2,0.2,0.3329321970926967,0.07339449541284404,0.8,0.038461538461538464,0.8813559322033898,0.3553978371279316,0.0761904761904762,0.8,0.04,0.847457627118644
IsolationForest,normal_only,38,453,113,0.028541280934897956,0.1327433628318584,0.0423728813559322,118,5,0.0,0.0,0.0,0.8207598734377126,0.0,0.0,0.0,0.0423728813559322,0.37115934163551806,0.037383177570093455,0.4,0.0196078431372549,0.864406779661017
IsolationForest,normal_only,39,453,113,0.045769308516427985,0.4690265486725664,0.0423728813559322,118,5,0.0,0.0,0.0,0.6334564098163663,0.0,0.0,0.0,0.16101694915254236,0.32081977671064027,0.09345794392523364,1.0,0.049019607843137254,0.864406779661017
IsolationForest,normal_only,40,452,114,0.06681941801225459,0.5456140350877193,0.04201680672268908,119,5,0.0,0.2,0.2,0.2667994696612161,0.06722689075630252,0.8,0.03508771929824561,0.957983193277311,0.31219574427043006,0.07017543859649122,0.8,0.03669724770642202,0.9159663865546218
IsolationForest,normal_only,41,453,113,0.0792667451596023,0.46017699115044247,0.0423728813559322,118,5,0.0,0.2,0.4,0.43459949263443126,0.05063291139240506,0.4,0.02702702702702703,0.6271186440677966,0.39522183447471537,0.047058823529411764,0.4,0.025,0.6779661016949152
IsolationForest,normal_only,42,453,113,0.052464012178297895,0.5168141592920353,0.0423728813559322,118,5,0.0,0.0,0.0,0.749745497889164,0.0,0.0,0.0,0.07627118644067797,0.35797338034217435,0.08163265306122448,0.8,0.043010752688172046,0.788135593220339
IsolationForest,normal_only,43,453,113,0.03252823131573141,0.26017699115044246,0.0423728813559322,118,5,0.0,0.0,0.0,0.5379657549409772,0.029850746268656716,0.2,0.016129032258064516,0.5254237288135594,0.3629231759845821,0.05825242718446602,0.6,0.030612244897959183,0.8305084745762712
IsolationForest,normal_only,44,453,113,0.06708884184113542,0.4389380530973451,0.0423728813559322,118,5,0.2,0.2,0.2,0.25852962186893247,0.08196721311475409,1.0,0.042735042735042736,0.9915254237288136,0.3121907952370116,0.08333333333333333,1.0,0.043478260869565216,0.9745762711864406
IsolationForest,normal_only,45,452,114,0.035737368465778976,0.2929824561403509,0.04201680672268908,119,5,0.0,0.0,0.0,0.7766488039316388,0.0,0.0,0.0,0.12605042016806722,0.37374480163064216,0.038834951456310676,0.4,0.02040816326530612,0.8235294117647058
IsolationForest,normal_only,46,453,113,0.05400748930568626,0.4371681415929204,0.0423728813559322,118,5,0.0,0.2,0.2,0.8143389280804595,0.0,0.0,0.0,0.0423728813559322,0.34096803651412405,0.07766990291262135,0.8,0.04081632653061224,0.8305084745762712
IsolationForest,normal_only,47,453,113,0.12203041452761498,0.6,0.0423728813559322,118,5,0.2,0.4,0.4,0.226344742880617,0.08264462809917356,1.0,0.04310344827586207,0.9830508474576272,0.3379500386878019,0.09345794392523364,1.0,0.049019607843137254,0.864406779661017
IsolationForest,normal_only,48,453,113,0.037850562516805124,0.36106194690265486,0.0423728813559322,118,5,0.0,0.0,0.0,0.8137848194994631,0.0,0.0,0.0,0.05084745762711865,0.31584001886942514,0.09090909090909091,1.0,0.047619047619047616,0.8898305084745762
IsolationForest,normal_only,49,453,113,0.08574715652396972,0.4106194690265487,0.0423728813559322,118,5,0.2,0.2,0.2,0.22553642723538486,0.08196721311475409,1.0,0.042735042735042736,0.9915254237288136,0.3197175974997719,0.08695652173913043,1.0,0.045454545454545456,0.9322033898305084
Mahalanobis,normal_only,0,452,114,0.05315191098209966,0.4228070175438597,0.04201680672268908,119,5,0.0,0.2,0.2,0.7483273827189819,0.058823529411764705,0.2,0.034482758620689655,0.24369747899159663,0.4149501279430008,0.06382978723404255,0.6,0.033707865168539325,0.7478991596638656
Mahalanobis,normal_only,1,453,113,0.05299914681937154,0.5309734513274336,0.0423728813559322,118,5,0.0,0.0,0.0,0.1897157353854815,0.08196721311475409,1.0,0.042735042735042736,0.9915254237288136,0.31875902655846944,0.09174311926605505,1.0,0.04807692307692308,0.8813559322033898
Mahalanobis,normal_only,2,453,113,0.038922010497633414,0.3380530973451328,0.0423728813559322,118,5,0.0,0.0,0.2,0.7335201480645109,0.0,0.0,0.0,0.1864406779661017,0.40009052482993734,0.0425531914893617,0.4,0.02247191011235955,0.7542372881355932
Mahalanobis,normal_only,3,453,113,0.05167426532331817,0.39646017699115044,0.0423728813559322,118,5,0.0,0.2,0.2,0.6423243001345431,0.07692307692307693,0.2,0.047619047619047616,0.17796610169491525,0.39317453812084624,0.06818181818181818,0.6,0.03614457831325301,0.7033898305084746
Mahalanobis,normal_only,4,453,113,0.054070870667994125,0.5274336283185841,0.0423728813559322,118,5,0.0,0.0,0.2,0.21864202443273756,0.08196721311475409,1.0,0.042735042735042736,0.9915254237288136,0.3583546652465049,0.09345794392523364,1.0,0.049019607843137254,0.864406779661017
Mahalanobis,normal_only,5,452,114,0.03062961192641199,0.1947368421052632,0.04201680672268908,119,5,0.0,0.0,0.0,0.697779242363766,0.0,0.0,0.0,0.17647058823529413,0.435012434233239,0.020618556701030927,0.2,0.010869565217391304,0.773109243697479
Mahalanobis,normal_only,6,453,113,0.06448102655933981,0.47433628318584076,0.0423728813559322,118,5,0.0,0.2,0.2,0.6765209142663019,0.06060606060606061,0.2,0.03571428571428571,0.23728813559322035,0.34246147410258426,0.09009009009009009,1.0,0.04716981132075472,0.8983050847457628
Mahalanobis,normal_only,7,453,113,0.0767562005764253,0.6106194690265487,0.0423728813559322,118,5,0.0,0.2,0.4,0.15752359405247604,0.08130081300813008,1.0,0.0423728813559322,1.0,0.31246514498316963,0.09009009009009009,1.0,0.04716981132075472,0.8983050847457628
Mahalanobis,normal_only,8,453,113,0.04664480090905944,0.4654867256637168,0.0423728813559322,118,5,0.0,0.0,0.0,0.7464421224353721,0.0,0.0,0.0,0.1864406779661017,0.3583568481248241,0.06593406593406594,0.6,0.03488372093023256,0.7288135593220338
Mahalanobis,normal_only,9,453,113,0.06798340548340548,0.6212389380530974,0.0423728813559322,118,5,0.0,0.0,0.4,0.9063912785980693,0.0,0.0,0.0,0.07627118644067797,0.3225516545081585,0.09090909090909091,1.0,0.047619047619047616,0.8898305084745762
Mahalanobis,normal_only,10,452,114,0.047625599947581365,0.4736842105263158,0.04201680672268908,119,5,0.0,0.0,0.0,0.709305255065234,0.0,0.0,0.0,0.17647058823529413,0.3680711579796728,0.0784313725490196,0.8,0.041237113402061855,0.8151260504201681
Mahalanobis,normal_only,11,453,113,0.05373437806456675,0.4513274336283186,0.0423728813559322,118,5,0.0,0.0,0.2,0.37763669775163267,0.06451612903225806,0.6,0.03409090909090909,0.7457627118644068,0.38793847450269375,0.06593406593406594,0.6,0.03488372093023256,0.7288135593220338
Mahalanobis,normal_only,12,453,113,0.03568287510001625,0.32389380530973455,0.0423728813559322,118,5,0.0,0.0,0.0,0.6388168525509509,0.0,0.0,0.0,0.2966101694915254,0.39575769247936626,0.043478260869565216,0.4,0.022988505747126436,0.7372881355932204
Mahalanobis,normal_only,13,453,113,0.1375797373358349,0.727433628318584,0.0423728813559322,118,5,0.2,0.4,0.6,0.17655863009072703,0.08333333333333333,1.0,0.043478260869565216,0.9745762711864406,0.30890403322296583,0.09174311926605505,1.0,0.04807692307692308,0.8813559322033898
Mahalanobis,normal_only,14,453,113,0.04379834517983186,0.36991150442477877,0.0423728813559322,118,5,0.0,0.0,0.2,0.702089141148358,0.0,0.0,0.0,0.19491525423728814,0.39117398516994256,0.06060606060606061,0.6,0.031914893617021274,0.7966101694915254
Mahalanobis,normal_only,15,452,114,0.03652446946564594,0.31754385964912285,0.04201680672268908,119,5,0.0,0.0,0.0,0.37575322716373827,0.056074766355140186,0.6,0.029411764705882353,0.8571428571428571,0.39697175662995116,0.05825242718446602,0.6,0.030612244897959183,0.8235294117647058
Mahalanobis,normal_only,16,453,113,0.04839219584347021,0.4353982300884956,0.0423728813559322,118,5,0.0,0.0,0.2,0.5621379900731684,0.04878048780487805,0.2,0.027777777777777776,0.3050847457627119,0.37833482825450804,0.07058823529411765,0.6,0.0375,0.6779661016949152
Mahalanobis,normal_only,17,453,113,0.05600004377469166,0.49557522123893805,0.0423728813559322,118,5,0.0,0.2,0.2,0.5954388683393533,0.038461538461538464,0.2,0.02127659574468085,0.3983050847457627,0.36104063264269637,0.0970873786407767,1.0,0.05102040816326531,0.8305084745762712
Mahalanobis,normal_only,18,453,113,0.09795608404363534,0.7539823008849558,0.0423728813559322,118,5,0.0,0.2,0.4,0.2857407003806453,0.08849557522123894,1.0,0.046296296296296294,0.9152542372881356,0.3581542911225942,0.10204081632653061,1.0,0.053763440860215055,0.788135593220339
Mahalanobis,normal_only,19,453,113,0.039352058383421734,0.3433628318584071,0.0423728813559322,118,5,0.0,0.0,0.0,0.7243785927522607,0.0,0.0,0.0,0.17796610169491525,0.3950819807371253,0.041237113402061855,0.4,0.021739130434782608,0.7796610169491526
Mahalanobis,normal_only,20,452,114,0.05033634701095491,0.4614035087719298,0.04201680672268908,119,5,0.0,0.0,0.2,0.6084230932772788,0.05714285714285714,0.2,0.03333333333333333,0.25210084033613445,0.3525463989898966,0.08080808080808081,0.8,0.0425531914893617,0.7899159663865546
Mahalanobis,normal_only,21,453,113,0.060045674798388585,0.5026548672566372,0.0423728813559322,118,5,0.0,0.2,0.2,0.6954334164381547,0.07692307692307693,0.2,0.047619047619047616,0.17796610169491525,0.37092244567983684,0.0851063829787234,0.8,0.0449438202247191,0.7542372881355932
Mahalanobis,normal_only,22,453,113,0.048569656363774014,0.45309734513274336,0.0423728813559322,118,5,0.0,0.0,0.2,0.6699607722760884,0.06060606060606061,0.2,0.03571428571428571,0.23728813559322035,0.3917246524696637,0.08,0.8,0.042105263157894736,0.8050847457627118
Mahalanobis,normal_only,23,453,113,0.0788232530138173,0.5345132743362832,0.0423728813559322,118,5,0.0,0.2,0.4,0.6060965355198904,0.07272727272727272,0.4,0.04,0.423728813559322,0.32464979585127834,0.08695652173913043,1.0,0.045454545454545456,0.9322033898305084
Mahalanobis,normal_only,24,453,113,0.042878980675590844,0.40884955752212393,0.0423728813559322,118,5,0.0,0.0,0.0,0.7004397475322132,0.06060606060606061,0.2,0.03571428571428571,0.23728813559322035,0.358086880041095,0.07920792079207921,0.8,0.041666666666666664,0.8135593220338984
Mahalanobis,normal_only,25,452,114,0.040461876362703604,0.3894736842105263,0.04201680672268908,119,5,0.0,0.0,0.0,0.7162427610824558,0.0,0.0,0.0,0.226890756302521,0.3632494319579795,0.07547169811320754,0.8,0.039603960396039604,0.8487394957983193
Mahalanobis,normal_only,26,453,113,0.03417836281289588,0.2867256637168142,0.0423728813559322,118,5,0.0,0.0,0.0,0.7405707301323691,0.0,0.0,0.0,0.1440677966101695,0.4103010147344301,0.061855670103092786,0.6,0.03260869565217391,0.7796610169491526
Mahalanobis,normal_only,27,453,113,0.04779319782202827,0.45663716814159294,0.0423728813559322,118,5,0.0,0.0,0.2,0.7221249726590101,0.07142857142857142,0.2,0.043478260869565216,0.19491525423728814,0.37282216294506704,0.07920792079207921,0.8,0.041666666666666664,0.8135593220338984
Mahalanobis,normal_only,28,453,113,0.1170570900148365,0.6778761061946903,0.0423728813559322,118,5,0.2,0.4,0.4,0.6308081329989842,0.1,0.4,0.05714285714285714,0.2966101694915254,0.3529526113793055,0.10101010101010101,1.0,0.05319148936170213,0.7966101694915254
Mahalanobis,normal_only,29,453,113,0.05315650451243672,0.45132743362831856,0.0423728813559322,118,5,0.0,0.0,0.2,0.3656110765949835,0.061224489795918366,0.6,0.03225806451612903,0.788135593220339,0.39109145604971673,0.06451612903225806,0.6,0.03409090909090909,0.7457627118644068
Mahalanobis,normal_only,30,452,114,0.057412517476675584,0.5017543859649123,0.04201680672268908,119,5,0.0,0.0,0.2,0.2446982259055389,0.08130081300813008,1.0,0.0423728813559322,0.9915966386554622,0.36073270233824173,0.08928571428571429,1.0,0.04672897196261682,0.8991596638655462
Mahalanobis,normal_only,31,453,113,0.07000395029806794,0.5575221238938053,0.0423728813559322,118,5,0.0,0.2,0.4,0.3035704100379048,0.08771929824561403,1.0,0.045871559633027525,0.923728813559322,0.38600752279692047,0.10204081632653061,1.0,0.053763440860215055,0.788135593220339
Mahalanobis,normal_only,32,453,113,0.0519204467030554,0.5256637168141594,0.0423728813559322,118,5,0.0,0.0,0.2,0.6790773596904767,0.06451612903225806,0.2,0.038461538461538464,0.22033898305084745,0.37326068458590983,0.0970873786407767,1.0,0.05102040816326531,0.8305084745762712
Mahalanobis,normal_only,33,453,113,0.045674783104121576,0.39292035398230085,0.0423728813559322,118,5,0.0,0.0,0.2,0.6760655932453855,0.07142857142857142,0.2,0.043478260869565216,0.19491525423728814,0.37522011537847,0.06666666666666667,0.6,0.03529411764705882,0.7203389830508474
Mahalanobis,normal_only,34,453,113,0.03843548619797901,0.32389380530973455,0.0423728813559322,118,5,0.0,0.0,0.2,0.595750295186896,0.044444444444444446,0.2,0.025,0.3389830508474576,0.38594000552584246,0.0449438202247191,0.4,0.023809523809523808,0.711864406779661
Mahalanobis,normal_only,35,452,114,0.09807897880902974,0.48947368421052634,0.04201680672268908,119,5,0.2,0.2,0.4,0.715803538117473,0.125,0.4,0.07407407407407407,0.226890756302521,0.36262159732083565,0.057692307692307696,0.6,0.030303030303030304,0.8319327731092437
Mahalanobis,normal_only,36,453,113,0.048309772069362864,0.4831858407079646,0.0423728813559322,118,5,0.0,0.0,0.0,0.7504653782702005,0.0,0.0,0.0,0.1694915254237288,0.3806302258957397,0.08421052631578947,0.8,0.044444444444444446,0.7627118644067796
Mahalanobis,normal_only,37,453,113,0.0690690341157631,0.6123893805309736,0.0423728813559322,118,5,0.0,0.0,0.2,0.21507305646755417,0.08333333333333333,1.0,0.043478260869565216,0.9745762711864406,0.3529153993074314,0.07692307692307693,0.8,0.04040404040404041,0.8389830508474576
Mahalanobis,normal_only,38,453,113,0.0313950102675698,0.22477876106194694,0.0423728813559322,118,5,0.0,0.0,0.0,0.7319247986445945,0.0,0.0,0.0,0.17796610169491525,0.3800581260616216,0.06315789473684211,0.6,0.03333333333333333,0.7627118644067796
Mahalanobis,normal_only,39,453,113,0.05568964234282738,0.5327433628318584,0.0423728813559322,118,5,0.0,0.0,0.2,0.6665295899455896,0.08,0.2,0.05,0.1694915254237288,0.36074263545588486,0.09900990099009901,1.0,0.052083333333333336,0.8135593220338984
Mahalanobis,normal_only,40,452,114,0.08767499207655977,0.6263157894736843,0.04201680672268908,119,5,0.0,0.2,0.4,0.29646246395207004,0.08928571428571429,1.0,0.04672897196261682,0.8991596638655462,0.3772926522143369,0.08163265306122448,0.8,0.043010752688172046,0.7815126050420168
Mahalanobis,normal_only,41,453,113,0.05455392308840584,0.47256637168141596,0.0423728813559322,118,5,0.0,0.0,0.2,0.23843093429166562,0.06896551724137931,0.8,0.036036036036036036,0.940677966101695,0.3582565825473188,0.08163265306122448,0.8,0.043010752688172046,0.788135593220339
Mahalanobis,normal_only,42,453,113,0.06112731387960746,0.552212389380531,0.0423728813559322,118,5,0.0,0.0,0.4,0.33717914081750205,0.07547169811320754,0.8,0.039603960396039604,0.8559322033898306,0.38007863872256376,0.08163265306122448,0.8,0.043010752688172046,0.788135593220339
Mahalanobis,normal_only,43,453,113,0.033710122960184837,0.2867256637168142,0.0423728813559322,118,5,0.0,0.0,0.0,0.6885542918112832,0.0,0.0,0.0,0.2457627118644068,0.4192998797884806,0.0449438202247191,0.4,0.023809523809523808,0.711864406779661
Mahalanobis,normal_only,44,453,113,0.06010337202874516,0.45486725663716815,0.0423728813559322,118,5,0.0,0.2,0.2,0.6675296291789238,0.05405405405405406,0.2,0.03125,0.2711864406779661,0.36380938528289064,0.0761904761904762,0.8,0.04,0.847457627118644
Mahalanobis,normal_only,45,452,114,0.03917480660530095,0.3508771929824562,0.04201680672268908,119,5,0.0,0.0,0.0,0.7358118888336209,0.0,0.0,0.0,0.19327731092436976,0.38578734195882886,0.06315789473684211,0.6,0.03333333333333333,0.7563025210084033
Mahalanobis,normal_only,46,453,113,0.04830248035619801,0.44424778761061945,0.0423728813559322,118,5,0.0,0.0,0.2,0.6872452393674382,0.06666666666666667,0.2,0.04,0.211864406779661,0.3896541127695087,0.08695652173913043,0.8,0.04597701149425287,0.7372881355932204
Mahalanobis,normal_only,47,453,113,0.11279743760946767,0.727433628318584,0.0423728813559322,118,5,0.2,0.2,0.6,0.178908724875436,0.08196721311475409,1.0,0.042735042735042736,0.9915254237288136,0.30967756392853135,0.09259259259259259,1.0,0.04854368932038835,0.8728813559322034
Mahalanobis,normal_only,48,453,113,0.03801482183462824,0.368141592920354,0.0423728813559322,118,5,0.0,0.0,0.0,0.8059505933967471,0.0,0.0,0.0,0.13559322033898305,0.36485712033041445,0.07920792079207921,0.8,0.041666666666666664,0.8135593220338984
Mahalanobis,normal_only,49,453,113,0.0628604479166277,0.45663716814159294,0.0423728813559322,118,5,0.0,0.2,0.4,0.6779048592399776,0.14814814814814814,0.4,0.09090909090909091,0.1864406779661017,0.358083183667193,0.07766990291262135,0.8,0.04081632653061224,0.8305084745762712
OneClassSVM,normal_only,0,452,114,0.06493917784240366,0.49122807017543857,0.04201680672268908,119,5,0.0,0.2,0.2,0.37862040574180794,0.06382978723404255,0.6,0.033707865168539325,0.7478991596638656,0.37862040574180794,0.06382978723404255,0.6,0.033707865168539325,0.7478991596638656
OneClassSVM,normal_only,1,453,113,0.04409025185340974,0.41238938053097346,0.0423728813559322,118,5,0.0,0.0,0.2,0.7339476846396791,0.0,0.0,0.0,0.059322033898305086,0.31349126429155416,0.07920792079207921,0.8,0.041666666666666664,0.8135593220338984
OneClassSVM,normal_only,2,453,113,0.042401119228326234,0.3309734513274336,0.0423728813559322,118,5,0.0,0.0,0.2,0.5537198248630762,0.0392156862745098,0.2,0.021739130434782608,0.3898305084745763,0.3269930437981988,0.056074766355140186,0.6,0.029411764705882353,0.864406779661017
OneClassSVM,normal_only,3,453,113,0.04922919365374609,0.3823008849557522,0.0423728813559322,118,5,0.0,0.2,0.2,0.6895493461069464,0.10526315789473684,0.2,0.07142857142857142,0.11864406779661017,0.285892256573465,0.07407407407407407,0.8,0.038834951456310676,0.8728813559322034
OneClassSVM,normal_only,4,453,113,0.056979099332040505,0.5628318584070797,0.0423728813559322,118,5,0.0,0.0,0.2,0.6855128530034544,0.08695652173913043,0.2,0.05555555555555555,0.15254237288135594,0.22697762273585853,0.0847457627118644,1.0,0.04424778761061947,0.9576271186440678
OneClassSVM,normal_only,5,452,114,0.03919564175540982,0.3070175438596492,0.04201680672268908,119,5,0.0,0.0,0.0,0.3471459023564625,0.03636363636363636,0.4,0.01904761904761905,0.8823529411764706,0.3525346763672096,0.03636363636363636,0.4,0.01904761904761905,0.8823529411764706
OneClassSVM,normal_only,6,453,113,0.05993777350795406,0.3876106194690266,0.0423728813559322,118,5,0.0,0.2,0.2,0.5588658008601255,0.044444444444444446,0.2,0.025,0.3389830508474576,0.335724916498282,0.07272727272727272,0.8,0.0380952380952381,0.8898305084745762
OneClassSVM,normal_only,7,453,113,0.05343323070786342,0.45663716814159294,0.0423728813559322,118,5,0.0,0.2,0.2,0.5642794121771778,0.05263157894736842,0.2,0.030303030303030304,0.2796610169491525,0.22274123821225325,0.08620689655172414,1.0,0.04504504504504504,0.940677966101695
OneClassSVM,normal_only,8,453,113,0.05015251413317489,0.4637168141592921,0.0423728813559322,118,5,0.0,0.0,0.2,0.16025656931624285,0.06666666666666667,0.8,0.034782608695652174,0.9745762711864406,0.2839045809457801,0.0761904761904762,0.8,0.04,0.847457627118644
OneClassSVM,normal_only,9,453,113,0.05399393709738537,0.5292035398230088,0.0423728813559322,118,5,0.0,0.0,0.2,0.6975225331980491,0.06666666666666667,0.2,0.04,0.211864406779661,0.24194187469240436,0.09345794392523364,1.0,0.049019607843137254,0.864406779661017
OneClassSVM,normal_only,10,452,114,0.04837564991787758,0.456140350877193,0.04201680672268908,119,5,0.0,0.0,0.2,0.7003500180394439,0.0,0.0,0.0,0.1092436974789916,0.3069175533872089,0.07017543859649122,0.8,0.03669724770642202,0.9159663865546218
OneClassSVM,normal_only,11,453,113,0.04654778037959989,0.4283185840707965,0.0423728813559322,118,5,0.0,0.0,0.2,0.1513111147758096,0.08196721311475409,1.0,0.042735042735042736,0.9915254237288136,0.24591744760105785,0.07207207207207207,0.8,0.03773584905660377,0.8983050847457628
OneClassSVM,normal_only,12,453,113,0.037276461559910073,0.3451327433628319,0.0423728813559322,118,5,0.0,0.0,0.0,0.7137412744662712,0.0,0.0,0.0,0.11864406779661017,0.2545932095682546,0.08928571428571429,1.0,0.04672897196261682,0.9067796610169492
OneClassSVM,normal_only,13,453,113,0.09719800172630362,0.6442477876106195,0.0423728813559322,118,5,0.0,0.4,0.4,0.1311519832213616,0.08130081300813008,1.0,0.0423728813559322,1.0,0.32332558375723225,0.08163265306122448,0.8,0.043010752688172046,0.788135593220339
OneClassSVM,normal_only,14,453,113,0.03780627294330864,0.27079646017699116,0.0423728813559322,118,5,0.0,0.0,0.2,0.7010280115045455,0.07692307692307693,0.2,0.047619047619047616,0.17796610169491525,0.35974620530640666,0.04081632653061224,0.4,0.021505376344086023,0.788135593220339
OneClassSVM,normal_only,15,452,114,0.038634769844420616,0.3263157894736842,0.04201680672268908,119,5,0.0,0.0,0.2,0.14734449039689634,0.08196721311475409,1.0,0.042735042735042736,0.9831932773109243,0.31646656267569906,0.03773584905660377,0.4,0.019801980198019802,0.8487394957983193
OneClassSVM,normal_only,16,453,113,0.05841016208644276,0.47079646017699117,0.0423728813559322,118,5,0.0,0.2,0.2,0.15423026011437727,0.08196721311475409,1.0,0.042735042735042736,0.9915254237288136,0.26823133858751413,0.08771929824561403,1.0,0.045871559633027525,0.923728813559322
OneClassSVM,normal_only,17,453,113,0.04881723690156799,0.3946902654867257,0.0423728813559322,118,5,0.0,0.2,0.2,0.11075599484139464,0.08130081300813008,1.0,0.0423728813559322,1.0,0.33015407746786585,0.06315789473684211,0.6,0.03333333333333333,0.7627118644067796
OneClassSVM,normal_only,18,453,113,0.08809506899532618,0.6672566371681417,0.0423728813559322,118,5,0.0,0.2,0.4,0.1542556747867393,0.08196721311475409,1.0,0.042735042735042736,0.9915254237288136,0.2497690516604694,0.08849557522123894,1.0,0.046296296296296294,0.9152542372881356
OneClassSVM,normal_only,19,453,113,0.03414147307952618,0.29026548672566377,0.0423728813559322,118,5,0.0,0.0,0.0,0.6384129106728824,0.0,0.0,0.0,0.1694915254237288,0.3448430839587954,0.0594059405940594,0.6,0.03125,0.8135593220338984
OneClassSVM,normal_only,20,452,114,0.06662665407843667,0.5052631578947369,0.04201680672268908,119,5,0.0,0.2,0.2,0.7393880672013716,0.0,0.0,0.0,0.05042016806722689,0.3455905404384295,0.061855670103092786,0.6,0.03260869565217391,0.773109243697479
OneClassSVM,normal_only,21,453,113,0.05790295451221296,0.5221238938053098,0.0423728813559322,118,5,0.0,0.2,0.2,0.1460722166182532,0.08264462809917356,1.0,0.04310344827586207,0.9830508474576272,0.2813516527221884,0.07692307692307693,0.8,0.04040404040404041,0.8389830508474576
OneClassSVM,normal_only,22,453,113,0.04471506758003696,0.4176991150442478,0.0423728813559322,118,5,0.0,0.0,0.0,0.14063064381446205,0.08130081300813008,1.0,0.0423728813559322,1.0,0.31683674986796123,0.07017543859649122,0.8,0.03669724770642202,0.923728813559322
OneClassSVM,normal_only,23,453,113,0.10298548194469653,0.48318584070796466,0.0423728813559322,118,5,0.0,0.4,0.4,0.13805032660303426,0.08130081300813008,1.0,0.0423728813559322,1.0,0.31145249994148877,0.07476635514018691,0.8,0.0392156862745098,0.864406779661017
OneClassSVM,normal_only,24,453,113,0.03350001092566977,0.27964601769911507,0.0423728813559322,118,5,0.0,0.0,0.0,0.6341238845472292,0.0,0.0,0.0,0.288135593220339,0.2706410788214245,0.07476635514018691,0.8,0.0392156862745098,0.864406779661017
OneClassSVM,normal_only,25,452,114,0.03216478696741855,0.256140350877193,0.04201680672268908,119,5,0.0,0.0,0.0,0.5499392903590772,0.0,0.0,0.0,0.3445378151260504,0.3410776506623841,0.0594059405940594,0.6,0.03125,0.8067226890756303
OneClassSVM,normal_only,26,453,113,0.035964816689701924,0.32212389380530976,0.0423728813559322,118,5,0.0,0.0,0.0,0.6885635212375328,0.0,0.0,0.0,0.1271186440677966,0.2989150243716342,0.0784313725490196,0.8,0.041237113402061855,0.8220338983050848
OneClassSVM,normal_only,27,453,113,0.043507131419801864,0.4283185840707965,0.0423728813559322,118,5,0.0,0.0,0.0,0.49618067743776134,0.06451612903225806,0.4,0.03508771929824561,0.4830508474576271,0.2574886472863491,0.09009009009009009,1.0,0.04716981132075472,0.8983050847457628
OneClassSVM,normal_only,28,453,113,0.11832399604217134,0.6778761061946903,0.0423728813559322,118,5,0.0,0.4,0.4,0.159890936748568,0.08130081300813008,1.0,0.0423728813559322,1.0,0.23119588316764092,0.0847457627118644,1.0,0.04424778761061947,0.9576271186440678
OneClassSVM,normal_only,29,453,113,0.0691615089890952,0.48318584070796455,0.0423728813559322,118,5,0.0,0.0,0.4,0.1825311539073422,0.05,0.6,0.02608695652173913,0.9745762711864406,0.3245719792151541,0.06,0.6,0.031578947368421054,0.8050847457627118
OneClassSVM,normal_only,30,452,114,0.0665946975220178,0.5350877192982456,0.04201680672268908,119,5,0.0,0.2,0.2,0.15873682023519017,0.08064516129032258,1.0,0.04201680672268908,1.0,0.2603203848826395,0.08333333333333333,1.0,0.043478260869565216,0.9663865546218487
OneClassSVM,normal_only,31,453,113,0.07468102778447605,0.5681415929203539,0.0423728813559322,118,5,0.0,0.0,0.4,0.1445705652497868,0.08130081300813008,1.0,0.0423728813559322,1.0,0.25614406552955465,0.08771929824561403,1.0,0.045871559633027525,0.923728813559322
OneClassSVM,normal_only,32,453,113,0.05109269415770964,0.45309734513274336,0.0423728813559322,118,5,0.0,0.0,0.2,0.7164825772470561,0.0,0.0,0.0,0.0847457627118644,0.3018835272358364,0.07476635514018691,0.8,0.0392156862745098,0.864406779661017
OneClassSVM,normal_only,33,453,113,0.04655904467049978,0.41238938053097346,0.0423728813559322,118,5,0.0,0.0,0.2,0.677143409408894,0.08,0.2,0.05,0.1694915254237288,0.28415761968395736,0.07476635514018691,0.8,0.0392156862745098,0.864406779661017
OneClassSVM,normal_only,34,453,113,0.029054254990400045,0.16637168141592917,0.0423728813559322,118,5,0.0,0.0,0.0,0.5583782278393953,0.0,0.0,0.0,0.3050847457627119,0.3529895718767328,0.04081632653061224,0.4,0.021505376344086023,0.788135593220339
OneClassSVM,normal_only,35,452,114,0.07719835249496267,0.5,0.04201680672268908,119,5,0.0,0.2,0.4,0.3192218768837588,0.057692307692307696,0.6,0.030303030303030304,0.8319327731092437,0.34403079315379936,0.0594059405940594,0.6,0.03125,0.8067226890756303
OneClassSVM,normal_only,36,453,113,0.06248374346551065,0.5380530973451327,0.0423728813559322,118,5,0.0,0.2,0.2,0.15748343876361123,0.08196721311475409,1.0,0.042735042735042736,0.9915254237288136,0.2571803418045637,0.09009009009009009,1.0,0.04716981132075472,0.8983050847457628
OneClassSVM,normal_only,37,453,113,0.07430931052697333,0.5663716814159292,0.0423728813559322,118,5,0.0,0.2,0.4,0.16668661239810117,0.06611570247933884,0.8,0.034482758620689655,0.9830508474576272,0.321547738619306,0.07920792079207921,0.8,0.041666666666666664,0.8135593220338984
OneClassSVM,normal_only,38,453,113,0.028580389546050872,0.1415929203539823,0.0423728813559322,118,5,0.0,0.0,0.0,0.7012264800919259,0.0,0.0,0.0,0.1271186440677966,0.3370500225676905,0.04081632653061224,0.4,0.021505376344086023,0.788135593220339
OneClassSVM,normal_only,39,453,113,0.04752094906317673,0.4743362831858407,0.0423728813559322,118,5,0.0,0.0,0.0,0.6545674871892514,0.0,0.0,0.0,0.11864406779661017,0.2791664256331531,0.09009009009009009,1.0,0.04716981132075472,0.8983050847457628
OneClassSVM,normal_only,40,452,114,0.061039860449373845,0.48070175438596485,0.04201680672268908,119,5,0.0,0.2,0.2,0.7048306633791495,0.08695652173913043,0.2,0.05555555555555555,0.15126050420168066,0.27858688518315505,0.07339449541284404,0.8,0.038461538461538464,0.8739495798319328
OneClassSVM,normal_only,41,453,113,0.06051976595689494,0.41592920353982304,0.0423728813559322,118,5,0.0,0.0,0.4,0.142318448615855,0.08130081300813008,1.0,0.0423728813559322,1.0,0.31487739857927177,0.061224489795918366,0.6,0.03225806451612903,0.788135593220339
OneClassSVM,normal_only,42,453,113,0.052073805025441164,0.49911504424778763,0.0423728813559322,118,5,0.0,0.0,0.2,0.762723069000187,0.0,0.0,0.0,0.06779661016949153,0.2845106695500075,0.07476635514018691,0.8,0.0392156862745098,0.864406779661017
OneClassSVM,normal_only,43,453,113,0.035872449213880685,0.3309734513274336,0.0423728813559322,118,5,0.0,0.0,0.0,0.7150330339673419,0.0,0.0,0.0,0.1271186440677966,0.3291463042187888,0.07692307692307693,0.8,0.04040404040404041,0.8389830508474576
OneClassSVM,normal_only,44,453,113,0.05737816764132554,0.46017699115044247,0.0423728813559322,118,5,0.0,0.2,0.2,0.6793251633088928,0.06451612903225806,0.2,0.038461538461538464,0.22033898305084745,0.25780466328689783,0.08403361344537816,1.0,0.043859649122807015,0.9661016949152542
OneClassSVM,normal_only,45,452,114,0.03612515578712235,0.2578947368421053,0.04201680672268908,119,5,0.0,0.0,0.2,0.6992956697023608,0.08,0.2,0.05,0.16806722689075632,0.33404966689053245,0.0380952380952381,0.4,0.02,0.8403361344537815
OneClassSVM,normal_only,46,453,113,0.05828162436725129,0.4867256637168142,0.0423728813559322,118,5,0.0,0.2,0.2,0.7576806128516561,0.0,0.0,0.0,0.03389830508474576,0.303469849901541,0.08602150537634409,0.8,0.045454545454545456,0.7457627118644068
OneClassSVM,normal_only,47,453,113,0.13128668445306815,0.6283185840707964,0.0423728813559322,118,5,0.2,0.4,0.4,0.15436007767097182,0.08264462809917356,1.0,0.04310344827586207,0.9830508474576272,0.24200815754816096,0.08928571428571429,1.0,0.04672897196261682,0.9067796610169492
OneClassSVM,normal_only,48,453,113,0.04006044183602728,0.39823008849557523,0.0423728813559322,118,5,0.0,0.0,0.0,0.6977376152352517,0.0,0.0,0.0,0.17796610169491525,0.2549416885397715,0.08771929824561403,1.0,0.045871559633027525,0.923728813559322
OneClassSVM,normal_only,49,453,113,0.04516033160262918,0.3592920353982302,0.0423728813559322,118,5,0.0,0.0,0.2,0.7021332144842556,0.09090909090909091,0.2,0.058823529411764705,0.1440677966101695,0.31072355253714856,0.05660377358490566,0.6,0.0297029702970297,0.8559322033898306
LOF,normal_only,0,452,114,0.04323927994922949,0.39824561403508774,0.04201680672268908,119,5,0.0,0.0,0.0,0.5879355655418954,0.06451612903225806,0.4,0.03508771929824561,0.4789915966386555,0.3763888708494938,0.07142857142857142,0.8,0.037383177570093455,0.8991596638655462
LOF,normal_only,1,453,113,0.05310639382928539,0.5469026548672566,0.0423728813559322,118,5,0.0,0.0,0.0,0.26877298254461135,0.08130081300813008,1.0,0.0423728813559322,1.0,0.3564723665479989,0.08928571428571429,1.0,0.04672897196261682,0.9067796610169492
LOF,normal_only,2,453,113,0.03392028458498068,0.2831858407079646,0.0423728813559322,118,5,0.0,0.0,0.0,0.5362780583753746,0.03278688524590164,0.2,0.017857142857142856,0.4745762711864407,0.41715230720853874,0.043478260869565216,0.4,0.022988505747126436,0.7372881355932204
LOF,normal_only,3,453,113,0.06501438428925532,0.4407079646017699,0.0423728813559322,118,5,0.0,0.2,0.2,0.36937730640444105,0.058823529411764705,0.6,0.030927835051546393,0.8220338983050848,0.39949751365715996,0.06451612903225806,0.6,0.03409090909090909,0.7457627118644068
LOF,normal_only,4,453,113,0.04985014788641503,0.5168141592920354,0.0423728813559322,118,5,0.0,0.0,0.0,0.2887984280785148,0.08196721311475409,1.0,0.042735042735042736,0.9915254237288136,0.3531313294016598,0.08928571428571429,1.0,0.04672897196261682,0.9067796610169492
LOF,normal_only,5,452,114,0.03212023942481,0.2175438596491228,0.04201680672268908,119,5,0.0,0.0,0.0,0.3524113194696178,0.06722689075630252,0.8,0.03508771929824561,0.957983193277311,0.4044595042905364,0.038461538461538464,0.4,0.020202020202020204,0.8319327731092437
LOF,normal_only,6,453,113,0.058722624015734484,0.5486725663716814,0.0423728813559322,118,5,0.0,0.0,0.2,0.6810131190574,0.07407407407407407,0.2,0.045454545454545456,0.1864406779661017,0.37456531764634726,0.08928571428571429,1.0,0.04672897196261682,0.9067796610169492
LOF,normal_only,7,453,113,0.0639571011159853,0.48849557522123893,0.0423728813559322,118,5,0.0,0.2,0.2,0.4257997727001224,0.06976744186046512,0.6,0.037037037037037035,0.6864406779661016,0.3985235465182706,0.09433962264150944,1.0,0.04950495049504951,0.8559322033898306
LOF,normal_only,8,453,113,0.04133189662287033,0.384070796460177,0.0423728813559322,118,5,0.0,0.0,0.0,0.31729192741074475,0.06779661016949153,0.8,0.035398230088495575,0.9576271186440678,0.36946585013511646,0.05825242718446602,0.6,0.030612244897959183,0.8305084745762712
LOF,normal_only,9,453,113,0.052234625140756816,0.5451327433628319,0.0423728813559322,118,5,0.0,0.0,0.0,0.26882456657526943,0.08196721311475409,1.0,0.042735042735042736,0.9915254237288136,0.3605852411342769,0.09174311926605505,1.0,0.04807692307692308,0.8813559322033898
LOF,normal_only,10,452,114,0.041099128239303465,0.37192982456140355,0.04201680672268908,119,5,0.0,0.0,0.2,0.35505061116775477,0.06779661016949153,0.8,0.035398230088495575,0.9495798319327731,0.37005431265339866,0.06956521739130435,0.8,0.03636363636363636,0.9243697478991597
LOF,normal_only,11,453,113,0.04011459060021187,0.3876106194690266,0.0423728813559322,118,5,0.0,0.0,0.0,0.29539657900736305,0.08130081300813008,1.0,0.0423728813559322,1.0,0.3878335741256775,0.0761904761904762,0.8,0.04,0.847457627118644
LOF,normal_only,12,453,113,0.040467371352447254,0.4,0.0423728813559322,118,5,0.0,0.0,0.0,0.2841360162041615,0.08130081300813008,1.0,0.0423728813559322,1.0,0.3639286375123876,0.09259259259259259,1.0,0.04854368932038835,0.8728813559322034
LOF,normal_only,13,453,113,0.0924066924066924,0.6920353982300885,0.0423728813559322,118,5,0.0,0.2,0.4,0.23664281198499312,0.08130081300813008,1.0,0.0423728813559322,1.0,0.3685718914264803,0.1,1.0,0.05263157894736842,0.8050847457627118
LOF,normal_only,14,453,113,0.03411032259789658,0.2778761061946902,0.0423728813559322,118,5,0.0,0.0,0.0,0.4970467289942073,0.05263157894736842,0.4,0.028169014084507043,0.6016949152542372,0.3836970019457172,0.05357142857142857,0.6,0.028037383177570093,0.9067796610169492
LOF,normal_only,15,452,114,0.03549645267943243,0.29649122807017547,0.04201680672268908,119,5,0.0,0.0,0.0,0.43924255753268365,0.043478260869565216,0.4,0.022988505747126436,0.7310924369747899,0.40798344500821304,0.057692307692307696,0.6,0.030303030303030304,0.8319327731092437
LOF,normal_only,16,453,113,0.043304264041968965,0.4407079646017699,0.0423728813559322,118,5,0.0,0.0,0.0,0.5321368171413973,0.07692307692307693,0.4,0.0425531914893617,0.3983050847457627,0.3300735612310735,0.0847457627118644,1.0,0.04424778761061947,0.9576271186440678
LOF,normal_only,17,453,113,0.04560131626954297,0.4743362831858407,0.0423728813559322,118,5,0.0,0.0,0.0,0.6211782730041264,0.04081632653061224,0.2,0.022727272727272728,0.3728813559322034,0.3763343326653823,0.09433962264150944,1.0,0.04950495049504951,0.8559322033898306
LOF,normal_only,18,453,113,0.08509850470904759,0.679646017699115,0.0423728813559322,118,5,0.0,0.2,0.2,0.2540056394003744,0.08130081300813008,1.0,0.0423728813559322,1.0,0.36230815164300845,0.08771929824561403,1.0,0.045871559633027525,0.923728813559322
LOF,normal_only,19,453,113,0.03227818467106813,0.2336283185840708,0.0423728813559322,118,5,0.0,0.0,0.0,0.6169089237433117,0.0,0.0,0.0,0.2796610169491525,0.4039961400475488,0.04,0.4,0.021052631578947368,0.8050847457627118
LOF,normal_only,20,452,114,0.04657810855739755,0.4017543859649123,0.04201680672268908,119,5,0.0,0.0,0.2,0.35000146178602043,0.07476635514018691,0.8,0.0392156862745098,0.8571428571428571,0.3597450440200875,0.07766990291262135,0.8,0.04081632653061224,0.8235294117647058
LOF,normal_only,21,453,113,0.044803999668697046,0.38584070796460174,0.0423728813559322,118,5,0.0,0.0,0.2,0.2493255977711413,0.08130081300813008,1.0,0.0423728813559322,1.0,0.3612174666546193,0.07407407407407407,0.8,0.038834951456310676,0.8728813559322034
LOF,normal_only,22,453,113,0.03944870513676642,0.3734513274336283,0.0423728813559322,118,5,0.0,0.0,0.0,0.27589204044796883,0.08130081300813008,1.0,0.0423728813559322,1.0,0.3719503777961223,0.07017543859649122,0.8,0.03669724770642202,0.923728813559322
LOF,normal_only,23,453,113,0.07812518853695324,0.504424778761062,0.0423728813559322,118,5,0.2,0.2,0.2,0.26076725147717045,0.08130081300813008,1.0,0.0423728813559322,1.0,0.3805425394137941,0.09009009009009009,1.0,0.04716981132075472,0.8983050847457628
LOF,normal_only,24,453,113,0.039958476601144335,0.3858407079646018,0.0423728813559322,118,5,0.0,0.0,0.0,0.6097623293308206,0.04,0.2,0.022222222222222223,0.3813559322033898,0.39700802967645027,0.0761904761904762,0.8,0.04,0.847457627118644
LOF,normal_only,25,452,114,0.03389350492012322,0.2842105263157895,0.04201680672268908,119,5,0.0,0.0,0.0,0.4760978899138739,0.0273972602739726,0.2,0.014705882352941176,0.5714285714285714,0.367075008202148,0.06956521739130435,0.8,0.03636363636363636,0.9243697478991597
LOF,normal_only,26,453,113,0.03555796011641324,0.32035398230088497,0.0423728813559322,118,5,0.0,0.0,0.0,0.5516003882453396,0.031746031746031744,0.2,0.017241379310344827,0.4915254237288136,0.37990441382353335,0.0761904761904762,0.8,0.04,0.847457627118644
LOF,normal_only,27,453,113,0.04295511635134277,0.4212389380530973,0.0423728813559322,118,5,0.0,0.0,0.0,0.2667490380474826,0.08130081300813008,1.0,0.0423728813559322,1.0,0.3681407668990257,0.07547169811320754,0.8,0.039603960396039604,0.8559322033898306
LOF,normal_only,28,453,113,0.07587662173759402,0.6530973451327433,0.0423728813559322,118,5,0.0,0.0,0.4,0.2826986613509204,0.08130081300813008,1.0,0.0423728813559322,1.0,0.394504606206192,0.09259259259259259,1.0,0.04854368932038835,0.8728813559322034
LOF,normal_only,29,453,113,0.05160559661959809,0.44955752212389377,0.0423728813559322,118,5,0.0,0.0,0.0,0.307401317419089,0.06722689075630252,0.8,0.03508771929824561,0.9661016949152542,0.3620106014888152,0.05555555555555555,0.6,0.02912621359223301,0.8728813559322034
LOF,normal_only,30,452,114,0.05406385710509422,0.4789473684210527,0.04201680672268908,119,5,0.0,0.2,0.2,0.28926447952143586,0.08064516129032258,1.0,0.04201680672268908,1.0,0.348986959537333,0.08196721311475409,1.0,0.042735042735042736,0.9831932773109243
LOF,normal_only,31,453,113,0.06602997879313668,0.6371681415929203,0.0423728813559322,118,5,0.0,0.0,0.2,0.29822497862782105,0.08196721311475409,1.0,0.042735042735042736,0.9915254237288136,0.36844092031204106,0.09009009009009009,1.0,0.04716981132075472,0.8983050847457628
LOF,normal_only,32,453,113,0.051788750373732755,0.49203539823008857,0.0423728813559322,118,5,0.0,0.0,0.2,0.753552841724206,0.09090909090909091,0.2,0.058823529411764705,0.1440677966101695,0.3407322299671953,0.08547008547008547,1.0,0.044642857142857144,0.9491525423728814
LOF,normal_only,33,453,113,0.034117789250756744,0.2902654867256637,0.0423728813559322,118,5,0.0,0.0,0.0,0.4930978435240395,0.03389830508474576,0.2,0.018518518518518517,0.4576271186440678,0.41078507738010567,0.047058823529411764,0.4,0.025,0.6779661016949152
LOF,normal_only,34,453,113,0.031328031812695084,0.2212389380530974,0.0423728813559322,118,5,0.0,0.0,0.0,0.5731999454641603,0.03773584905660377,0.2,0.020833333333333332,0.4067796610169492,0.3671458432758424,0.03773584905660377,0.4,0.019801980198019802,0.8559322033898306
LOF,normal_only,35,452,114,0.04711665910526362,0.45438596491228067,0.04201680672268908,119,5,0.0,0.0,0.2,0.4389615578054876,0.06818181818181818,0.6,0.03614457831325301,0.6974789915966386,0.4004003481755342,0.05825242718446602,0.6,0.030612244897959183,0.8235294117647058
LOF,normal_only,36,453,113,0.03899268540740328,0.3823008849557522,0.0423728813559322,118,5,0.0,0.0,0.0,0.5908948227383266,0.038461538461538464,0.2,0.02127659574468085,0.3983050847457627,0.3701306382461102,0.07339449541284404,0.8,0.038461538461538464,0.8813559322033898
LOF,normal_only,37,453,113,0.06150912342338065,0.5469026548672566,0.0423728813559322,118,5,0.0,0.0,0.2,0.29500750311904644,0.06611570247933884,0.8,0.034482758620689655,0.9830508474576272,0.3537836889730684,0.07272727272727272,0.8,0.0380952380952381,0.8898305084745762
LOF,normal_only,38,453,113,0.031758992866149346,0.23539823008849559,0.0423728813559322,118,5,0.0,0.0,0.0,0.652783698487287,0.0,0.0,0.0,0.22033898305084745,0.37817814897595425,0.057692307692307696,0.6,0.030303030303030304,0.8389830508474576
LOF,normal_only,39,453,113,0.06371945927658385,0.6088495575221239,0.0423728813559322,118,5,0.0,0.0,0.2,0.2755430256836614,0.08130081300813008,1.0,0.0423728813559322,1.0,0.35118301689849735,0.08547008547008547,1.0,0.044642857142857144,0.9491525423728814
LOF,normal_only,40,452,114,0.0792708077383,0.6017543859649123,0.04201680672268908,119,5,0.0,0.2,0.4,0.3172191843530792,0.06611570247933884,0.8,0.034482758620689655,0.9747899159663865,0.33872537802257907,0.06666666666666667,0.8,0.034782608695652174,0.9663865546218487
LOF,normal_only,41,453,113,0.042610235662867244,0.41061946902654867,0.0423728813559322,118,5,0.0,0.0,0.0,0.530582409847037,0.0784313725490196,0.4,0.043478260869565216,0.3898305084745763,0.3834511497842324,0.0594059405940594,0.6,0.03125,0.8135593220338984
LOF,normal_only,42,453,113,0.0491567044508221,0.4672566371681416,0.0423728813559322,118,5,0.0,0.0,0.2,0.25306331311604363,0.08130081300813008,1.0,0.0423728813559322,1.0,0.3550462244687384,0.07079646017699115,0.8,0.037037037037037035,0.9152542372881356
LOF,normal_only,43,453,113,0.03150559929240737,0.23362831858407082,0.0423728813559322,118,5,0.0,0.0,0.0,0.4959805803637066,0.02531645569620253,0.2,0.013513513513513514,0.6271186440677966,0.38727848417387506,0.05714285714285714,0.6,0.03,0.847457627118644
LOF,normal_only,44,453,113,0.048060388685388686,0.4247787610619469,0.0423728813559322,118,5,0.0,0.0,0.2,0.39853948689776,0.0761904761904762,0.8,0.04,0.847457627118644,0.41491694989145567,0.08,0.8,0.042105263157894736,0.8050847457627118
LOF,normal_only,45,452,114,0.03238019532137179,0.2491228070175439,0.04201680672268908,119,5,0.0,0.0,0.0,0.5856137745656801,0.03389830508474576,0.2,0.018518518518518517,0.453781512605042,0.37229253614181584,0.05454545454545454,0.6,0.02857142857142857,0.8823529411764706
LOF,normal_only,46,453,113,0.04262632573394168,0.4389380530973451,0.0423728813559322,118,5,0.0,0.0,0.0,0.6423208829665672,0.0,0.0,0.0,0.2711864406779661,0.4071976570615763,0.08888888888888889,0.8,0.047058823529411764,0.7203389830508474
LOF,normal_only,47,453,113,0.08028345470205935,0.6867256637168142,0.0423728813559322,118,5,0.0,0.2,0.4,0.2710543745361015,0.08130081300813008,1.0,0.0423728813559322,1.0,0.3654350874803008,0.09259259259259259,1.0,0.04854368932038835,0.8728813559322034
LOF,normal_only,48,453,113,0.03941854982462193,0.384070796460177,0.0423728813559322,118,5,0.0,0.0,0.0,0.24863320425338029,0.08130081300813008,1.0,0.0423728813559322,1.0,0.3536208906576426,0.08403361344537816,1.0,0.043859649122807015,0.9661016949152542
LOF,normal_only,49,453,113,0.05387345992916767,0.4194690265486726,0.0423728813559322,118,5,0.0,0.2,0.2,0.29921724992250015,0.08130081300813008,1.0,0.0423728813559322,1.0,0.36447997215463224,0.06837606837606838,0.8,0.03571428571428571,0.9491525423728814
