algo,imbalance,fold,selected,prauc,roc_auc,prevalence,n_test,n_pos_test,recall_at_5,recall_at_10,recall_at_20,thr_F1max,f1_F1max,recall_F1max,precision_F1max,flag_rate_F1max,thr_Recall80,f1_Recall80,recall_Recall80,precision_Recall80,flag_rate_Recall80
NestedSearch(best-of-candidates),class_weight,0,LogReg L1 C=0.05 [S0],0.06834224598930481,0.65,0.04201680672268908,119,5,0.0,0.0,0.2,0.5491089169049982,0.06451612903225806,0.2,0.038461538461538464,0.2184873949579832,0.4706845768311857,0.1282051282051282,1.0,0.0684931506849315,0.6134453781512605
NestedSearch(best-of-candidates),class_weight,1,HGB d=3 lr=.05 it=200 [S0],0.03981924422192977,0.23893805309734514,0.0423728813559322,118,5,0.0,0.0,0.2,0.5470868803726207,0.0,0.0,0.0,0.06779661016949153,0.008553676624705126,0.021052631578947368,0.2,0.011111111111111112,0.7627118644067796
NestedSearch(best-of-candidates),class_weight,2,LogReg L1 C=0.05 [S0],0.03568387636293886,0.35132743362831864,0.0423728813559322,118,5,0.0,0.0,0.0,0.5806672348527031,0.0,0.0,0.0,0.2711864406779661,0.4415110236769815,0.07317073170731707,0.6,0.03896103896103896,0.652542372881356
NestedSearch(best-of-candidates),class_weight,3,SVM RBF [S0],0.04379251726029887,0.3858407079646018,0.0423728813559322,118,5,0.0,0.0,0.2,0.0547605625428375,0.0,0.0,0.0,0.0,0.040078227933493527,0.07547169811320754,0.8,0.039603960396039604,0.8559322033898306
NestedSearch(best-of-candidates),class_weight,4,HGB d=3 lr=.05 it=200 [S0],0.04220089334870428,0.4336283185840708,0.0423728813559322,118,5,0.0,0.0,0.0,0.040989288286055345,0.03333333333333333,0.2,0.01818181818181818,0.4661016949152542,0.0037498944626591503,0.09174311926605505,1.0,0.04807692307692308,0.8813559322033898
NestedSearch(best-of-candidates),class_weight,5,SVM RBF [S0],0.03643994349876703,0.3087719298245615,0.04201680672268908,119,5,0.0,0.0,0.0,0.05834086679537005,0.0,0.0,0.0,0.01680672268907563,0.04263714388783132,0.0547945205479452,0.4,0.029411764705882353,0.5714285714285714
NestedSearch(best-of-candidates),class_weight,6,HGB d=3 lr=.05 it=200 [S0],0.06073016593207156,0.5203539823008849,0.0423728813559322,118,5,0.0,0.0,0.4,0.08403543089578835,0.09302325581395349,0.4,0.05263157894736842,0.3220338983050847,0.017243709045606306,0.075,0.6,0.04,0.635593220338983
NestedSearch(best-of-candidates),class_weight,7,HGB d=3 lr=.05 it=200 [S0],0.053615593267492,0.536283185840708,0.0423728813559322,118,5,0.0,0.0,0.0,0.022438871054598585,0.075,0.6,0.04,0.635593220338983,0.004076892401967083,0.09259259259259259,1.0,0.04854368932038835,0.8728813559322034
NestedSearch(best-of-candidates),class_weight,8,SVM RBF [S0],0.03572405055871429,0.3256637168141593,0.0423728813559322,118,5,0.0,0.0,0.0,0.07845388777256146,0.0,0.0,0.0,0.0,0.03513183819846273,0.07272727272727272,0.8,0.0380952380952381,0.8898305084745762
NestedSearch(best-of-candidates),class_weight,9,RF leaf=20 [S0],0.05451063510522564,0.5451327433628319,0.0423728813559322,118,5,0.0,0.0,0.2,0.5199064913773404,0.0,0.0,0.0,0.07627118644067797,0.3237261888442874,0.10101010101010101,1.0,0.05319148936170213,0.7966101694915254
NestedSearch(best-of-candidates),class_weight,10,kNN k=15 [S0],0.055621976063152535,0.5640350877192983,0.04201680672268908,119,5,0.0,0.0,0.2,0.05918925508978012,0.11764705882352941,0.8,0.06349206349206349,0.5294117647058824,0.0,0.08064516129032258,1.0,0.04201680672268908,1.0
NestedSearch(best-of-candidates),class_weight,11,RF 균형배깅 (subsample 30%) [S0],0.08220516124069766,0.5451327433628319,0.0423728813559322,118,5,0.0,0.2,0.4,0.16905254861069996,0.0,0.0,0.0,0.025423728813559324,0.052089842497675475,0.09433962264150944,1.0,0.04950495049504951,0.8559322033898306
NestedSearch(best-of-candidates),class_weight,12,HGB d=2 강한 규제 [S0],0.043643654363294544,0.4371681415929204,0.0423728813559322,118,5,0.0,0.0,0.0,0.31163778782751583,0.06666666666666667,0.4,0.03636363636363636,0.4661016949152542,0.11781705701147009,0.07547169811320754,0.8,0.039603960396039604,0.8559322033898306
NestedSearch(best-of-candidates),class_weight,13,HGB d=2 강한 규제 [S0],0.029841940976767817,0.18761061946902655,0.0423728813559322,118,5,0.0,0.0,0.0,0.6751589503283837,0.0,0.0,0.0,0.03389830508474576,0.12695522836479053,0.021052631578947368,0.2,0.011111111111111112,0.7627118644067796
NestedSearch(best-of-candidates),class_weight,14,RF leaf=5 [S2],0.0351940464532963,0.3150442477876106,0.0423728813559322,118,5,0.0,0.0,0.0,0.4827791645462283,0.0,0.0,0.0,0.01694915254237288,0.060828797227597535,0.0847457627118644,1.0,0.04424778761061947,0.9576271186440678
NestedSearch(best-of-candidates),class_weight,15,HGB d=3 lr=.05 it=200 [S0],0.1061488677160319,0.6824561403508771,0.04201680672268908,119,5,0.0,0.4,0.4,0.5937503559800795,0.0,0.0,0.0,0.01680672268907563,0.002260669876726731,0.0847457627118644,1.0,0.04424778761061947,0.9495798319327731
NestedSearch(best-of-candidates),class_weight,16,HGB d=3 lr=.05 it=200 [S0],0.04277131391909011,0.40884955752212393,0.0423728813559322,118,5,0.0,0.0,0.2,0.5258155847253198,0.0,0.0,0.0,0.0423728813559322,0.0031433579105317835,0.08695652173913043,1.0,0.045454545454545456,0.9322033898305084
NestedSearch(best-of-candidates),class_weight,17,HGB d=3 lr=.05 it=200 [S0],0.08836757182355405,0.4938053097345133,0.0423728813559322,118,5,0.2,0.2,0.4,0.043416033673921335,0.06779661016949153,0.4,0.037037037037037035,0.4576271186440678,0.007954527120331671,0.061224489795918366,0.6,0.03225806451612903,0.788135593220339
NestedSearch(best-of-candidates),class_weight,18,HGB d=2 lr=.05 it=100 [S0],0.03889789782174977,0.3769911504424779,0.0423728813559322,118,5,0.0,0.0,0.0,0.8015025385622865,0.0,0.0,0.0,0.0,0.043656781746305454,0.08547008547008547,1.0,0.044642857142857144,0.9491525423728814
NestedSearch(best-of-candidates),class_weight,19,kNN k=15 [S0],0.05118130457113508,0.46194690265486726,0.0423728813559322,118,5,0.0,0.0,0.4,0.1586672493782634,0.0,0.0,0.0,0.0,0.0,0.08130081300813008,1.0,0.0423728813559322,1.0
NestedSearch(best-of-candidates),class_weight,20,RF leaf=20 [S0],0.043486800453207415,0.4280701754385965,0.04201680672268908,119,5,0.0,0.0,0.0,0.624321771473548,0.0,0.0,0.0,0.01680672268907563,0.2082752390181012,0.08333333333333333,1.0,0.043478260869565216,0.9663865546218487
NestedSearch(best-of-candidates),class_weight,21,SVM RBF [S0],0.03705704195715273,0.3415929203539823,0.0423728813559322,118,5,0.0,0.0,0.0,0.07057767043302013,0.0,0.0,0.0,0.0,0.038991846077054214,0.061855670103092786,0.6,0.03260869565217391,0.7796610169491526
NestedSearch(best-of-candidates),class_weight,22,SVM RBF [S0],0.04733856662036821,0.45486725663716815,0.0423728813559322,118,5,0.0,0.0,0.2,0.05522496290673853,0.08,0.2,0.05,0.1694915254237288,0.04067946843163136,0.0821917808219178,0.6,0.04411764705882353,0.576271186440678
NestedSearch(best-of-candidates),class_weight,23,HGB d=3 lr=.05 it=200 [S0],0.03917366946778711,0.38053097345132747,0.0423728813559322,118,5,0.0,0.0,0.0,0.08525406084094153,0.038461538461538464,0.2,0.02127659574468085,0.3983050847457627,0.011235482010959466,0.08888888888888889,0.8,0.047058823529411764,0.7203389830508474
NestedSearch(best-of-candidates),class_weight,24,RF leaf=20 [S0],0.05929656428222616,0.5628318584070797,0.0423728813559322,118,5,0.0,0.0,0.2,0.6121838982575827,0.0,0.0,0.0,0.0,0.3055384110464944,0.08849557522123894,1.0,0.046296296296296294,0.9152542372881356
NestedSearch(best-of-candidates),class_weight,25,HGB d=3 lr=.05 it=200 [S0],0.046939978282997424,0.4807017543859649,0.04201680672268908,119,5,0.0,0.0,0.0,0.21522916264579972,0.0,0.0,0.0,0.13445378151260504,0.0045497400229332395,0.09345794392523364,1.0,0.049019607843137254,0.8571428571428571
NestedSearch(best-of-candidates),class_weight,26,SVM RBF [S0],0.04259980357806445,0.35575221238938054,0.0423728813559322,118,5,0.0,0.0,0.2,0.06482682484764701,0.0,0.0,0.0,0.0,0.04040518705273318,0.08130081300813008,1.0,0.0423728813559322,1.0
NestedSearch(best-of-candidates),class_weight,27,HGB d=3 lr=.05 it=200 [S0],0.06776696095348482,0.5964601769911504,0.0423728813559322,118,5,0.0,0.2,0.2,0.2672220760997017,0.1,0.2,0.06666666666666667,0.1271186440677966,0.0012408726375050059,0.08264462809917356,1.0,0.04310344827586207,0.9830508474576272
NestedSearch(best-of-candidates),class_weight,28,RF leaf=1 [S0],0.07431704936559307,0.3973451327433628,0.0423728813559322,118,5,0.2,0.2,0.2,0.335,0.0,0.0,0.0,0.03389830508474576,0.045,0.04081632653061224,0.4,0.021505376344086023,0.788135593220339
NestedSearch(best-of-candidates),class_weight,29,RF leaf=1 [S0],0.08577338006943529,0.5495575221238939,0.0423728813559322,118,5,0.0,0.2,0.4,0.105,0.16216216216216217,0.6,0.09375,0.2711864406779661,0.02,0.07207207207207207,0.8,0.03773584905660377,0.8983050847457628
NestedSearch(best-of-candidates),class_weight,30,HGB d=3 lr=.05 it=200 [S0],0.07874299185755682,0.5964912280701754,0.04201680672268908,119,5,0.0,0.2,0.2,0.22930346456563291,0.09523809523809523,0.2,0.0625,0.13445378151260504,0.004398554441279004,0.08928571428571429,1.0,0.04672897196261682,0.8991596638655462
NestedSearch(best-of-candidates),class_weight,31,HGB d=2 강한 규제 [S0],0.04433105051322214,0.431858407079646,0.0423728813559322,118,5,0.0,0.0,0.0,0.4503897977090241,0.046511627906976744,0.2,0.02631578947368421,0.3220338983050847,0.09215284796025038,0.07142857142857142,0.8,0.037383177570093455,0.9067796610169492
NestedSearch(best-of-candidates),class_weight,32,HGB d=3 lr=.05 it=200 [S0],0.04540403008931336,0.39292035398230096,0.0423728813559322,118,5,0.0,0.0,0.2,0.025290576092851028,0.05063291139240506,0.4,0.02702702702702703,0.6271186440677966,0.010621015034779956,0.0625,0.6,0.03296703296703297,0.7711864406779662
NestedSearch(best-of-candidates),class_weight,33,RF leaf=1 [S0],0.05236651592527053,0.4132743362831858,0.0423728813559322,118,5,0.0,0.2,0.2,0.295,0.0,0.0,0.0,0.0423728813559322,0.035,0.06060606060606061,0.6,0.031914893617021274,0.7966101694915254
NestedSearch(best-of-candidates),class_weight,34,SVM RBF [S0],0.03344511803626582,0.2743362831858407,0.0423728813559322,118,5,0.0,0.0,0.0,0.08236752763433872,0.0,0.0,0.0,0.0,0.033878483901407165,0.043478260869565216,0.4,0.022988505747126436,0.7372881355932204
NestedSearch(best-of-candidates),class_weight,35,RF leaf=1 [S0],0.11235940530058178,0.5885964912280702,0.04201680672268908,119,5,0.2,0.4,0.4,0.29,0.0,0.0,0.0,0.025210084033613446,0.025,0.07339449541284404,0.8,0.038461538461538464,0.8739495798319328
NestedSearch(best-of-candidates),class_weight,36,RF 균형배깅 (subsample 30%) [S0],0.03627030657956774,0.32389380530973455,0.0423728813559322,118,5,0.0,0.0,0.0,0.1861413913040062,0.0,0.0,0.0,0.05084745762711865,0.041227337579890506,0.05714285714285714,0.6,0.03,0.847457627118644
NestedSearch(best-of-candidates),class_weight,37,HGB d=3 lr=.05 it=200 [S0],0.052154389272899414,0.2991150442477876,0.0423728813559322,118,5,0.0,0.2,0.2,0.03364943081044878,0.05263157894736842,0.4,0.028169014084507043,0.6016949152542372,0.007140136466076267,0.056074766355140186,0.6,0.029411764705882353,0.864406779661017
NestedSearch(best-of-candidates),class_weight,38,HGB d=3 lr=.05 it=200 [S0],0.29971988795518206,0.7221238938053097,0.0423728813559322,118,5,0.4,0.4,0.6,0.8602722731861595,0.0,0.0,0.0,0.0,0.0024325472515400446,0.09009009009009009,1.0,0.04716981132075472,0.8983050847457628
NestedSearch(best-of-candidates),class_weight,39,ExtraTrees leaf=5 [S0],0.07196749404858832,0.6212389380530974,0.0423728813559322,118,5,0.0,0.0,0.4,0.19221287061081674,0.08823529411764706,0.6,0.047619047619047616,0.5338983050847458,0.15536942689765723,0.09302325581395349,0.8,0.04938271604938271,0.6864406779661016
NestedSearch(best-of-candidates),class_weight,40,HGB d=3 lr=.05 it=200 [S0],0.1626305038069744,0.6456140350877193,0.04201680672268908,119,5,0.2,0.2,0.2,0.4196852107420827,0.125,0.2,0.09090909090909091,0.09243697478991597,0.0022670752406382063,0.06666666666666667,0.8,0.034782608695652174,0.9663865546218487
NestedSearch(best-of-candidates),class_weight,41,LogReg L1 C=0.05 [S0],0.03436986554835756,0.29115044247787614,0.0423728813559322,118,5,0.0,0.0,0.0,0.5728719623741761,0.0,0.0,0.0,0.1694915254237288,0.4855738312893679,0.0,0.0,0.0,0.4745762711864407
NestedSearch(best-of-candidates),class_weight,42,kNN k=15 [S0],0.04467231615313685,0.47256637168141596,0.0423728813559322,118,5,0.0,0.0,0.0,0.14243463737256398,0.0,0.0,0.0,0.03389830508474576,0.0,0.08130081300813008,1.0,0.0423728813559322,1.0
NestedSearch(best-of-candidates),class_weight,43,LogReg L1 C=0.3 [S0],0.037823307673385924,0.36106194690265486,0.0423728813559322,118,5,0.0,0.0,0.0,0.7762612552198572,0.0,0.0,0.0,0.07627118644067797,0.17304345950625225,0.06956521739130435,0.8,0.03636363636363636,0.9322033898305084
NestedSearch(best-of-candidates),class_weight,44,HGB d=3 lr=.05 it=200 [S0],0.07289162112932605,0.5061946902654868,0.0423728813559322,118,5,0.0,0.2,0.4,0.017410864505847015,0.08,0.6,0.04285714285714286,0.5932203389830508,0.007688502301392987,0.08247422680412371,0.8,0.043478260869565216,0.7796610169491526
NestedSearch(best-of-candidates),class_weight,45,HGB d=3 lr=.05 it=200 [S0],0.051924027984189394,0.5350877192982456,0.04201680672268908,119,5,0.0,0.0,0.0,0.396203712343527,0.0,0.0,0.0,0.06722689075630252,0.00246877458162055,0.08196721311475409,1.0,0.042735042735042736,0.9831932773109243
NestedSearch(best-of-candidates),class_weight,46,SVM RBF [S0],0.041697136484370526,0.4,0.0423728813559322,118,5,0.0,0.0,0.2,0.05329787185832409,0.0,0.0,0.0,0.0,0.03601470409307645,0.08130081300813008,1.0,0.0423728813559322,1.0
NestedSearch(best-of-candidates),class_weight,47,LogReg L2 C=0.1 [S3],0.03891190155589196,0.3292035398230089,0.0423728813559322,118,5,0.0,0.0,0.2,0.7603507338932424,0.0,0.0,0.0,0.07627118644067797,0.1728378256155081,0.045454545454545456,0.4,0.024096385542168676,0.7033898305084746
NestedSearch(best-of-candidates),class_weight,48,HGB d=3 lr=.05 it=200 [S0],0.04262327146537673,0.4247787610619469,0.0423728813559322,118,5,0.0,0.0,0.0,0.14497604034054032,0.05714285714285714,0.2,0.03333333333333333,0.2542372881355932,0.0054627840639015325,0.08421052631578947,0.8,0.044444444444444446,0.7627118644067796
NestedSearch(best-of-candidates),class_weight,49,HGB d=3 lr=.05 it=200 [S0],0.056752598752598755,0.4460176991150443,0.0423728813559322,118,5,0.0,0.2,0.2,0.5109260400253303,0.0,0.0,0.0,0.0423728813559322,0.004681162702873205,0.06,0.6,0.031578947368421054,0.8050847457627118
