feature,bin,rule,n_normal,fp,fp_rate,n_defect,fn,fn_rate
Injection_Time,= -8.63,F1max,3,0,0.0,0,0,
Injection_Time,= -0.03,F1max,558,250,0.44802867383512546,25,14,0.56
Injection_Time,= 8.57,F1max,5,3,0.6,0,0,
Injection_Time,= -8.63,Recall80,3,3,1.0,0,0,
Injection_Time,= -0.03,Recall80,558,535,0.9587813620071685,25,1,0.04
Injection_Time,= 8.57,Recall80,5,5,1.0,0,0,
Filling_Time,= -1.19,F1max,234,95,0.405982905982906,10,5,0.5
Filling_Time,= 0.84,F1max,332,158,0.4759036144578313,15,9,0.6
Filling_Time,= -1.19,Recall80,234,225,0.9615384615384616,10,0,0.0
Filling_Time,= 0.84,Recall80,332,318,0.9578313253012049,15,1,0.06666666666666667
Plasticizing_Time,"Q1 [-2.74, -0.72]",F1max,145,51,0.35172413793103446,3,2,0.6666666666666666
Plasticizing_Time,"Q2 [-0.72, -0.04]",F1max,141,69,0.48936170212765956,7,4,0.5714285714285714
Plasticizing_Time,"Q3 [-0.04, 0.63]",F1max,140,74,0.5285714285714286,7,4,0.5714285714285714
Plasticizing_Time,"Q4 [0.63, 3.77]",F1max,140,59,0.42142857142857143,8,4,0.5
Plasticizing_Time,"Q1 [-2.74, -0.72]",Recall80,145,135,0.9310344827586207,3,1,0.3333333333333333
Plasticizing_Time,"Q2 [-0.72, -0.04]",Recall80,141,137,0.9716312056737588,7,0,0.0
Plasticizing_Time,"Q3 [-0.04, 0.63]",Recall80,140,137,0.9785714285714285,7,0,0.0
Plasticizing_Time,"Q4 [0.63, 3.77]",Recall80,140,134,0.9571428571428572,8,0,0.0
Cycle_Time,"Q1 [-1.40, -0.30]",F1max,143,61,0.42657342657342656,5,4,0.8
Cycle_Time,"Q2 [-0.30, 0.25]",F1max,142,64,0.4507042253521127,6,3,0.5
Cycle_Time,"Q3 [0.25, 0.25]",F1max,140,63,0.45,7,2,0.2857142857142857
Cycle_Time,"Q4 [0.25, 11.76]",F1max,141,65,0.46099290780141844,7,5,0.7142857142857143
Cycle_Time,"Q1 [-1.40, -0.30]",Recall80,143,135,0.9440559440559441,5,0,0.0
Cycle_Time,"Q2 [-0.30, 0.25]",Recall80,142,137,0.9647887323943662,6,0,0.0
Cycle_Time,"Q3 [0.25, 0.25]",Recall80,140,135,0.9642857142857143,7,0,0.0
Cycle_Time,"Q4 [0.25, 11.76]",Recall80,141,136,0.9645390070921985,7,1,0.14285714285714285
Clamp_Close_Time,= -1.81,F1max,86,32,0.37209302325581395,2,1,0.5
Clamp_Close_Time,= -0.39,F1max,243,130,0.5349794238683128,11,7,0.6363636363636364
Clamp_Close_Time,= 1.03,F1max,237,91,0.38396624472573837,12,6,0.5
Clamp_Close_Time,= -1.81,Recall80,86,81,0.9418604651162791,2,0,0.0
Clamp_Close_Time,= -0.39,Recall80,243,236,0.9711934156378601,11,0,0.0
Clamp_Close_Time,= 1.03,Recall80,237,226,0.9535864978902954,12,1,0.08333333333333333
Cushion_Position,"Q1 [-1.91, -1.11]",F1max,141,64,0.45390070921985815,7,7,1.0
Cushion_Position,"Q2 [-1.11, -0.32]",F1max,143,73,0.5104895104895105,5,1,0.2
Cushion_Position,"Q3 [-0.32, 0.48]",F1max,138,65,0.47101449275362317,9,3,0.3333333333333333
Cushion_Position,"Q4 [0.48, 2.87]",F1max,144,51,0.3541666666666667,4,3,0.75
Cushion_Position,"Q1 [-1.91, -1.11]",Recall80,141,136,0.9645390070921985,7,1,0.14285714285714285
Cushion_Position,"Q2 [-1.11, -0.32]",Recall80,143,137,0.958041958041958,5,0,0.0
Cushion_Position,"Q3 [-0.32, 0.48]",Recall80,138,137,0.9927536231884058,9,0,0.0
Cushion_Position,"Q4 [0.48, 2.87]",Recall80,144,133,0.9236111111111112,4,0,0.0
Plasticizing_Position,"Q1 [-2.54, -0.97]",F1max,140,58,0.4142857142857143,8,2,0.25
Plasticizing_Position,"Q2 [-0.97, -0.19]",F1max,142,78,0.5492957746478874,6,6,1.0
Plasticizing_Position,"Q3 [-0.19, 0.59]",F1max,139,70,0.5035971223021583,8,3,0.375
Plasticizing_Position,"Q4 [0.59, 2.93]",F1max,145,47,0.32413793103448274,3,3,1.0
Plasticizing_Position,"Q1 [-2.54, -0.97]",Recall80,140,136,0.9714285714285714,8,0,0.0
Plasticizing_Position,"Q2 [-0.97, -0.19]",Recall80,142,137,0.9647887323943662,6,0,0.0
Plasticizing_Position,"Q3 [-0.19, 0.59]",Recall80,139,134,0.9640287769784173,8,0,0.0
Plasticizing_Position,"Q4 [0.59, 2.93]",Recall80,145,136,0.9379310344827586,3,1,0.3333333333333333
Max_Injection_Speed,"Q1 [-2.52, -0.95]",F1max,140,70,0.5,8,6,0.75
Max_Injection_Speed,"Q2 [-0.95, -0.17]",F1max,146,63,0.4315068493150685,2,2,1.0
Max_Injection_Speed,"Q3 [-0.17, 0.62]",F1max,137,66,0.48175182481751827,10,3,0.3
Max_Injection_Speed,"Q4 [0.62, 2.19]",F1max,143,54,0.3776223776223776,5,3,0.6
Max_Injection_Speed,"Q1 [-2.52, -0.95]",Recall80,140,137,0.9785714285714285,8,1,0.125
Max_Injection_Speed,"Q2 [-0.95, -0.17]",Recall80,146,138,0.9452054794520548,2,0,0.0
Max_Injection_Speed,"Q3 [-0.17, 0.62]",Recall80,137,130,0.948905109489051,10,0,0.0
Max_Injection_Speed,"Q4 [0.62, 2.19]",Recall80,143,138,0.965034965034965,5,0,0.0
Max_Screw_RPM,= -2.01,F1max,44,19,0.4318181818181818,1,1,1.0
Max_Screw_RPM,= -0.67,F1max,243,107,0.4403292181069959,10,4,0.4
Max_Screw_RPM,= 0.68,F1max,236,114,0.4830508474576271,12,7,0.5833333333333334
Max_Screw_RPM,= 2.02,F1max,43,13,0.3023255813953488,2,2,1.0
Max_Screw_RPM,= -2.01,Recall80,44,41,0.9318181818181818,1,0,0.0
Max_Screw_RPM,= -0.67,Recall80,243,230,0.9465020576131687,10,1,0.1
Max_Screw_RPM,= 0.68,Recall80,236,230,0.9745762711864406,12,0,0.0
Max_Screw_RPM,= 2.02,Recall80,43,42,0.9767441860465116,2,0,0.0
Average_Screw_RPM,= -1.96,F1max,49,18,0.3673469387755102,1,1,1.0
Average_Screw_RPM,= -0.42,F1max,330,150,0.45454545454545453,15,9,0.6
Average_Screw_RPM,= 1.12,F1max,172,82,0.47674418604651164,8,3,0.375
Average_Screw_RPM,= 2.66,F1max,15,3,0.2,1,1,1.0
Average_Screw_RPM,= -1.96,Recall80,49,45,0.9183673469387755,1,0,0.0
Average_Screw_RPM,= -0.42,Recall80,330,320,0.9696969696969697,15,0,0.0
Average_Screw_RPM,= 1.12,Recall80,172,164,0.9534883720930233,8,1,0.125
Average_Screw_RPM,= 2.66,Recall80,15,14,0.9333333333333333,1,0,0.0
Max_Injection_Pressure,"Q1 [-3.39, -0.77]",F1max,139,59,0.4244604316546763,9,5,0.5555555555555556
Max_Injection_Pressure,"Q2 [-0.77, -0.11]",F1max,145,64,0.4413793103448276,3,0,0.0
Max_Injection_Pressure,"Q3 [-0.11, 0.55]",F1max,141,65,0.46099290780141844,6,2,0.3333333333333333
Max_Injection_Pressure,"Q4 [0.55, 2.52]",F1max,141,65,0.46099290780141844,7,7,1.0
Max_Injection_Pressure,"Q1 [-3.39, -0.77]",Recall80,139,134,0.9640287769784173,9,0,0.0
Max_Injection_Pressure,"Q2 [-0.77, -0.11]",Recall80,145,140,0.9655172413793104,3,0,0.0
Max_Injection_Pressure,"Q3 [-0.11, 0.55]",Recall80,141,133,0.9432624113475178,6,0,0.0
Max_Injection_Pressure,"Q4 [0.55, 2.52]",Recall80,141,136,0.9645390070921985,7,1,0.14285714285714285
Max_Switch_Over_Pressure,"Q1 [-13.79, -0.34]",F1max,142,54,0.38028169014084506,6,4,0.6666666666666666
Max_Switch_Over_Pressure,"Q2 [-0.34, 0.08]",F1max,141,70,0.49645390070921985,7,2,0.2857142857142857
Max_Switch_Over_Pressure,"Q3 [0.08, 0.50]",F1max,143,63,0.4405594405594406,4,1,0.25
Max_Switch_Over_Pressure,"Q4 [0.50, 1.55]",F1max,140,66,0.4714285714285714,8,7,0.875
Max_Switch_Over_Pressure,"Q1 [-13.79, -0.34]",Recall80,142,137,0.9647887323943662,6,0,0.0
Max_Switch_Over_Pressure,"Q2 [-0.34, 0.08]",Recall80,141,136,0.9645390070921985,7,0,0.0
Max_Switch_Over_Pressure,"Q3 [0.08, 0.50]",Recall80,143,135,0.9440559440559441,4,0,0.0
Max_Switch_Over_Pressure,"Q4 [0.50, 1.55]",Recall80,140,135,0.9642857142857143,8,1,0.125
Max_Back_Pressure,"Q1 [-2.57, -0.71]",F1max,142,53,0.3732394366197183,6,4,0.6666666666666666
Max_Back_Pressure,"Q2 [-0.71, -0.09]",F1max,140,68,0.4857142857142857,8,2,0.25
Max_Back_Pressure,"Q3 [-0.09, 0.85]",F1max,142,66,0.4647887323943662,5,3,0.6
Max_Back_Pressure,"Q4 [0.85, 2.09]",F1max,142,66,0.4647887323943662,6,5,0.8333333333333334
Max_Back_Pressure,"Q1 [-2.57, -0.71]",Recall80,142,134,0.9436619718309859,6,0,0.0
Max_Back_Pressure,"Q2 [-0.71, -0.09]",Recall80,140,138,0.9857142857142858,8,0,0.0
Max_Back_Pressure,"Q3 [-0.09, 0.85]",Recall80,142,137,0.9647887323943662,5,0,0.0
Max_Back_Pressure,"Q4 [0.85, 2.09]",Recall80,142,134,0.9436619718309859,6,1,0.16666666666666666
Average_Back_Pressure,"Q1 [-2.47, -0.84]",F1max,143,53,0.3706293706293706,5,3,0.6
Average_Back_Pressure,"Q2 [-0.84, 0.09]",F1max,140,67,0.4785714285714286,8,3,0.375
Average_Back_Pressure,"Q3 [0.09, 0.79]",F1max,142,69,0.4859154929577465,5,2,0.4
Average_Back_Pressure,"Q4 [0.79, 2.18]",F1max,141,64,0.45390070921985815,7,6,0.8571428571428571
Average_Back_Pressure,"Q1 [-2.47, -0.84]",Recall80,143,135,0.9440559440559441,5,0,0.0
Average_Back_Pressure,"Q2 [-0.84, 0.09]",Recall80,140,139,0.9928571428571429,8,0,0.0
Average_Back_Pressure,"Q3 [0.09, 0.79]",Recall80,142,134,0.9436619718309859,5,0,0.0
Average_Back_Pressure,"Q4 [0.79, 2.18]",Recall80,141,135,0.9574468085106383,7,1,0.14285714285714285
Barrel_Temperature_1,"Q1 [-3.17, -0.60]",F1max,141,54,0.3829787234042553,7,3,0.42857142857142855
Barrel_Temperature_1,"Q2 [-0.60, 0.10]",F1max,142,71,0.5,6,3,0.5
Barrel_Temperature_1,"Q3 [0.10, 0.56]",F1max,142,74,0.5211267605633803,5,4,0.8
Barrel_Temperature_1,"Q4 [0.56, 2.66]",F1max,141,54,0.3829787234042553,7,4,0.5714285714285714
Barrel_Temperature_1,"Q1 [-3.17, -0.60]",Recall80,141,135,0.9574468085106383,7,0,0.0
Barrel_Temperature_1,"Q2 [-0.60, 0.10]",Recall80,142,136,0.9577464788732394,6,0,0.0
Barrel_Temperature_1,"Q3 [0.10, 0.56]",Recall80,142,139,0.9788732394366197,5,0,0.0
Barrel_Temperature_1,"Q4 [0.56, 2.66]",Recall80,141,133,0.9432624113475178,7,1,0.14285714285714285
Barrel_Temperature_2,"Q1 [-2.19, -0.74]",F1max,142,57,0.4014084507042254,6,5,0.8333333333333334
Barrel_Temperature_2,"Q2 [-0.74, -0.01]",F1max,142,63,0.44366197183098594,6,2,0.3333333333333333
Barrel_Temperature_2,"Q3 [-0.01, 0.72]",F1max,139,71,0.5107913669064749,8,4,0.5
Barrel_Temperature_2,"Q4 [0.72, 3.14]",F1max,143,62,0.43356643356643354,5,3,0.6
Barrel_Temperature_2,"Q1 [-2.19, -0.74]",Recall80,142,136,0.9577464788732394,6,0,0.0
Barrel_Temperature_2,"Q2 [-0.74, -0.01]",Recall80,142,133,0.9366197183098591,6,0,0.0
Barrel_Temperature_2,"Q3 [-0.01, 0.72]",Recall80,139,135,0.9712230215827338,8,1,0.125
Barrel_Temperature_2,"Q4 [0.72, 3.14]",Recall80,143,139,0.972027972027972,5,0,0.0
Barrel_Temperature_3,"Q1 [-2.46, -0.62]",F1max,142,44,0.30985915492957744,6,3,0.5
Barrel_Temperature_3,"Q2 [-0.62, -0.00]",F1max,137,70,0.5109489051094891,11,4,0.36363636363636365
Barrel_Temperature_3,"Q3 [-0.00, 0.31]",F1max,144,91,0.6319444444444444,3,3,1.0
Barrel_Temperature_3,"Q4 [0.31, 2.46]",F1max,143,48,0.3356643356643357,5,4,0.8
Barrel_Temperature_3,"Q1 [-2.46, -0.62]",Recall80,142,136,0.9577464788732394,6,0,0.0
Barrel_Temperature_3,"Q2 [-0.62, -0.00]",Recall80,137,131,0.9562043795620438,11,0,0.0
Barrel_Temperature_3,"Q3 [-0.00, 0.31]",Recall80,144,143,0.9930555555555556,3,0,0.0
Barrel_Temperature_3,"Q4 [0.31, 2.46]",Recall80,143,133,0.9300699300699301,5,1,0.2
Barrel_Temperature_4,"Q1 [-2.29, -0.98]",F1max,142,62,0.43661971830985913,6,3,0.5
Barrel_Temperature_4,"Q2 [-0.98, 0.05]",F1max,142,64,0.4507042253521127,6,4,0.6666666666666666
Barrel_Temperature_4,"Q3 [0.05, 0.93]",F1max,140,61,0.4357142857142857,7,3,0.42857142857142855
Barrel_Temperature_4,"Q4 [0.93, 2.10]",F1max,142,66,0.4647887323943662,6,4,0.6666666666666666
Barrel_Temperature_4,"Q1 [-2.29, -0.98]",Recall80,142,133,0.9366197183098591,6,0,0.0
Barrel_Temperature_4,"Q2 [-0.98, 0.05]",Recall80,142,138,0.971830985915493,6,0,0.0
Barrel_Temperature_4,"Q3 [0.05, 0.93]",Recall80,140,139,0.9928571428571429,7,1,0.14285714285714285
Barrel_Temperature_4,"Q4 [0.93, 2.10]",Recall80,142,133,0.9366197183098591,6,0,0.0
Barrel_Temperature_5,"Q1 [-4.42, -0.66]",F1max,145,28,0.19310344827586207,3,2,0.6666666666666666
Barrel_Temperature_5,"Q2 [-0.66, -0.03]",F1max,143,70,0.48951048951048953,5,1,0.2
Barrel_Temperature_5,"Q3 [-0.03, 0.60]",F1max,139,74,0.5323741007194245,8,6,0.75
Barrel_Temperature_5,"Q4 [0.60, 4.36]",F1max,139,81,0.5827338129496403,9,5,0.5555555555555556
Barrel_Temperature_5,"Q1 [-4.42, -0.66]",Recall80,145,130,0.896551724137931,3,0,0.0
Barrel_Temperature_5,"Q2 [-0.66, -0.03]",Recall80,143,142,0.993006993006993,5,0,0.0
Barrel_Temperature_5,"Q3 [-0.03, 0.60]",Recall80,139,135,0.9712230215827338,8,1,0.125
Barrel_Temperature_5,"Q4 [0.60, 4.36]",Recall80,139,136,0.9784172661870504,9,0,0.0
Barrel_Temperature_6,"Q1 [-2.84, -0.85]",F1max,144,52,0.3611111111111111,4,4,1.0
Barrel_Temperature_6,"Q2 [-0.85, 0.14]",F1max,140,64,0.45714285714285713,8,2,0.25
Barrel_Temperature_6,"Q3 [0.14, 0.64]",F1max,139,74,0.5323741007194245,8,5,0.625
Barrel_Temperature_6,"Q4 [0.64, 2.63]",F1max,143,63,0.4405594405594406,5,3,0.6
Barrel_Temperature_6,"Q1 [-2.84, -0.85]",Recall80,144,135,0.9375,4,1,0.25
Barrel_Temperature_6,"Q2 [-0.85, 0.14]",Recall80,140,133,0.95,8,0,0.0
Barrel_Temperature_6,"Q3 [0.14, 0.64]",Recall80,139,136,0.9784172661870504,8,0,0.0
Barrel_Temperature_6,"Q4 [0.64, 2.63]",Recall80,143,139,0.972027972027972,5,0,0.0
Hopper_Temperature,"Q1 [-3.07, -0.53]",F1max,142,75,0.528169014084507,6,4,0.6666666666666666
Hopper_Temperature,"Q2 [-0.53, 0.08]",F1max,141,63,0.44680851063829785,7,5,0.7142857142857143
Hopper_Temperature,"Q3 [0.08, 0.79]",F1max,138,67,0.4855072463768116,9,3,0.3333333333333333
Hopper_Temperature,"Q4 [0.79, 2.12]",F1max,145,48,0.3310344827586207,3,2,0.6666666666666666
Hopper_Temperature,"Q1 [-3.07, -0.53]",Recall80,142,138,0.971830985915493,6,1,0.16666666666666666
Hopper_Temperature,"Q2 [-0.53, 0.08]",Recall80,141,134,0.950354609929078,7,0,0.0
Hopper_Temperature,"Q3 [0.08, 0.79]",Recall80,138,138,1.0,9,0,0.0
Hopper_Temperature,"Q4 [0.79, 2.12]",Recall80,145,133,0.9172413793103448,3,0,0.0
Mold_Temperature_3,"Q1 [-1.96, -0.82]",F1max,144,66,0.4583333333333333,4,4,1.0
Mold_Temperature_3,"Q2 [-0.82, 0.17]",F1max,136,71,0.5220588235294118,12,6,0.5
Mold_Temperature_3,"Q3 [0.17, 0.89]",F1max,144,61,0.4236111111111111,3,1,0.3333333333333333
Mold_Temperature_3,"Q4 [1.03, 1.60]",F1max,142,55,0.3873239436619718,6,3,0.5
Mold_Temperature_3,"Q1 [-1.96, -0.82]",Recall80,144,138,0.9583333333333334,4,1,0.25
Mold_Temperature_3,"Q2 [-0.82, 0.17]",Recall80,136,133,0.9779411764705882,12,0,0.0
Mold_Temperature_3,"Q3 [0.17, 0.89]",Recall80,144,139,0.9652777777777778,3,0,0.0
Mold_Temperature_3,"Q4 [1.03, 1.60]",Recall80,142,133,0.9366197183098591,6,0,0.0
Mold_Temperature_4,"Q1 [-2.06, -0.85]",F1max,142,61,0.4295774647887324,6,4,0.6666666666666666
Mold_Temperature_4,"Q2 [-0.85, 0.00]",F1max,139,76,0.5467625899280576,9,5,0.5555555555555556
Mold_Temperature_4,"Q3 [0.00, 1.09]",F1max,143,59,0.4125874125874126,4,2,0.5
Mold_Temperature_4,"Q4 [1.09, 1.82]",F1max,142,57,0.4014084507042254,6,3,0.5
Mold_Temperature_4,"Q1 [-2.06, -0.85]",Recall80,142,136,0.9577464788732394,6,0,0.0
Mold_Temperature_4,"Q2 [-0.85, 0.00]",Recall80,139,136,0.9784172661870504,9,1,0.1111111111111111
Mold_Temperature_4,"Q3 [0.00, 1.09]",Recall80,143,137,0.958041958041958,4,0,0.0
Mold_Temperature_4,"Q4 [1.09, 1.82]",Recall80,142,134,0.9436619718309859,6,0,0.0
Regime(1891 이후),= 0.00,F1max,325,146,0.4492307692307692,15,7,0.4666666666666667
Regime(1891 이후),= 1.00,F1max,241,107,0.44398340248962653,10,7,0.7
Regime(1891 이후),= 0.00,Recall80,325,313,0.963076923076923,15,0,0.0
Regime(1891 이후),= 1.00,Recall80,241,230,0.9543568464730291,10,1,0.1
