feature_a,feature_b,mean_abs_interaction,share_of_total_abs_shap
Barrel_Temperature_4,Barrel_Temperature_5,0.28355624686101694,0.06081242556618696
Cycle_Time,Average_Back_Pressure,0.17795239038380758,0.03816426763415489
Barrel_Temperature_4,Mold_Temperature_4,0.17750202974497778,0.03806768177815645
Barrel_Temperature_3,Barrel_Temperature_5,0.1685283410903262,0.036143154354034444
Barrel_Temperature_2,Hopper_Temperature,0.13710832298750514,0.02940471168765728
Plasticizing_Position,Hopper_Temperature,0.13584339504664875,0.029133430990788616
Barrel_Temperature_5,Mold_Temperature_4,0.13294481322797658,0.028511791393541788
Average_Back_Pressure,Mold_Temperature_3,0.11530125363239832,0.024727894313134373
Average_Back_Pressure,Barrel_Temperature_4,0.09791397199243343,0.020998959464286013
Barrel_Temperature_2,Barrel_Temperature_3,0.0918844167611436,0.019705840787624492
Plasticizing_Time,Average_Back_Pressure,0.08240541895481603,0.017672943064789687
Barrel_Temperature_5,Mold_Temperature_3,0.08220145262478303,0.017629199760240945
Max_Injection_Speed,Hopper_Temperature,0.07166454427823099,0.015369418987939705
Average_Back_Pressure,Barrel_Temperature_6,0.06888700671251993,0.014773738947940863
Average_Back_Pressure,Barrel_Temperature_3,0.06284075370599526,0.013477039210291157
Max_Back_Pressure,Average_Back_Pressure,0.057452421074578756,0.01232143928716733
Plasticizing_Time,Max_Injection_Speed,0.05644556519660866,0.012105505592132406
Max_Back_Pressure,Mold_Temperature_3,0.05576903873201692,0.01196041545313185
Max_Injection_Speed,Mold_Temperature_4,0.05548273234141769,0.011899013222497964
Barrel_Temperature_3,Barrel_Temperature_4,0.0540795056151306,0.011598072503365638
Plasticizing_Time,Barrel_Temperature_3,0.05400457968153336,0.011582003635864748
Plasticizing_Position,Mold_Temperature_4,0.051285819962162256,0.010998929290309455
Hopper_Temperature,Mold_Temperature_3,0.049468205565717106,0.010609117598923839
Clamp_Close_Time,Hopper_Temperature,0.04558287167230189,0.009775855835839122
Plasticizing_Position,Barrel_Temperature_2,0.04528257280430433,0.009711452731481971
Barrel_Temperature_1,Barrel_Temperature_4,0.045264026910039445,0.009707475316676173
Barrel_Temperature_1,Barrel_Temperature_3,0.042295634943783016,0.009070864000587923
Clamp_Close_Time,Average_Back_Pressure,0.03948591428630401,0.008468281866580244
Clamp_Close_Time,Mold_Temperature_4,0.03733702994629315,0.008007424909895715
Cycle_Time,Barrel_Temperature_4,0.03709747926717976,0.007956050066265298
Average_Back_Pressure,Hopper_Temperature,0.03639941205407971,0.007806340225953971
Barrel_Temperature_2,Barrel_Temperature_6,0.0360086207198382,0.007722529803194634
Hopper_Temperature,Mold_Temperature_4,0.03403572683691234,0.007299416351336104
Max_Injection_Pressure,Barrel_Temperature_3,0.032723737642040056,0.007018042739786228
Barrel_Temperature_3,Mold_Temperature_4,0.028364665916462417,0.00608318156926407
Barrel_Temperature_4,Barrel_Temperature_6,0.028125418912915943,0.0060318718529162076
Average_Back_Pressure,Barrel_Temperature_5,0.027626119201450933,0.005924790358945217
Max_Back_Pressure,Barrel_Temperature_2,0.027308780051311494,0.005856732738417639
Max_Screw_RPM,Hopper_Temperature,0.026469307957401017,0.0056766967321897665
Max_Back_Pressure,Barrel_Temperature_1,0.025948840789458364,0.005565075594371314
Barrel_Temperature_1,Hopper_Temperature,0.02591409779869699,0.005557624495822044
Barrel_Temperature_5,Hopper_Temperature,0.024379003405083012,0.005228402993625771
Clamp_Close_Time,Mold_Temperature_3,0.02428723945909849,0.005208722989405732
Barrel_Temperature_5,Barrel_Temperature_6,0.02416469183636143,0.005182441014423663
Cushion_Position,Barrel_Temperature_6,0.02404260622860392,0.005156258124726667
Average_Back_Pressure,Mold_Temperature_4,0.02321338880433028,0.004978421369408974
Cycle_Time,Barrel_Temperature_6,0.022282019504794602,0.004778676779650716
Clamp_Close_Time,Max_Screw_RPM,0.02065981369299421,0.004430773069980373
Barrel_Temperature_3,Hopper_Temperature,0.020595842551906055,0.004417053604093542
Plasticizing_Time,Barrel_Temperature_4,0.019744958360529925,0.004234570121093895
Barrel_Temperature_2,Barrel_Temperature_4,0.01871767444075473,0.004014255359566918
Max_Injection_Speed,Barrel_Temperature_5,0.018399495634338715,0.003946017663532677
Barrel_Temperature_3,Mold_Temperature_3,0.01738072622560725,0.0037275289526563595
Average_Back_Pressure,Barrel_Temperature_2,0.017231750563028544,0.0036955791314408834
Plasticizing_Time,Barrel_Temperature_5,0.01664365956959282,0.0035694551607636156
Clamp_Close_Time,Barrel_Temperature_4,0.016595031238040587,0.0035590261653679423
Max_Injection_Pressure,Average_Back_Pressure,0.016391868094842235,0.003515455114966792
Cycle_Time,Hopper_Temperature,0.015572565454333808,0.0033397447174930944
Plasticizing_Time,Barrel_Temperature_2,0.015531364399273695,0.0033309086007725923
Cycle_Time,Barrel_Temperature_5,0.01541353777634975,0.003305639107274924
Plasticizing_Position,Barrel_Temperature_5,0.015268235311716094,0.0032744770524341833
Barrel_Temperature_4,Hopper_Temperature,0.015219974049416704,0.0032641267799439766
Max_Injection_Speed,Barrel_Temperature_4,0.014732485721943668,0.0031595783950749616
Mold_Temperature_3,Mold_Temperature_4,0.014727377875287008,0.003158482949116531
Barrel_Temperature_6,Mold_Temperature_3,0.014388117220540956,0.003085723969045842
Max_Screw_RPM,Mold_Temperature_4,0.01425651142923129,0.0030574993487925595
Cycle_Time,Max_Injection_Pressure,0.01170016005531532,0.0025092556427617017
Plasticizing_Time,Plasticizing_Position,0.01169485928457165,0.0025081188216552674
Average_Back_Pressure,Barrel_Temperature_1,0.010585109223920598,0.0022701180944362633
Max_Injection_Speed,Mold_Temperature_3,0.010407172699284845,0.0022319572294237514
Max_Switch_Over_Pressure,Barrel_Temperature_4,0.010334385532682348,0.0022163470490796817
Plasticizing_Position,Average_Back_Pressure,0.009736586791866645,0.0020881411222773228
Plasticizing_Time,Hopper_Temperature,0.009396614719514465,0.0020152295691961706
Max_Switch_Over_Pressure,Average_Back_Pressure,0.009323995323673463,0.0019996553695333895
Max_Screw_RPM,Barrel_Temperature_2,0.009188040034815754,0.001970497941419872
Max_Injection_Speed,Average_Back_Pressure,0.009122197714368998,0.0019563771761198718
Barrel_Temperature_6,Hopper_Temperature,0.008969772674363784,0.0019236875898301948
Plasticizing_Time,Max_Back_Pressure,0.008163661299375874,0.0017508062354880472
Plasticizing_Position,Barrel_Temperature_3,0.008023764164636021,0.0017208034258604393
Max_Switch_Over_Pressure,Barrel_Temperature_5,0.007895343642315242,0.0016932619290983134
Cycle_Time,Barrel_Temperature_1,0.007608774868752723,0.0016318034269324068
Max_Back_Pressure,Barrel_Temperature_3,0.007564406055164909,0.0016222879420730962
Max_Injection_Speed,Barrel_Temperature_6,0.007450282381133202,0.0015978125954382726
Max_Injection_Speed,Max_Switch_Over_Pressure,0.0063453967832246185,0.0013608551172455924
Barrel_Temperature_3,Barrel_Temperature_6,0.0061729890121315365,0.0013238799672967035
Max_Back_Pressure,Barrel_Temperature_5,0.005705856151363479,0.0012236970842198892
Barrel_Temperature_2,Barrel_Temperature_5,0.005635295609758422,0.0012085644333551368
Cushion_Position,Average_Back_Pressure,0.005287257354085408,0.0011339229794933405
Max_Back_Pressure,Hopper_Temperature,0.0049145371068844736,0.0010539881427869314
Max_Screw_RPM,Barrel_Temperature_3,0.004895719159470382,0.0010499523825485445
Plasticizing_Time,Mold_Temperature_3,0.004827312194718409,0.001035281595012599
Plasticizing_Time,Barrel_Temperature_6,0.004786588383978632,0.0010265478297127712
Barrel_Temperature_1,Barrel_Temperature_2,0.004345224590344167,0.0009318914673679787
Barrel_Temperature_6,Mold_Temperature_4,0.004268477295030575,0.0009154319845128838
Max_Injection_Speed,Barrel_Temperature_2,0.003993187900357816,0.0008563924958469778
Max_Switch_Over_Pressure,Barrel_Temperature_1,0.003630612298799437,0.0007786333139352086
Plasticizing_Time,Max_Switch_Over_Pressure,0.003533185927905662,0.000757738927041079
Max_Back_Pressure,Barrel_Temperature_4,0.0035046212850952303,0.0007516128577551305
Average_Screw_RPM,Barrel_Temperature_6,0.0033247223734297207,0.0007130311326257982
Plasticizing_Position,Barrel_Temperature_6,0.0031635354416612127,0.0006784624415850436
Plasticizing_Time,Average_Screw_RPM,0.00311753127830986,0.0006685962341200038
Plasticizing_Time,Cycle_Time,0.0029609753269918995,0.0006350207187086522
Plasticizing_Time,Mold_Temperature_4,0.0027798676488278375,0.0005961797574540931
Cycle_Time,Barrel_Temperature_2,0.0027418111191527474,0.0005880180262145477
Max_Screw_RPM,Average_Back_Pressure,0.00213225082760584,0.00045728967771877795
Clamp_Close_Time,Barrel_Temperature_5,0.0021304748899633095,0.00045690880416408776
Cycle_Time,Plasticizing_Position,0.002063190791980279,0.0004424788304086988
Max_Switch_Over_Pressure,Barrel_Temperature_3,0.0018963640010947582,0.000406700596229488
Max_Switch_Over_Pressure,Hopper_Temperature,0.0016765029655994486,0.00035954845973461947
Plasticizing_Time,Max_Screw_RPM,0.0016259624544875068,0.0003487093718848693
Barrel_Temperature_2,Mold_Temperature_4,0.0014404015268238905,0.0003089133517779054
Plasticizing_Time,Cushion_Position,0.0011604953600214266,0.00024888373464682995
Average_Screw_RPM,Hopper_Temperature,0.0011085098688212317,0.00023773475151163195
Cycle_Time,Barrel_Temperature_3,0.001052202468017023,0.00022565887711938223
Max_Injection_Pressure,Barrel_Temperature_5,0.000889142906057082,0.0001906885755149734
Cushion_Position,Barrel_Temperature_3,0.0008562314127392753,0.0001836302660620268
Clamp_Close_Time,Barrel_Temperature_3,0.0007821184469842019,0.000167735750376471
Barrel_Temperature_4,Mold_Temperature_3,0.0006886696298124497,0.00014769440301976543
Max_Switch_Over_Pressure,Mold_Temperature_4,0.0006589656336450136,0.00014132398418418288
Barrel_Temperature_1,Barrel_Temperature_5,0.000596722814157214,0.00012797517995562826
Cushion_Position,Mold_Temperature_3,0.00030068230511784205,6.44853375704703e-05
Max_Switch_Over_Pressure,Mold_Temperature_3,0.00019375986293845344,4.1554391317764354e-05
Cushion_Position,Barrel_Temperature_5,1.101230513187238e-05,2.361735964407686e-06
Clamp_Close_Time,Max_Switch_Over_Pressure,9.735627614236336e-06,2.0879354138194993e-06
Max_Injection_Speed,Barrel_Temperature_3,1.8954275543350647e-18,4.0649976271056196e-19
Plasticizing_Position,Barrel_Temperature_1,0.0,0.0
Plasticizing_Position,Max_Back_Pressure,0.0,0.0
Plasticizing_Position,Max_Switch_Over_Pressure,0.0,0.0
Plasticizing_Position,Max_Injection_Pressure,0.0,0.0
Plasticizing_Position,Max_Screw_RPM,0.0,0.0
Plasticizing_Position,Average_Screw_RPM,0.0,0.0
Plasticizing_Position,Max_Injection_Speed,0.0,0.0
Cushion_Position,Mold_Temperature_4,0.0,0.0
Cushion_Position,Barrel_Temperature_2,0.0,0.0
Cushion_Position,Hopper_Temperature,0.0,0.0
Cushion_Position,Barrel_Temperature_4,0.0,0.0
Cushion_Position,Max_Screw_RPM,0.0,0.0
Cushion_Position,Max_Injection_Pressure,0.0,0.0
Cushion_Position,Max_Switch_Over_Pressure,0.0,0.0
Cushion_Position,Max_Back_Pressure,0.0,0.0
Cushion_Position,Barrel_Temperature_1,0.0,0.0
Clamp_Close_Time,Barrel_Temperature_6,0.0,0.0
Cushion_Position,Average_Screw_RPM,0.0,0.0
Cushion_Position,Max_Injection_Speed,0.0,0.0
Cushion_Position,Plasticizing_Position,0.0,0.0
Cycle_Time,Cushion_Position,0.0,0.0
Cycle_Time,Max_Injection_Speed,0.0,0.0
Cycle_Time,Mold_Temperature_4,0.0,0.0
Cycle_Time,Mold_Temperature_3,0.0,0.0
Clamp_Close_Time,Max_Injection_Speed,0.0,0.0
Clamp_Close_Time,Plasticizing_Position,0.0,0.0
Clamp_Close_Time,Cushion_Position,0.0,0.0
Clamp_Close_Time,Average_Screw_RPM,0.0,0.0
Clamp_Close_Time,Max_Injection_Pressure,0.0,0.0
Clamp_Close_Time,Max_Back_Pressure,0.0,0.0
Clamp_Close_Time,Barrel_Temperature_1,0.0,0.0
Clamp_Close_Time,Barrel_Temperature_2,0.0,0.0
Cycle_Time,Average_Screw_RPM,0.0,0.0
Cycle_Time,Max_Screw_RPM,0.0,0.0
Cycle_Time,Max_Back_Pressure,0.0,0.0
Cycle_Time,Max_Switch_Over_Pressure,0.0,0.0
Cycle_Time,Clamp_Close_Time,0.0,0.0
Filling_Time,Cycle_Time,0.0,0.0
Filling_Time,Plasticizing_Time,0.0,0.0
Injection_Time,Mold_Temperature_4,0.0,0.0
Injection_Time,Mold_Temperature_3,0.0,0.0
Injection_Time,Hopper_Temperature,0.0,0.0
Injection_Time,Barrel_Temperature_6,0.0,0.0
Injection_Time,Barrel_Temperature_5,0.0,0.0
Injection_Time,Barrel_Temperature_4,0.0,0.0
Injection_Time,Barrel_Temperature_3,0.0,0.0
Injection_Time,Barrel_Temperature_2,0.0,0.0
Filling_Time,Average_Screw_RPM,0.0,0.0
Plasticizing_Time,Clamp_Close_Time,0.0,0.0
Filling_Time,Mold_Temperature_4,0.0,0.0
Filling_Time,Mold_Temperature_3,0.0,0.0
Filling_Time,Hopper_Temperature,0.0,0.0
Filling_Time,Barrel_Temperature_5,0.0,0.0
Filling_Time,Barrel_Temperature_6,0.0,0.0
Filling_Time,Barrel_Temperature_4,0.0,0.0
Filling_Time,Barrel_Temperature_3,0.0,0.0
Filling_Time,Max_Back_Pressure,0.0,0.0
Filling_Time,Barrel_Temperature_2,0.0,0.0
Filling_Time,Barrel_Temperature_1,0.0,0.0
Filling_Time,Average_Back_Pressure,0.0,0.0
Filling_Time,Max_Injection_Pressure,0.0,0.0
Filling_Time,Max_Switch_Over_Pressure,0.0,0.0
Plasticizing_Time,Max_Injection_Pressure,0.0,0.0
Plasticizing_Time,Barrel_Temperature_1,0.0,0.0
Injection_Time,Average_Back_Pressure,0.0,0.0
Injection_Time,Max_Back_Pressure,0.0,0.0
Injection_Time,Max_Switch_Over_Pressure,0.0,0.0
Injection_Time,Max_Injection_Pressure,0.0,0.0
Injection_Time,Average_Screw_RPM,0.0,0.0
Injection_Time,Max_Screw_RPM,0.0,0.0
Injection_Time,Max_Injection_Speed,0.0,0.0
Injection_Time,Plasticizing_Position,0.0,0.0
Injection_Time,Cushion_Position,0.0,0.0
Injection_Time,Clamp_Close_Time,0.0,0.0
Injection_Time,Cycle_Time,0.0,0.0
Injection_Time,Plasticizing_Time,0.0,0.0
Injection_Time,Filling_Time,0.0,0.0
Injection_Time,Barrel_Temperature_1,0.0,0.0
Filling_Time,Max_Injection_Speed,0.0,0.0
Filling_Time,Max_Screw_RPM,0.0,0.0
Filling_Time,Cushion_Position,0.0,0.0
Filling_Time,Plasticizing_Position,0.0,0.0
Filling_Time,Clamp_Close_Time,0.0,0.0
Max_Switch_Over_Pressure,Max_Back_Pressure,0.0,0.0
Max_Injection_Pressure,Barrel_Temperature_4,0.0,0.0
Max_Injection_Pressure,Mold_Temperature_4,0.0,0.0
Max_Injection_Pressure,Mold_Temperature_3,0.0,0.0
Max_Injection_Pressure,Hopper_Temperature,0.0,0.0
Max_Injection_Speed,Barrel_Temperature_1,0.0,0.0
Max_Injection_Speed,Max_Back_Pressure,0.0,0.0
Max_Screw_RPM,Average_Screw_RPM,0.0,0.0
Max_Screw_RPM,Max_Injection_Pressure,0.0,0.0
Max_Screw_RPM,Max_Back_Pressure,0.0,0.0
Max_Screw_RPM,Max_Switch_Over_Pressure,0.0,0.0
Max_Screw_RPM,Barrel_Temperature_1,0.0,0.0
Max_Screw_RPM,Barrel_Temperature_4,0.0,0.0
Max_Injection_Speed,Max_Injection_Pressure,0.0,0.0
Plasticizing_Position,Barrel_Temperature_4,0.0,0.0
Plasticizing_Position,Mold_Temperature_3,0.0,0.0
Max_Injection_Speed,Max_Screw_RPM,0.0,0.0
Max_Injection_Speed,Average_Screw_RPM,0.0,0.0
Max_Injection_Pressure,Barrel_Temperature_6,0.0,0.0
Max_Injection_Pressure,Barrel_Temperature_1,0.0,0.0
Max_Injection_Pressure,Barrel_Temperature_2,0.0,0.0
Average_Screw_RPM,Mold_Temperature_4,0.0,0.0
Average_Screw_RPM,Mold_Temperature_3,0.0,0.0
Max_Injection_Pressure,Max_Switch_Over_Pressure,0.0,0.0
Max_Injection_Pressure,Max_Back_Pressure,0.0,0.0
Average_Screw_RPM,Barrel_Temperature_3,0.0,0.0
Average_Screw_RPM,Barrel_Temperature_2,0.0,0.0
Average_Screw_RPM,Barrel_Temperature_5,0.0,0.0
Average_Screw_RPM,Barrel_Temperature_4,0.0,0.0
Max_Screw_RPM,Barrel_Temperature_5,0.0,0.0
Max_Screw_RPM,Barrel_Temperature_6,0.0,0.0
Average_Screw_RPM,Max_Injection_Pressure,0.0,0.0
Max_Screw_RPM,Mold_Temperature_3,0.0,0.0
Average_Screw_RPM,Barrel_Temperature_1,0.0,0.0
Average_Screw_RPM,Average_Back_Pressure,0.0,0.0
Average_Screw_RPM,Max_Switch_Over_Pressure,0.0,0.0
Average_Screw_RPM,Max_Back_Pressure,0.0,0.0
Max_Back_Pressure,Mold_Temperature_4,0.0,0.0
Max_Switch_Over_Pressure,Barrel_Temperature_2,0.0,0.0
Max_Switch_Over_Pressure,Barrel_Temperature_6,0.0,0.0
Max_Back_Pressure,Barrel_Temperature_6,0.0,0.0
Barrel_Temperature_2,Mold_Temperature_3,0.0,0.0
Barrel_Temperature_1,Mold_Temperature_4,0.0,0.0
Barrel_Temperature_1,Barrel_Temperature_6,0.0,0.0
Barrel_Temperature_1,Mold_Temperature_3,0.0,0.0
